2026-08-18T23:40:01+02:00 nezha audit[3099862]: NETFILTER_CFG table=filter:9726 family=2 entries=1 op=nft_unregister_rule pid=3099862 comm="iptables"
2026-08-18T23:40:01+02:00 nezha audit[3099862]: SYSCALL arch=c000003e syscall=46 success=yes exit=584 a0=3 a1=7ffcc30999c0 a2=0 a3=0 items=0 ppid=1669414 pid=3099862 auid=1000 uid=1000 gid=1000 euid=1000 suid=1000 fsuid=1000 egid=1000 sgid=1000 fsgid=1000 tty=(none) ses=19 comm="iptables" exe="/usr/sbin/xtables-nft-multi" key=(null)
2026-08-18T23:40:01+02:00 nezha audit: PROCTITLE proctitle=69707461626C6573002D740066696C746572002D44004F55545055540034
2026-08-18T23:40:01+02:00 nezha kernel: kauditd_printk_skb: 8 callbacks suppressed
2026-08-18T23:40:01+02:00 nezha kernel: audit: type=1325 audit(1787089201.341:10994): table=filter:9726 family=2 entries=1 op=nft_unregister_rule pid=3099862 comm="iptables"
2026-08-18T23:40:01+02:00 nezha kernel: audit: type=1300 audit(1787089201.341:10994): arch=c000003e syscall=46 success=yes exit=584 a0=3 a1=7ffcc30999c0 a2=0 a3=0 items=0 ppid=1669414 pid=3099862 auid=1000 uid=1000 gid=1000 euid=1000 suid=1000 fsuid=1000 egid=1000 sgid=1000 fsgid=1000 tty=(none) ses=19 comm="iptables" exe="/usr/sbin/xtables-nft-multi" key=(null)
2026-08-18T23:40:01+02:00 nezha kernel: audit: type=1327 audit(1787089201.341:10994): proctitle=69707461626C6573002D740066696C746572002D44004F55545055540034
2026-08-18T23:40:01+02:00 nezha audit[3099866]: NETFILTER_CFG table=filter:9727 family=2 entries=1 op=nft_unregister_rule pid=3099866 comm="iptables"
2026-08-18T23:40:01+02:00 nezha audit[3099866]: SYSCALL arch=c000003e syscall=46 success=yes exit=296 a0=3 a1=7ffdf1aed340 a2=0 a3=0 items=0 ppid=1669414 pid=3099866 auid=1000 uid=1000 gid=1000 euid=1000 suid=1000 fsuid=1000 egid=1000 sgid=1000 fsgid=1000 tty=(none) ses=19 comm="iptables" exe="/usr/sbin/xtables-nft-multi" key=(null)
2026-08-18T23:40:01+02:00 nezha audit: PROCTITLE proctitle=69707461626C6573002D740066696C746572002D44004F55545055540034
2026-08-18T23:40:01+02:00 nezha kernel: audit: type=1325 audit(1787089201.351:10995): table=filter:9727 family=2 entries=1 op=nft_unregister_rule pid=3099866 comm="iptables"
2026-08-18T23:40:01+02:00 nezha kernel: audit: type=1300 audit(1787089201.351:10995): arch=c000003e syscall=46 success=yes exit=296 a0=3 a1=7ffdf1aed340 a2=0 a3=0 items=0 ppid=1669414 pid=3099866 auid=1000 uid=1000 gid=1000 euid=1000 suid=1000 fsuid=1000 egid=1000 sgid=1000 fsgid=1000 tty=(none) ses=19 comm="iptables" exe="/usr/sbin/xtables-nft-multi" key=(null)
2026-08-18T23:40:01+02:00 nezha kernel: audit: type=1327 audit(1787089201.351:10995): proctitle=69707461626C6573002D740066696C746572002D44004F55545055540034
2026-08-18T23:40:01+02:00 nezha audit[3099868]: NETFILTER_CFG table=filter:9728 family=10 entries=1 op=nft_unregister_rule pid=3099868 comm="ip6tables"
2026-08-18T23:40:01+02:00 nezha audit[3099868]: SYSCALL arch=c000003e syscall=46 success=yes exit=296 a0=3 a1=7ffd373639c0 a2=0 a3=0 items=0 ppid=1669414 pid=3099868 auid=1000 uid=1000 gid=1000 euid=1000 suid=1000 fsuid=1000 egid=1000 sgid=1000 fsgid=1000 tty=(none) ses=19 comm="ip6tables" exe="/usr/sbin/xtables-nft-multi" key=(null)
2026-08-18T23:40:01+02:00 nezha audit: PROCTITLE proctitle=6970367461626C6573002D740066696C746572002D44004F55545055540035
2026-08-18T23:40:01+02:00 nezha kernel: audit: type=1325 audit(1787089201.369:10996): table=filter:9728 family=10 entries=1 op=nft_unregister_rule pid=3099868 comm="ip6tables"
2026-08-18T23:40:01+02:00 nezha kernel: audit: type=1300 audit(1787089201.369:10996): arch=c000003e syscall=46 success=yes exit=296 a0=3 a1=7ffd373639c0 a2=0 a3=0 items=0 ppid=1669414 pid=3099868 auid=1000 uid=1000 gid=1000 euid=1000 suid=1000 fsuid=1000 egid=1000 sgid=1000 fsgid=1000 tty=(none) ses=19 comm="ip6tables" exe="/usr/sbin/xtables-nft-multi" key=(null)
2026-08-18T23:40:01+02:00 nezha kernel: audit: type=1327 audit(1787089201.369:10996): proctitle=6970367461626C6573002D740066696C746572002D44004F55545055540035
2026-08-18T23:40:01+02:00 nezha audit[3099870]: NETFILTER_CFG table=filter:9729 family=2 entries=1 op=nft_register_rule pid=3099870 comm="iptables"
2026-08-18T23:40:01+02:00 nezha audit[3099870]: SYSCALL arch=c000003e syscall=46 success=yes exit=580 a0=3 a1=7ffd9149fa10 a2=0 a3=0 items=0 ppid=1669414 pid=3099870 auid=1000 uid=1000 gid=1000 euid=1000 suid=1000 fsuid=1000 egid=1000 sgid=1000 fsgid=1000 tty=(none) ses=19 comm="iptables" exe="/usr/sbin/xtables-nft-multi" key=(null)
2026-08-18T23:40:01+02:00 nezha audit: PROCTITLE proctitle=69707461626C6573002D2D617070656E64004F5554505554002D640034352E3133342E37392E3637002D6F0065746830002D7000756470002D6D00756470002D2D64706F7274003531383230002D6A00414343455054
2026-08-18T23:40:01+02:00 nezha kernel: audit: type=1325 audit(1787089201.382:10997): table=filter:9729 family=2 entries=1 op=nft_register_rule pid=3099870 comm="iptables"
2026-08-18T23:40:01+02:00 nezha audit[3099873]: NETFILTER_CFG table=filter:9730 family=2 entries=1 op=nft_register_rule pid=3099873 comm="iptables"
2026-08-18T23:40:01+02:00 nezha audit[3099873]: SYSCALL arch=c000003e syscall=46 success=yes exit=292 a0=3 a1=7ffc47896fd0 a2=0 a3=0 items=0 ppid=1669414 pid=3099873 auid=1000 uid=1000 gid=1000 euid=1000 suid=1000 fsuid=1000 egid=1000 sgid=1000 fsgid=1000 tty=(none) ses=19 comm="iptables" exe="/usr/sbin/xtables-nft-multi" key=(null)
2026-08-18T23:40:01+02:00 nezha audit: PROCTITLE proctitle=69707461626C6573002D2D617070656E64004F5554505554002D6F0074756E30002D6A00414343455054
2026-08-18T23:40:01+02:00 nezha audit[3099874]: NETFILTER_CFG table=filter:9731 family=10 entries=1 op=nft_register_rule pid=3099874 comm="ip6tables"
2026-08-18T23:40:01+02:00 nezha audit[3099874]: SYSCALL arch=c000003e syscall=46 success=yes exit=292 a0=3 a1=7ffd49901340 a2=0 a3=0 items=0 ppid=1669414 pid=3099874 auid=1000 uid=1000 gid=1000 euid=1000 suid=1000 fsuid=1000 egid=1000 sgid=1000 fsgid=1000 tty=(none) ses=19 comm="ip6tables" exe="/usr/sbin/xtables-nft-multi" key=(null)
2026-08-18T23:40:01+02:00 nezha audit: PROCTITLE proctitle=6970367461626C6573002D2D617070656E64004F5554505554002D6F0074756E30002D6A00414343455054
2026-08-18T23:40:07+02:00 nezha audit[3099949]: NETFILTER_CFG table=filter:9732 family=2 entries=1 op=nft_unregister_rule pid=3099949 comm="iptables"
2026-08-18T23:40:07+02:00 nezha audit[3099949]: SYSCALL arch=c000003e syscall=46 success=yes exit=584 a0=3 a1=7fff1c4097f0 a2=0 a3=0 items=0 ppid=1669414 pid=3099949 auid=1000 uid=1000 gid=1000 euid=1000 suid=1000 fsuid=1000 egid=1000 sgid=1000 fsgid=1000 tty=(none) ses=19 comm="iptables" exe="/usr/sbin/xtables-nft-multi" key=(null)
2026-08-18T23:40:07+02:00 nezha audit: PROCTITLE proctitle=69707461626C6573002D740066696C746572002D44004F55545055540034
2026-08-18T23:40:07+02:00 nezha kernel: kauditd_printk_skb: 8 callbacks suppressed
2026-08-18T23:40:07+02:00 nezha kernel: audit: type=1325 audit(1787089207.564:11000): table=filter:9732 family=2 entries=1 op=nft_unregister_rule pid=3099949 comm="iptables"
2026-08-18T23:40:07+02:00 nezha kernel: audit: type=1300 audit(1787089207.564:11000): arch=c000003e syscall=46 success=yes exit=584 a0=3 a1=7fff1c4097f0 a2=0 a3=0 items=0 ppid=1669414 pid=3099949 auid=1000 uid=1000 gid=1000 euid=1000 suid=1000 fsuid=1000 egid=1000 sgid=1000 fsgid=1000 tty=(none) ses=19 comm="iptables" exe="/usr/sbin/xtables-nft-multi" key=(null)
2026-08-18T23:40:07+02:00 nezha kernel: audit: type=1327 audit(1787089207.564:11000): proctitle=69707461626C6573002D740066696C746572002D44004F55545055540034
2026-08-18T23:40:07+02:00 nezha audit[3099953]: NETFILTER_CFG table=filter:9733 family=2 entries=1 op=nft_unregister_rule pid=3099953 comm="iptables"
2026-08-18T23:40:07+02:00 nezha audit[3099953]: SYSCALL arch=c000003e syscall=46 success=yes exit=296 a0=3 a1=7ffeaddf1190 a2=0 a3=0 items=0 ppid=1669414 pid=3099953 auid=1000 uid=1000 gid=1000 euid=1000 suid=1000 fsuid=1000 egid=1000 sgid=1000 fsgid=1000 tty=(none) ses=19 comm="iptables" exe="/usr/sbin/xtables-nft-multi" key=(null)
2026-08-18T23:40:07+02:00 nezha audit: PROCTITLE proctitle=69707461626C6573002D740066696C746572002D44004F55545055540034
2026-08-18T23:40:07+02:00 nezha kernel: audit: type=1325 audit(1787089207.578:11001): table=filter:9733 family=2 entries=1 op=nft_unregister_rule pid=3099953 comm="iptables"
2026-08-18T23:40:07+02:00 nezha kernel: audit: type=1300 audit(1787089207.578:11001): arch=c000003e syscall=46 success=yes exit=296 a0=3 a1=7ffeaddf1190 a2=0 a3=0 items=0 ppid=1669414 pid=3099953 auid=1000 uid=1000 gid=1000 euid=1000 suid=1000 fsuid=1000 egid=1000 sgid=1000 fsgid=1000 tty=(none) ses=19 comm="iptables" exe="/usr/sbin/xtables-nft-multi" key=(null)
2026-08-18T23:40:07+02:00 nezha kernel: audit: type=1327 audit(1787089207.578:11001): proctitle=69707461626C6573002D740066696C746572002D44004F55545055540034
2026-08-18T23:40:07+02:00 nezha audit[3099955]: NETFILTER_CFG table=filter:9734 family=10 entries=1 op=nft_unregister_rule pid=3099955 comm="ip6tables"
2026-08-18T23:40:07+02:00 nezha audit[3099955]: SYSCALL arch=c000003e syscall=46 success=yes exit=296 a0=3 a1=7ffe2b121a20 a2=0 a3=0 items=0 ppid=1669414 pid=3099955 auid=1000 uid=1000 gid=1000 euid=1000 suid=1000 fsuid=1000 egid=1000 sgid=1000 fsgid=1000 tty=(none) ses=19 comm="ip6tables" exe="/usr/sbin/xtables-nft-multi" key=(null)
2026-08-18T23:40:07+02:00 nezha audit: PROCTITLE proctitle=6970367461626C6573002D740066696C746572002D44004F55545055540035
2026-08-18T23:40:07+02:00 nezha kernel: audit: type=1325 audit(1787089207.595:11002): table=filter:9734 family=10 entries=1 op=nft_unregister_rule pid=3099955 comm="ip6tables"
2026-08-18T23:40:07+02:00 nezha kernel: audit: type=1300 audit(1787089207.595:11002): arch=c000003e syscall=46 success=yes exit=296 a0=3 a1=7ffe2b121a20 a2=0 a3=0 items=0 ppid=1669414 pid=3099955 auid=1000 uid=1000 gid=1000 euid=1000 suid=1000 fsuid=1000 egid=1000 sgid=1000 fsgid=1000 tty=(none) ses=19 comm="ip6tables" exe="/usr/sbin/xtables-nft-multi" key=(null)
2026-08-18T23:40:07+02:00 nezha kernel: audit: type=1327 audit(1787089207.595:11002): proctitle=6970367461626C6573002D740066696C746572002D44004F55545055540035
2026-08-18T23:40:07+02:00 nezha audit[3099957]: NETFILTER_CFG table=filter:9735 family=2 entries=1 op=nft_register_rule pid=3099957 comm="iptables"
2026-08-18T23:40:07+02:00 nezha audit[3099957]: SYSCALL arch=c000003e syscall=46 success=yes exit=580 a0=3 a1=7ffe264438c0 a2=0 a3=0 items=0 ppid=1669414 pid=3099957 auid=1000 uid=1000 gid=1000 euid=1000 suid=1000 fsuid=1000 egid=1000 sgid=1000 fsgid=1000 tty=(none) ses=19 comm="iptables" exe="/usr/sbin/xtables-nft-multi" key=(null)
2026-08-18T23:40:07+02:00 nezha audit: PROCTITLE proctitle=69707461626C6573002D2D617070656E64004F5554505554002D64003135352E322E3139312E33002D6F0065746830002D7000756470002D6D00756470002D2D64706F7274003531383230002D6A00414343455054
2026-08-18T23:40:07+02:00 nezha kernel: audit: type=1325 audit(1787089207.613:11003): table=filter:9735 family=2 entries=1 op=nft_register_rule pid=3099957 comm="iptables"
2026-08-18T23:40:07+02:00 nezha audit[3099960]: NETFILTER_CFG table=filter:9736 family=2 entries=1 op=nft_register_rule pid=3099960 comm="iptables"
2026-08-18T23:40:07+02:00 nezha audit[3099960]: SYSCALL arch=c000003e syscall=46 success=yes exit=292 a0=3 a1=7ffe7279e970 a2=0 a3=0 items=0 ppid=1669414 pid=3099960 auid=1000 uid=1000 gid=1000 euid=1000 suid=1000 fsuid=1000 egid=1000 sgid=1000 fsgid=1000 tty=(none) ses=19 comm="iptables" exe="/usr/sbin/xtables-nft-multi" key=(null)
2026-08-18T23:40:07+02:00 nezha audit: PROCTITLE proctitle=69707461626C6573002D2D617070656E64004F5554505554002D6F0074756E30002D6A00414343455054
2026-08-18T23:40:07+02:00 nezha audit[3099961]: NETFILTER_CFG table=filter:9737 family=10 entries=1 op=nft_register_rule pid=3099961 comm="ip6tables"
2026-08-18T23:40:07+02:00 nezha audit[3099961]: SYSCALL arch=c000003e syscall=46 success=yes exit=292 a0=3 a1=7ffef7e4e5b0 a2=0 a3=0 items=0 ppid=1669414 pid=3099961 auid=1000 uid=1000 gid=1000 euid=1000 suid=1000 fsuid=1000 egid=1000 sgid=1000 fsgid=1000 tty=(none) ses=19 comm="ip6tables" exe="/usr/sbin/xtables-nft-multi" key=(null)
2026-08-18T23:40:07+02:00 nezha audit: PROCTITLE proctitle=6970367461626C6573002D2D617070656E64004F5554505554002D6F0074756E30002D6A00414343455054
2026-08-18T23:40:13+02:00 nezha audit[3100058]: NETFILTER_CFG table=filter:9738 family=2 entries=1 op=nft_unregister_rule pid=3100058 comm="iptables"
2026-08-18T23:40:13+02:00 nezha audit[3100058]: SYSCALL arch=c000003e syscall=46 success=yes exit=584 a0=3 a1=7ffe0cc35c30 a2=0 a3=0 items=0 ppid=1669414 pid=3100058 auid=1000 uid=1000 gid=1000 euid=1000 suid=1000 fsuid=1000 egid=1000 sgid=1000 fsgid=1000 tty=(none) ses=19 comm="iptables" exe="/usr/sbin/xtables-nft-multi" key=(null)
2026-08-18T23:40:13+02:00 nezha audit: PROCTITLE proctitle=69707461626C6573002D740066696C746572002D44004F55545055540034
2026-08-18T23:40:13+02:00 nezha kernel: kauditd_printk_skb: 8 callbacks suppressed
2026-08-18T23:40:13+02:00 nezha kernel: audit: type=1325 audit(1787089213.774:11006): table=filter:9738 family=2 entries=1 op=nft_unregister_rule pid=3100058 comm="iptables"
2026-08-18T23:40:13+02:00 nezha kernel: audit: type=1300 audit(1787089213.774:11006): arch=c000003e syscall=46 success=yes exit=584 a0=3 a1=7ffe0cc35c30 a2=0 a3=0 items=0 ppid=1669414 pid=3100058 auid=1000 uid=1000 gid=1000 euid=1000 suid=1000 fsuid=1000 egid=1000 sgid=1000 fsgid=1000 tty=(none) ses=19 comm="iptables" exe="/usr/sbin/xtables-nft-multi" key=(null)
2026-08-18T23:40:13+02:00 nezha kernel: audit: type=1327 audit(1787089213.774:11006): proctitle=69707461626C6573002D740066696C746572002D44004F55545055540034
2026-08-18T23:40:13+02:00 nezha audit[3100062]: NETFILTER_CFG table=filter:9739 family=2 entries=1 op=nft_unregister_rule pid=3100062 comm="iptables"
2026-08-18T23:40:13+02:00 nezha audit[3100062]: SYSCALL arch=c000003e syscall=46 success=yes exit=296 a0=3 a1=7fff1bf337f0 a2=0 a3=0 items=0 ppid=1669414 pid=3100062 auid=1000 uid=1000 gid=1000 euid=1000 suid=1000 fsuid=1000 egid=1000 sgid=1000 fsgid=1000 tty=(none) ses=19 comm="iptables" exe="/usr/sbin/xtables-nft-multi" key=(null)
2026-08-18T23:40:13+02:00 nezha audit: PROCTITLE proctitle=69707461626C6573002D740066696C746572002D44004F55545055540034
2026-08-18T23:40:13+02:00 nezha kernel: audit: type=1325 audit(1787089213.788:11007): table=filter:9739 family=2 entries=1 op=nft_unregister_rule pid=3100062 comm="iptables"
2026-08-18T23:40:13+02:00 nezha kernel: audit: type=1300 audit(1787089213.788:11007): arch=c000003e syscall=46 success=yes exit=296 a0=3 a1=7fff1bf337f0 a2=0 a3=0 items=0 ppid=1669414 pid=3100062 auid=1000 uid=1000 gid=1000 euid=1000 suid=1000 fsuid=1000 egid=1000 sgid=1000 fsgid=1000 tty=(none) ses=19 comm="iptables" exe="/usr/sbin/xtables-nft-multi" key=(null)
2026-08-18T23:40:13+02:00 nezha kernel: audit: type=1327 audit(1787089213.788:11007): proctitle=69707461626C6573002D740066696C746572002D44004F55545055540034
2026-08-18T23:40:13+02:00 nezha audit[3100064]: NETFILTER_CFG table=filter:9740 family=10 entries=1 op=nft_unregister_rule pid=3100064 comm="ip6tables"
2026-08-18T23:40:13+02:00 nezha audit[3100064]: SYSCALL arch=c000003e syscall=46 success=yes exit=296 a0=3 a1=7ffd724edf80 a2=0 a3=0 items=0 ppid=1669414 pid=3100064 auid=1000 uid=1000 gid=1000 euid=1000 suid=1000 fsuid=1000 egid=1000 sgid=1000 fsgid=1000 tty=(none) ses=19 comm="ip6tables" exe="/usr/sbin/xtables-nft-multi" key=(null)
2026-08-18T23:40:13+02:00 nezha audit: PROCTITLE proctitle=6970367461626C6573002D740066696C746572002D44004F55545055540035
2026-08-18T23:40:13+02:00 nezha kernel: audit: type=1325 audit(1787089213.803:11008): table=filter:9740 family=10 entries=1 op=nft_unregister_rule pid=3100064 comm="ip6tables"
2026-08-18T23:40:13+02:00 nezha kernel: audit: type=1300 audit(1787089213.803:11008): arch=c000003e syscall=46 success=yes exit=296 a0=3 a1=7ffd724edf80 a2=0 a3=0 items=0 ppid=1669414 pid=3100064 auid=1000 uid=1000 gid=1000 euid=1000 suid=1000 fsuid=1000 egid=1000 sgid=1000 fsgid=1000 tty=(none) ses=19 comm="ip6tables" exe="/usr/sbin/xtables-nft-multi" key=(null)
2026-08-18T23:40:13+02:00 nezha kernel: audit: type=1327 audit(1787089213.803:11008): proctitle=6970367461626C6573002D740066696C746572002D44004F55545055540035
2026-08-18T23:40:13+02:00 nezha audit[3100066]: NETFILTER_CFG table=filter:9741 family=2 entries=1 op=nft_register_rule pid=3100066 comm="iptables"
2026-08-18T23:40:13+02:00 nezha audit[3100066]: SYSCALL arch=c000003e syscall=46 success=yes exit=580 a0=3 a1=7ffdf546d8a0 a2=0 a3=0 items=0 ppid=1669414 pid=3100066 auid=1000 uid=1000 gid=1000 euid=1000 suid=1000 fsuid=1000 egid=1000 sgid=1000 fsgid=1000 tty=(none) ses=19 comm="iptables" exe="/usr/sbin/xtables-nft-multi" key=(null)
2026-08-18T23:40:13+02:00 nezha audit: PROCTITLE proctitle=69707461626C6573002D2D617070656E64004F5554505554002D64003139342E3132372E3136372E3637002D6F0065746830002D7000756470002D6D00756470002D2D64706F7274003531383230002D6A00414343455054
2026-08-18T23:40:13+02:00 nezha kernel: audit: type=1325 audit(1787089213.813:11009): table=filter:9741 family=2 entries=1 op=nft_register_rule pid=3100066 comm="iptables"
2026-08-18T23:40:13+02:00 nezha audit[3100069]: NETFILTER_CFG table=filter:9742 family=2 entries=1 op=nft_register_rule pid=3100069 comm="iptables"
2026-08-18T23:40:13+02:00 nezha audit[3100069]: SYSCALL arch=c000003e syscall=46 success=yes exit=292 a0=3 a1=7ffd88c756c0 a2=0 a3=0 items=0 ppid=1669414 pid=3100069 auid=1000 uid=1000 gid=1000 euid=1000 suid=1000 fsuid=1000 egid=1000 sgid=1000 fsgid=1000 tty=(none) ses=19 comm="iptables" exe="/usr/sbin/xtables-nft-multi" key=(null)
2026-08-18T23:40:13+02:00 nezha audit: PROCTITLE proctitle=69707461626C6573002D2D617070656E64004F5554505554002D6F0074756E30002D6A00414343455054
2026-08-18T23:40:13+02:00 nezha audit[3100070]: NETFILTER_CFG table=filter:9743 family=10 entries=1 op=nft_register_rule pid=3100070 comm="ip6tables"
2026-08-18T23:40:13+02:00 nezha audit[3100070]: SYSCALL arch=c000003e syscall=46 success=yes exit=292 a0=3 a1=7fffd1763d40 a2=0 a3=0 items=0 ppid=1669414 pid=3100070 auid=1000 uid=1000 gid=1000 euid=1000 suid=1000 fsuid=1000 egid=1000 sgid=1000 fsgid=1000 tty=(none) ses=19 comm="ip6tables" exe="/usr/sbin/xtables-nft-multi" key=(null)
2026-08-18T23:40:13+02:00 nezha audit: PROCTITLE proctitle=6970367461626C6573002D2D617070656E64004F5554505554002D6F0074756E30002D6A00414343455054
2026-08-18T23:40:19+02:00 nezha audit[3100324]: NETFILTER_CFG table=filter:9744 family=2 entries=1 op=nft_unregister_rule pid=3100324 comm="iptables"
2026-08-18T23:40:19+02:00 nezha audit[3100324]: SYSCALL arch=c000003e syscall=46 success=yes exit=584 a0=3 a1=7fff3c0fd6c0 a2=0 a3=0 items=0 ppid=1669414 pid=3100324 auid=1000 uid=1000 gid=1000 euid=1000 suid=1000 fsuid=1000 egid=1000 sgid=1000 fsgid=1000 tty=(none) ses=19 comm="iptables" exe="/usr/sbin/xtables-nft-multi" key=(null)
2026-08-18T23:40:19+02:00 nezha audit: PROCTITLE proctitle=69707461626C6573002D740066696C746572002D44004F55545055540034
2026-08-18T23:40:20+02:00 nezha kernel: kauditd_printk_skb: 8 callbacks suppressed
2026-08-18T23:40:20+02:00 nezha kernel: audit: type=1325 audit(1787089219.999:11012): table=filter:9744 family=2 entries=1 op=nft_unregister_rule pid=3100324 comm="iptables"
2026-08-18T23:40:20+02:00 nezha kernel: audit: type=1300 audit(1787089219.999:11012): arch=c000003e syscall=46 success=yes exit=584 a0=3 a1=7fff3c0fd6c0 a2=0 a3=0 items=0 ppid=1669414 pid=3100324 auid=1000 uid=1000 gid=1000 euid=1000 suid=1000 fsuid=1000 egid=1000 sgid=1000 fsgid=1000 tty=(none) ses=19 comm="iptables" exe="/usr/sbin/xtables-nft-multi" key=(null)
2026-08-18T23:40:20+02:00 nezha kernel: audit: type=1327 audit(1787089219.999:11012): proctitle=69707461626C6573002D740066696C746572002D44004F55545055540034
2026-08-18T23:40:20+02:00 nezha audit[3100332]: NETFILTER_CFG table=filter:9745 family=2 entries=1 op=nft_unregister_rule pid=3100332 comm="iptables"
2026-08-18T23:40:20+02:00 nezha audit[3100332]: SYSCALL arch=c000003e syscall=46 success=yes exit=296 a0=3 a1=7ffe740fee50 a2=0 a3=0 items=0 ppid=1669414 pid=3100332 auid=1000 uid=1000 gid=1000 euid=1000 suid=1000 fsuid=1000 egid=1000 sgid=1000 fsgid=1000 tty=(none) ses=19 comm="iptables" exe="/usr/sbin/xtables-nft-multi" key=(null)
2026-08-18T23:40:20+02:00 nezha audit: PROCTITLE proctitle=69707461626C6573002D740066696C746572002D44004F55545055540034
2026-08-18T23:40:20+02:00 nezha kernel: audit: type=1325 audit(1787089220.008:11013): table=filter:9745 family=2 entries=1 op=nft_unregister_rule pid=3100332 comm="iptables"
2026-08-18T23:40:20+02:00 nezha kernel: audit: type=1300 audit(1787089220.008:11013): arch=c000003e syscall=46 success=yes exit=296 a0=3 a1=7ffe740fee50 a2=0 a3=0 items=0 ppid=1669414 pid=3100332 auid=1000 uid=1000 gid=1000 euid=1000 suid=1000 fsuid=1000 egid=1000 sgid=1000 fsgid=1000 tty=(none) ses=19 comm="iptables" exe="/usr/sbin/xtables-nft-multi" key=(null)
2026-08-18T23:40:20+02:00 nezha kernel: audit: type=1327 audit(1787089220.008:11013): proctitle=69707461626C6573002D740066696C746572002D44004F55545055540034
2026-08-18T23:40:20+02:00 nezha audit[3100334]: NETFILTER_CFG table=filter:9746 family=10 entries=1 op=nft_unregister_rule pid=3100334 comm="ip6tables"
2026-08-18T23:40:20+02:00 nezha audit[3100334]: SYSCALL arch=c000003e syscall=46 success=yes exit=296 a0=3 a1=7fff29ebd9d0 a2=0 a3=0 items=0 ppid=1669414 pid=3100334 auid=1000 uid=1000 gid=1000 euid=1000 suid=1000 fsuid=1000 egid=1000 sgid=1000 fsgid=1000 tty=(none) ses=19 comm="ip6tables" exe="/usr/sbin/xtables-nft-multi" key=(null)
2026-08-18T23:40:20+02:00 nezha audit: PROCTITLE proctitle=6970367461626C6573002D740066696C746572002D44004F55545055540035
2026-08-18T23:40:20+02:00 nezha kernel: audit: type=1325 audit(1787089220.024:11014): table=filter:9746 family=10 entries=1 op=nft_unregister_rule pid=3100334 comm="ip6tables"
2026-08-18T23:40:20+02:00 nezha kernel: audit: type=1300 audit(1787089220.024:11014): arch=c000003e syscall=46 success=yes exit=296 a0=3 a1=7fff29ebd9d0 a2=0 a3=0 items=0 ppid=1669414 pid=3100334 auid=1000 uid=1000 gid=1000 euid=1000 suid=1000 fsuid=1000 egid=1000 sgid=1000 fsgid=1000 tty=(none) ses=19 comm="ip6tables" exe="/usr/sbin/xtables-nft-multi" key=(null)
2026-08-18T23:40:20+02:00 nezha kernel: audit: type=1327 audit(1787089220.024:11014): proctitle=6970367461626C6573002D740066696C746572002D44004F55545055540035
2026-08-18T23:40:20+02:00 nezha audit[3100336]: NETFILTER_CFG table=filter:9747 family=2 entries=1 op=nft_register_rule pid=3100336 comm="iptables"
2026-08-18T23:40:20+02:00 nezha audit[3100336]: SYSCALL arch=c000003e syscall=46 success=yes exit=580 a0=3 a1=7ffd38b1d210 a2=0 a3=0 items=0 ppid=1669414 pid=3100336 auid=1000 uid=1000 gid=1000 euid=1000 suid=1000 fsuid=1000 egid=1000 sgid=1000 fsgid=1000 tty=(none) ses=19 comm="iptables" exe="/usr/sbin/xtables-nft-multi" key=(null)
2026-08-18T23:40:20+02:00 nezha audit: PROCTITLE proctitle=69707461626C6573002D2D617070656E64004F5554505554002D640034352E3132392E35362E3638002D6F0065746830002D7000756470002D6D00756470002D2D64706F7274003531383230002D6A00414343455054
2026-08-18T23:40:20+02:00 nezha kernel: audit: type=1325 audit(1787089220.036:11015): table=filter:9747 family=2 entries=1 op=nft_register_rule pid=3100336 comm="iptables"
2026-08-18T23:40:20+02:00 nezha audit[3100339]: NETFILTER_CFG table=filter:9748 family=2 entries=1 op=nft_register_rule pid=3100339 comm="iptables"
2026-08-18T23:40:20+02:00 nezha audit[3100339]: SYSCALL arch=c000003e syscall=46 success=yes exit=292 a0=3 a1=7ffdaab523c0 a2=0 a3=0 items=0 ppid=1669414 pid=3100339 auid=1000 uid=1000 gid=1000 euid=1000 suid=1000 fsuid=1000 egid=1000 sgid=1000 fsgid=1000 tty=(none) ses=19 comm="iptables" exe="/usr/sbin/xtables-nft-multi" key=(null)
2026-08-18T23:40:20+02:00 nezha audit: PROCTITLE proctitle=69707461626C6573002D2D617070656E64004F5554505554002D6F0074756E30002D6A00414343455054
2026-08-18T23:40:20+02:00 nezha audit[3100340]: NETFILTER_CFG table=filter:9749 family=10 entries=1 op=nft_register_rule pid=3100340 comm="ip6tables"
2026-08-18T23:40:20+02:00 nezha audit[3100340]: SYSCALL arch=c000003e syscall=46 success=yes exit=292 a0=3 a1=7ffeacae38c0 a2=0 a3=0 items=0 ppid=1669414 pid=3100340 auid=1000 uid=1000 gid=1000 euid=1000 suid=1000 fsuid=1000 egid=1000 sgid=1000 fsgid=1000 tty=(none) ses=19 comm="ip6tables" exe="/usr/sbin/xtables-nft-multi" key=(null)
2026-08-18T23:40:20+02:00 nezha audit: PROCTITLE proctitle=6970367461626C6573002D2D617070656E64004F5554505554002D6F0074756E30002D6A00414343455054
2026-08-18T23:40:26+02:00 nezha audit[3100619]: NETFILTER_CFG table=filter:9750 family=2 entries=1 op=nft_unregister_rule pid=3100619 comm="iptables"
2026-08-18T23:40:26+02:00 nezha audit[3100619]: SYSCALL arch=c000003e syscall=46 success=yes exit=584 a0=3 a1=7ffd710324e0 a2=0 a3=0 items=0 ppid=1669414 pid=3100619 auid=1000 uid=1000 gid=1000 euid=1000 suid=1000 fsuid=1000 egid=1000 sgid=1000 fsgid=1000 tty=(none) ses=19 comm="iptables" exe="/usr/sbin/xtables-nft-multi" key=(null)
2026-08-18T23:40:26+02:00 nezha audit: PROCTITLE proctitle=69707461626C6573002D740066696C746572002D44004F55545055540034
2026-08-18T23:40:26+02:00 nezha kernel: kauditd_printk_skb: 8 callbacks suppressed
2026-08-18T23:40:26+02:00 nezha kernel: audit: type=1325 audit(1787089226.207:11018): table=filter:9750 family=2 entries=1 op=nft_unregister_rule pid=3100619 comm="iptables"
2026-08-18T23:40:26+02:00 nezha kernel: audit: type=1300 audit(1787089226.207:11018): arch=c000003e syscall=46 success=yes exit=584 a0=3 a1=7ffd710324e0 a2=0 a3=0 items=0 ppid=1669414 pid=3100619 auid=1000 uid=1000 gid=1000 euid=1000 suid=1000 fsuid=1000 egid=1000 sgid=1000 fsgid=1000 tty=(none) ses=19 comm="iptables" exe="/usr/sbin/xtables-nft-multi" key=(null)
2026-08-18T23:40:26+02:00 nezha kernel: audit: type=1327 audit(1787089226.207:11018): proctitle=69707461626C6573002D740066696C746572002D44004F55545055540034
2026-08-18T23:40:26+02:00 nezha audit[3100623]: NETFILTER_CFG table=filter:9751 family=2 entries=1 op=nft_unregister_rule pid=3100623 comm="iptables"
2026-08-18T23:40:26+02:00 nezha audit[3100623]: SYSCALL arch=c000003e syscall=46 success=yes exit=296 a0=3 a1=7ffdbc42a7a0 a2=0 a3=0 items=0 ppid=1669414 pid=3100623 auid=1000 uid=1000 gid=1000 euid=1000 suid=1000 fsuid=1000 egid=1000 sgid=1000 fsgid=1000 tty=(none) ses=19 comm="iptables" exe="/usr/sbin/xtables-nft-multi" key=(null)
2026-08-18T23:40:26+02:00 nezha audit: PROCTITLE proctitle=69707461626C6573002D740066696C746572002D44004F55545055540034
2026-08-18T23:40:26+02:00 nezha kernel: audit: type=1325 audit(1787089226.216:11019): table=filter:9751 family=2 entries=1 op=nft_unregister_rule pid=3100623 comm="iptables"
2026-08-18T23:40:26+02:00 nezha kernel: audit: type=1300 audit(1787089226.216:11019): arch=c000003e syscall=46 success=yes exit=296 a0=3 a1=7ffdbc42a7a0 a2=0 a3=0 items=0 ppid=1669414 pid=3100623 auid=1000 uid=1000 gid=1000 euid=1000 suid=1000 fsuid=1000 egid=1000 sgid=1000 fsgid=1000 tty=(none) ses=19 comm="iptables" exe="/usr/sbin/xtables-nft-multi" key=(null)
2026-08-18T23:40:26+02:00 nezha kernel: audit: type=1327 audit(1787089226.216:11019): proctitle=69707461626C6573002D740066696C746572002D44004F55545055540034
2026-08-18T23:40:26+02:00 nezha audit[3100625]: NETFILTER_CFG table=filter:9752 family=10 entries=1 op=nft_unregister_rule pid=3100625 comm="ip6tables"
2026-08-18T23:40:26+02:00 nezha audit[3100625]: SYSCALL arch=c000003e syscall=46 success=yes exit=296 a0=3 a1=7ffdacd103e0 a2=0 a3=0 items=0 ppid=1669414 pid=3100625 auid=1000 uid=1000 gid=1000 euid=1000 suid=1000 fsuid=1000 egid=1000 sgid=1000 fsgid=1000 tty=(none) ses=19 comm="ip6tables" exe="/usr/sbin/xtables-nft-multi" key=(null)
2026-08-18T23:40:26+02:00 nezha audit: PROCTITLE proctitle=6970367461626C6573002D740066696C746572002D44004F55545055540035
2026-08-18T23:40:26+02:00 nezha kernel: audit: type=1325 audit(1787089226.231:11020): table=filter:9752 family=10 entries=1 op=nft_unregister_rule pid=3100625 comm="ip6tables"
2026-08-18T23:40:26+02:00 nezha kernel: audit: type=1300 audit(1787089226.231:11020): arch=c000003e syscall=46 success=yes exit=296 a0=3 a1=7ffdacd103e0 a2=0 a3=0 items=0 ppid=1669414 pid=3100625 auid=1000 uid=1000 gid=1000 euid=1000 suid=1000 fsuid=1000 egid=1000 sgid=1000 fsgid=1000 tty=(none) ses=19 comm="ip6tables" exe="/usr/sbin/xtables-nft-multi" key=(null)
2026-08-18T23:40:26+02:00 nezha kernel: audit: type=1327 audit(1787089226.231:11020): proctitle=6970367461626C6573002D740066696C746572002D44004F55545055540035
2026-08-18T23:40:26+02:00 nezha audit[3100627]: NETFILTER_CFG table=filter:9753 family=2 entries=1 op=nft_register_rule pid=3100627 comm="iptables"
2026-08-18T23:40:26+02:00 nezha audit[3100627]: SYSCALL arch=c000003e syscall=46 success=yes exit=580 a0=3 a1=7ffe528072a0 a2=0 a3=0 items=0 ppid=1669414 pid=3100627 auid=1000 uid=1000 gid=1000 euid=1000 suid=1000 fsuid=1000 egid=1000 sgid=1000 fsgid=1000 tty=(none) ses=19 comm="iptables" exe="/usr/sbin/xtables-nft-multi" key=(null)
2026-08-18T23:40:26+02:00 nezha audit: PROCTITLE proctitle=69707461626C6573002D2D617070656E64004F5554505554002D64003138352E36352E3133342E3833002D6F0065746830002D7000756470002D6D00756470002D2D64706F7274003531383230002D6A00414343455054
2026-08-18T23:40:26+02:00 nezha kernel: audit: type=1325 audit(1787089226.246:11021): table=filter:9753 family=2 entries=1 op=nft_register_rule pid=3100627 comm="iptables"
2026-08-18T23:40:26+02:00 nezha audit[3100630]: NETFILTER_CFG table=filter:9754 family=2 entries=1 op=nft_register_rule pid=3100630 comm="iptables"
2026-08-18T23:40:26+02:00 nezha audit[3100630]: SYSCALL arch=c000003e syscall=46 success=yes exit=292 a0=3 a1=7ffc094f7bd0 a2=0 a3=0 items=0 ppid=1669414 pid=3100630 auid=1000 uid=1000 gid=1000 euid=1000 suid=1000 fsuid=1000 egid=1000 sgid=1000 fsgid=1000 tty=(none) ses=19 comm="iptables" exe="/usr/sbin/xtables-nft-multi" key=(null)
2026-08-18T23:40:26+02:00 nezha audit: PROCTITLE proctitle=69707461626C6573002D2D617070656E64004F5554505554002D6F0074756E30002D6A00414343455054
2026-08-18T23:40:26+02:00 nezha audit[3100631]: NETFILTER_CFG table=filter:9755 family=10 entries=1 op=nft_register_rule pid=3100631 comm="ip6tables"
2026-08-18T23:40:26+02:00 nezha audit[3100631]: SYSCALL arch=c000003e syscall=46 success=yes exit=292 a0=3 a1=7ffcb13cbf30 a2=0 a3=0 items=0 ppid=1669414 pid=3100631 auid=1000 uid=1000 gid=1000 euid=1000 suid=1000 fsuid=1000 egid=1000 sgid=1000 fsgid=1000 tty=(none) ses=19 comm="ip6tables" exe="/usr/sbin/xtables-nft-multi" key=(null)
2026-08-18T23:40:26+02:00 nezha audit: PROCTITLE proctitle=6970367461626C6573002D2D617070656E64004F5554505554002D6F0074756E30002D6A00414343455054
2026-08-18T23:40:32+02:00 nezha audit[3100875]: NETFILTER_CFG table=filter:9756 family=2 entries=1 op=nft_unregister_rule pid=3100875 comm="iptables"
2026-08-18T23:40:32+02:00 nezha audit[3100875]: SYSCALL arch=c000003e syscall=46 success=yes exit=584 a0=3 a1=7fffc518dac0 a2=0 a3=0 items=0 ppid=1669414 pid=3100875 auid=1000 uid=1000 gid=1000 euid=1000 suid=1000 fsuid=1000 egid=1000 sgid=1000 fsgid=1000 tty=(none) ses=19 comm="iptables" exe="/usr/sbin/xtables-nft-multi" key=(null)
2026-08-18T23:40:32+02:00 nezha audit: PROCTITLE proctitle=69707461626C6573002D740066696C746572002D44004F55545055540034
2026-08-18T23:40:32+02:00 nezha kernel: kauditd_printk_skb: 8 callbacks suppressed
2026-08-18T23:40:32+02:00 nezha kernel: audit: type=1325 audit(1787089232.423:11024): table=filter:9756 family=2 entries=1 op=nft_unregister_rule pid=3100875 comm="iptables"
2026-08-18T23:40:32+02:00 nezha kernel: audit: type=1300 audit(1787089232.423:11024): arch=c000003e syscall=46 success=yes exit=584 a0=3 a1=7fffc518dac0 a2=0 a3=0 items=0 ppid=1669414 pid=3100875 auid=1000 uid=1000 gid=1000 euid=1000 suid=1000 fsuid=1000 egid=1000 sgid=1000 fsgid=1000 tty=(none) ses=19 comm="iptables" exe="/usr/sbin/xtables-nft-multi" key=(null)
2026-08-18T23:40:32+02:00 nezha kernel: audit: type=1327 audit(1787089232.423:11024): proctitle=69707461626C6573002D740066696C746572002D44004F55545055540034
2026-08-18T23:40:32+02:00 nezha audit[3100879]: NETFILTER_CFG table=filter:9757 family=2 entries=1 op=nft_unregister_rule pid=3100879 comm="iptables"
2026-08-18T23:40:32+02:00 nezha audit[3100879]: SYSCALL arch=c000003e syscall=46 success=yes exit=296 a0=3 a1=7fffef5e2600 a2=0 a3=0 items=0 ppid=1669414 pid=3100879 auid=1000 uid=1000 gid=1000 euid=1000 suid=1000 fsuid=1000 egid=1000 sgid=1000 fsgid=1000 tty=(none) ses=19 comm="iptables" exe="/usr/sbin/xtables-nft-multi" key=(null)
2026-08-18T23:40:32+02:00 nezha audit: PROCTITLE proctitle=69707461626C6573002D740066696C746572002D44004F55545055540034
2026-08-18T23:40:32+02:00 nezha kernel: audit: type=1325 audit(1787089232.442:11025): table=filter:9757 family=2 entries=1 op=nft_unregister_rule pid=3100879 comm="iptables"
2026-08-18T23:40:32+02:00 nezha kernel: audit: type=1300 audit(1787089232.442:11025): arch=c000003e syscall=46 success=yes exit=296 a0=3 a1=7fffef5e2600 a2=0 a3=0 items=0 ppid=1669414 pid=3100879 auid=1000 uid=1000 gid=1000 euid=1000 suid=1000 fsuid=1000 egid=1000 sgid=1000 fsgid=1000 tty=(none) ses=19 comm="iptables" exe="/usr/sbin/xtables-nft-multi" key=(null)
2026-08-18T23:40:32+02:00 nezha kernel: audit: type=1327 audit(1787089232.442:11025): proctitle=69707461626C6573002D740066696C746572002D44004F55545055540034
2026-08-18T23:40:32+02:00 nezha audit[3100881]: NETFILTER_CFG table=filter:9758 family=10 entries=1 op=nft_unregister_rule pid=3100881 comm="ip6tables"
2026-08-18T23:40:32+02:00 nezha audit[3100881]: SYSCALL arch=c000003e syscall=46 success=yes exit=296 a0=3 a1=7fffaa9ab500 a2=0 a3=0 items=0 ppid=1669414 pid=3100881 auid=1000 uid=1000 gid=1000 euid=1000 suid=1000 fsuid=1000 egid=1000 sgid=1000 fsgid=1000 tty=(none) ses=19 comm="ip6tables" exe="/usr/sbin/xtables-nft-multi" key=(null)
2026-08-18T23:40:32+02:00 nezha audit: PROCTITLE proctitle=6970367461626C6573002D740066696C746572002D44004F55545055540035
2026-08-18T23:40:32+02:00 nezha kernel: audit: type=1325 audit(1787089232.457:11026): table=filter:9758 family=10 entries=1 op=nft_unregister_rule pid=3100881 comm="ip6tables"
2026-08-18T23:40:32+02:00 nezha kernel: audit: type=1300 audit(1787089232.457:11026): arch=c000003e syscall=46 success=yes exit=296 a0=3 a1=7fffaa9ab500 a2=0 a3=0 items=0 ppid=1669414 pid=3100881 auid=1000 uid=1000 gid=1000 euid=1000 suid=1000 fsuid=1000 egid=1000 sgid=1000 fsgid=1000 tty=(none) ses=19 comm="ip6tables" exe="/usr/sbin/xtables-nft-multi" key=(null)
2026-08-18T23:40:32+02:00 nezha kernel: audit: type=1327 audit(1787089232.457:11026): proctitle=6970367461626C6573002D740066696C746572002D44004F55545055540035
2026-08-18T23:40:32+02:00 nezha audit[3100883]: NETFILTER_CFG table=filter:9759 family=2 entries=1 op=nft_register_rule pid=3100883 comm="iptables"
2026-08-18T23:40:32+02:00 nezha audit[3100883]: SYSCALL arch=c000003e syscall=46 success=yes exit=580 a0=3 a1=7fff46a474a0 a2=0 a3=0 items=0 ppid=1669414 pid=3100883 auid=1000 uid=1000 gid=1000 euid=1000 suid=1000 fsuid=1000 egid=1000 sgid=1000 fsgid=1000 tty=(none) ses=19 comm="iptables" exe="/usr/sbin/xtables-nft-multi" key=(null)
2026-08-18T23:40:32+02:00 nezha audit: PROCTITLE proctitle=69707461626C6573002D2D617070656E64004F5554505554002D64003134312E39382E3235322E313330002D6F0065746830002D7000756470002D6D00756470002D2D64706F7274003531383230002D6A00414343455054
2026-08-18T23:40:32+02:00 nezha kernel: audit: type=1325 audit(1787089232.472:11027): table=filter:9759 family=2 entries=1 op=nft_register_rule pid=3100883 comm="iptables"
2026-08-18T23:40:32+02:00 nezha audit[3100886]: NETFILTER_CFG table=filter:9760 family=2 entries=1 op=nft_register_rule pid=3100886 comm="iptables"
2026-08-18T23:40:32+02:00 nezha audit[3100886]: SYSCALL arch=c000003e syscall=46 success=yes exit=292 a0=3 a1=7ffe2d16c910 a2=0 a3=0 items=0 ppid=1669414 pid=3100886 auid=1000 uid=1000 gid=1000 euid=1000 suid=1000 fsuid=1000 egid=1000 sgid=1000 fsgid=1000 tty=(none) ses=19 comm="iptables" exe="/usr/sbin/xtables-nft-multi" key=(null)
2026-08-18T23:40:32+02:00 nezha audit: PROCTITLE proctitle=69707461626C6573002D2D617070656E64004F5554505554002D6F0074756E30002D6A00414343455054
2026-08-18T23:40:32+02:00 nezha audit[3100887]: NETFILTER_CFG table=filter:9761 family=10 entries=1 op=nft_register_rule pid=3100887 comm="ip6tables"
2026-08-18T23:40:32+02:00 nezha audit[3100887]: SYSCALL arch=c000003e syscall=46 success=yes exit=292 a0=3 a1=7fffbd79bfc0 a2=0 a3=0 items=0 ppid=1669414 pid=3100887 auid=1000 uid=1000 gid=1000 euid=1000 suid=1000 fsuid=1000 egid=1000 sgid=1000 fsgid=1000 tty=(none) ses=19 comm="ip6tables" exe="/usr/sbin/xtables-nft-multi" key=(null)
2026-08-18T23:40:32+02:00 nezha audit: PROCTITLE proctitle=6970367461626C6573002D2D617070656E64004F5554505554002D6F0074756E30002D6A00414343455054
2026-08-18T23:40:38+02:00 nezha audit[3100963]: NETFILTER_CFG table=filter:9762 family=2 entries=1 op=nft_unregister_rule pid=3100963 comm="iptables"
2026-08-18T23:40:38+02:00 nezha audit[3100963]: SYSCALL arch=c000003e syscall=46 success=yes exit=584 a0=3 a1=7fffe73700b0 a2=0 a3=0 items=0 ppid=1669414 pid=3100963 auid=1000 uid=1000 gid=1000 euid=1000 suid=1000 fsuid=1000 egid=1000 sgid=1000 fsgid=1000 tty=(none) ses=19 comm="iptables" exe="/usr/sbin/xtables-nft-multi" key=(null)
2026-08-18T23:40:38+02:00 nezha audit: PROCTITLE proctitle=69707461626C6573002D740066696C746572002D44004F55545055540034
2026-08-18T23:40:38+02:00 nezha kernel: kauditd_printk_skb: 8 callbacks suppressed
2026-08-18T23:40:38+02:00 nezha kernel: audit: type=1325 audit(1787089238.644:11030): table=filter:9762 family=2 entries=1 op=nft_unregister_rule pid=3100963 comm="iptables"
2026-08-18T23:40:38+02:00 nezha kernel: audit: type=1300 audit(1787089238.644:11030): arch=c000003e syscall=46 success=yes exit=584 a0=3 a1=7fffe73700b0 a2=0 a3=0 items=0 ppid=1669414 pid=3100963 auid=1000 uid=1000 gid=1000 euid=1000 suid=1000 fsuid=1000 egid=1000 sgid=1000 fsgid=1000 tty=(none) ses=19 comm="iptables" exe="/usr/sbin/xtables-nft-multi" key=(null)
2026-08-18T23:40:38+02:00 nezha kernel: audit: type=1327 audit(1787089238.644:11030): proctitle=69707461626C6573002D740066696C746572002D44004F55545055540034
2026-08-18T23:40:38+02:00 nezha audit[3100967]: NETFILTER_CFG table=filter:9763 family=2 entries=1 op=nft_unregister_rule pid=3100967 comm="iptables"
2026-08-18T23:40:38+02:00 nezha audit[3100967]: SYSCALL arch=c000003e syscall=46 success=yes exit=296 a0=3 a1=7ffeb2127460 a2=0 a3=0 items=0 ppid=1669414 pid=3100967 auid=1000 uid=1000 gid=1000 euid=1000 suid=1000 fsuid=1000 egid=1000 sgid=1000 fsgid=1000 tty=(none) ses=19 comm="iptables" exe="/usr/sbin/xtables-nft-multi" key=(null)
2026-08-18T23:40:38+02:00 nezha audit: PROCTITLE proctitle=69707461626C6573002D740066696C746572002D44004F55545055540034
2026-08-18T23:40:38+02:00 nezha kernel: audit: type=1325 audit(1787089238.663:11031): table=filter:9763 family=2 entries=1 op=nft_unregister_rule pid=3100967 comm="iptables"
2026-08-18T23:40:38+02:00 nezha kernel: audit: type=1300 audit(1787089238.663:11031): arch=c000003e syscall=46 success=yes exit=296 a0=3 a1=7ffeb2127460 a2=0 a3=0 items=0 ppid=1669414 pid=3100967 auid=1000 uid=1000 gid=1000 euid=1000 suid=1000 fsuid=1000 egid=1000 sgid=1000 fsgid=1000 tty=(none) ses=19 comm="iptables" exe="/usr/sbin/xtables-nft-multi" key=(null)
2026-08-18T23:40:38+02:00 nezha kernel: audit: type=1327 audit(1787089238.663:11031): proctitle=69707461626C6573002D740066696C746572002D44004F55545055540034
2026-08-18T23:40:38+02:00 nezha audit[3100969]: NETFILTER_CFG table=filter:9764 family=10 entries=1 op=nft_unregister_rule pid=3100969 comm="ip6tables"
2026-08-18T23:40:38+02:00 nezha audit[3100969]: SYSCALL arch=c000003e syscall=46 success=yes exit=296 a0=3 a1=7ffc5a454900 a2=0 a3=0 items=0 ppid=1669414 pid=3100969 auid=1000 uid=1000 gid=1000 euid=1000 suid=1000 fsuid=1000 egid=1000 sgid=1000 fsgid=1000 tty=(none) ses=19 comm="ip6tables" exe="/usr/sbin/xtables-nft-multi" key=(null)
2026-08-18T23:40:38+02:00 nezha audit: PROCTITLE proctitle=6970367461626C6573002D740066696C746572002D44004F55545055540035
2026-08-18T23:40:38+02:00 nezha kernel: audit: type=1325 audit(1787089238.674:11032): table=filter:9764 family=10 entries=1 op=nft_unregister_rule pid=3100969 comm="ip6tables"
2026-08-18T23:40:38+02:00 nezha kernel: audit: type=1300 audit(1787089238.674:11032): arch=c000003e syscall=46 success=yes exit=296 a0=3 a1=7ffc5a454900 a2=0 a3=0 items=0 ppid=1669414 pid=3100969 auid=1000 uid=1000 gid=1000 euid=1000 suid=1000 fsuid=1000 egid=1000 sgid=1000 fsgid=1000 tty=(none) ses=19 comm="ip6tables" exe="/usr/sbin/xtables-nft-multi" key=(null)
2026-08-18T23:40:38+02:00 nezha kernel: audit: type=1327 audit(1787089238.674:11032): proctitle=6970367461626C6573002D740066696C746572002D44004F55545055540035
2026-08-18T23:40:38+02:00 nezha audit[3100971]: NETFILTER_CFG table=filter:9765 family=2 entries=1 op=nft_register_rule pid=3100971 comm="iptables"
2026-08-18T23:40:38+02:00 nezha audit[3100971]: SYSCALL arch=c000003e syscall=46 success=yes exit=580 a0=3 a1=7ffcf310d660 a2=0 a3=0 items=0 ppid=1669414 pid=3100971 auid=1000 uid=1000 gid=1000 euid=1000 suid=1000 fsuid=1000 egid=1000 sgid=1000 fsgid=1000 tty=(none) ses=19 comm="iptables" exe="/usr/sbin/xtables-nft-multi" key=(null)
2026-08-18T23:40:38+02:00 nezha audit: PROCTITLE proctitle=69707461626C6573002D2D617070656E64004F5554505554002D640032332E3233342E39342E33002D6F0065746830002D7000756470002D6D00756470002D2D64706F7274003531383230002D6A00414343455054
2026-08-18T23:40:38+02:00 nezha kernel: audit: type=1325 audit(1787089238.689:11033): table=filter:9765 family=2 entries=1 op=nft_register_rule pid=3100971 comm="iptables"
2026-08-18T23:40:38+02:00 nezha audit[3100974]: NETFILTER_CFG table=filter:9766 family=2 entries=1 op=nft_register_rule pid=3100974 comm="iptables"
2026-08-18T23:40:38+02:00 nezha audit[3100974]: SYSCALL arch=c000003e syscall=46 success=yes exit=292 a0=3 a1=7fff08723850 a2=0 a3=0 items=0 ppid=1669414 pid=3100974 auid=1000 uid=1000 gid=1000 euid=1000 suid=1000 fsuid=1000 egid=1000 sgid=1000 fsgid=1000 tty=(none) ses=19 comm="iptables" exe="/usr/sbin/xtables-nft-multi" key=(null)
2026-08-18T23:40:38+02:00 nezha audit: PROCTITLE proctitle=69707461626C6573002D2D617070656E64004F5554505554002D6F0074756E30002D6A00414343455054
2026-08-18T23:40:38+02:00 nezha audit[3100975]: NETFILTER_CFG table=filter:9767 family=10 entries=1 op=nft_register_rule pid=3100975 comm="ip6tables"
2026-08-18T23:40:38+02:00 nezha audit[3100975]: SYSCALL arch=c000003e syscall=46 success=yes exit=292 a0=3 a1=7ffcbc2711e0 a2=0 a3=0 items=0 ppid=1669414 pid=3100975 auid=1000 uid=1000 gid=1000 euid=1000 suid=1000 fsuid=1000 egid=1000 sgid=1000 fsgid=1000 tty=(none) ses=19 comm="ip6tables" exe="/usr/sbin/xtables-nft-multi" key=(null)
2026-08-18T23:40:38+02:00 nezha audit: PROCTITLE proctitle=6970367461626C6573002D2D617070656E64004F5554505554002D6F0074756E30002D6A00414343455054
2026-08-18T23:40:42+02:00 nezha charon[405357]: 10[NET] received packet: from 95.56.227.154[4500] to 10.130.97.20[4500] (92 bytes)
2026-08-18T23:40:42+02:00 nezha charon[405357]: 10[ENC] parsed INFORMATIONAL_V1 request 3167225261 [ HASH N(DPD) ]
2026-08-18T23:40:42+02:00 nezha charon[405357]: 10[ENC] generating INFORMATIONAL_V1 request 3849056623 [ HASH N(DPD_ACK) ]
2026-08-18T23:40:42+02:00 nezha charon[405357]: 10[NET] sending packet: from 10.130.97.20[4500] to 95.56.227.154[4500] (92 bytes)
2026-08-18T23:40:44+02:00 nezha audit[3101162]: NETFILTER_CFG table=filter:9768 family=2 entries=1 op=nft_unregister_rule pid=3101162 comm="iptables"
2026-08-18T23:40:44+02:00 nezha audit[3101162]: SYSCALL arch=c000003e syscall=46 success=yes exit=584 a0=3 a1=7ffd4e7ec900 a2=0 a3=0 items=0 ppid=1669414 pid=3101162 auid=1000 uid=1000 gid=1000 euid=1000 suid=1000 fsuid=1000 egid=1000 sgid=1000 fsgid=1000 tty=(none) ses=19 comm="iptables" exe="/usr/sbin/xtables-nft-multi" key=(null)
2026-08-18T23:40:44+02:00 nezha audit: PROCTITLE proctitle=69707461626C6573002D740066696C746572002D44004F55545055540034
2026-08-18T23:40:44+02:00 nezha kernel: kauditd_printk_skb: 8 callbacks suppressed
2026-08-18T23:40:44+02:00 nezha kernel: audit: type=1325 audit(1787089244.865:11036): table=filter:9768 family=2 entries=1 op=nft_unregister_rule pid=3101162 comm="iptables"
2026-08-18T23:40:44+02:00 nezha kernel: audit: type=1300 audit(1787089244.865:11036): arch=c000003e syscall=46 success=yes exit=584 a0=3 a1=7ffd4e7ec900 a2=0 a3=0 items=0 ppid=1669414 pid=3101162 auid=1000 uid=1000 gid=1000 euid=1000 suid=1000 fsuid=1000 egid=1000 sgid=1000 fsgid=1000 tty=(none) ses=19 comm="iptables" exe="/usr/sbin/xtables-nft-multi" key=(null)
2026-08-18T23:40:44+02:00 nezha kernel: audit: type=1327 audit(1787089244.865:11036): proctitle=69707461626C6573002D740066696C746572002D44004F55545055540034
2026-08-18T23:40:44+02:00 nezha audit[3101166]: NETFILTER_CFG table=filter:9769 family=2 entries=1 op=nft_unregister_rule pid=3101166 comm="iptables"
2026-08-18T23:40:44+02:00 nezha audit[3101166]: SYSCALL arch=c000003e syscall=46 success=yes exit=296 a0=3 a1=7ffc68e69770 a2=0 a3=0 items=0 ppid=1669414 pid=3101166 auid=1000 uid=1000 gid=1000 euid=1000 suid=1000 fsuid=1000 egid=1000 sgid=1000 fsgid=1000 tty=(none) ses=19 comm="iptables" exe="/usr/sbin/xtables-nft-multi" key=(null)
2026-08-18T23:40:44+02:00 nezha audit: PROCTITLE proctitle=69707461626C6573002D740066696C746572002D44004F55545055540034
2026-08-18T23:40:44+02:00 nezha kernel: audit: type=1325 audit(1787089244.881:11037): table=filter:9769 family=2 entries=1 op=nft_unregister_rule pid=3101166 comm="iptables"
2026-08-18T23:40:44+02:00 nezha kernel: audit: type=1300 audit(1787089244.881:11037): arch=c000003e syscall=46 success=yes exit=296 a0=3 a1=7ffc68e69770 a2=0 a3=0 items=0 ppid=1669414 pid=3101166 auid=1000 uid=1000 gid=1000 euid=1000 suid=1000 fsuid=1000 egid=1000 sgid=1000 fsgid=1000 tty=(none) ses=19 comm="iptables" exe="/usr/sbin/xtables-nft-multi" key=(null)
2026-08-18T23:40:44+02:00 nezha kernel: audit: type=1327 audit(1787089244.881:11037): proctitle=69707461626C6573002D740066696C746572002D44004F55545055540034
2026-08-18T23:40:44+02:00 nezha audit[3101168]: NETFILTER_CFG table=filter:9770 family=10 entries=1 op=nft_unregister_rule pid=3101168 comm="ip6tables"
2026-08-18T23:40:44+02:00 nezha audit[3101168]: SYSCALL arch=c000003e syscall=46 success=yes exit=296 a0=3 a1=7ffd830bb370 a2=0 a3=0 items=0 ppid=1669414 pid=3101168 auid=1000 uid=1000 gid=1000 euid=1000 suid=1000 fsuid=1000 egid=1000 sgid=1000 fsgid=1000 tty=(none) ses=19 comm="ip6tables" exe="/usr/sbin/xtables-nft-multi" key=(null)
2026-08-18T23:40:44+02:00 nezha audit: PROCTITLE proctitle=6970367461626C6573002D740066696C746572002D44004F55545055540035
2026-08-18T23:40:44+02:00 nezha kernel: audit: type=1325 audit(1787089244.898:11038): table=filter:9770 family=10 entries=1 op=nft_unregister_rule pid=3101168 comm="ip6tables"
2026-08-18T23:40:44+02:00 nezha kernel: audit: type=1300 audit(1787089244.898:11038): arch=c000003e syscall=46 success=yes exit=296 a0=3 a1=7ffd830bb370 a2=0 a3=0 items=0 ppid=1669414 pid=3101168 auid=1000 uid=1000 gid=1000 euid=1000 suid=1000 fsuid=1000 egid=1000 sgid=1000 fsgid=1000 tty=(none) ses=19 comm="ip6tables" exe="/usr/sbin/xtables-nft-multi" key=(null)
2026-08-18T23:40:44+02:00 nezha kernel: audit: type=1327 audit(1787089244.898:11038): proctitle=6970367461626C6573002D740066696C746572002D44004F55545055540035
2026-08-18T23:40:44+02:00 nezha audit[3101170]: NETFILTER_CFG table=filter:9771 family=2 entries=1 op=nft_register_rule pid=3101170 comm="iptables"
2026-08-18T23:40:44+02:00 nezha audit[3101170]: SYSCALL arch=c000003e syscall=46 success=yes exit=580 a0=3 a1=7ffdb5fccd60 a2=0 a3=0 items=0 ppid=1669414 pid=3101170 auid=1000 uid=1000 gid=1000 euid=1000 suid=1000 fsuid=1000 egid=1000 sgid=1000 fsgid=1000 tty=(none) ses=19 comm="iptables" exe="/usr/sbin/xtables-nft-multi" key=(null)
2026-08-18T23:40:44+02:00 nezha audit: PROCTITLE proctitle=69707461626C6573002D2D617070656E64004F5554505554002D64003138352E3235342E37352E33002D6F0065746830002D7000756470002D6D00756470002D2D64706F7274003531383230002D6A00414343455054
2026-08-18T23:40:44+02:00 nezha kernel: audit: type=1325 audit(1787089244.918:11039): table=filter:9771 family=2 entries=1 op=nft_register_rule pid=3101170 comm="iptables"
2026-08-18T23:40:44+02:00 nezha audit[3101173]: NETFILTER_CFG table=filter:9772 family=2 entries=1 op=nft_register_rule pid=3101173 comm="iptables"
2026-08-18T23:40:44+02:00 nezha audit[3101173]: SYSCALL arch=c000003e syscall=46 success=yes exit=292 a0=3 a1=7ffd33bebf30 a2=0 a3=0 items=0 ppid=1669414 pid=3101173 auid=1000 uid=1000 gid=1000 euid=1000 suid=1000 fsuid=1000 egid=1000 sgid=1000 fsgid=1000 tty=(none) ses=19 comm="iptables" exe="/usr/sbin/xtables-nft-multi" key=(null)
2026-08-18T23:40:44+02:00 nezha audit: PROCTITLE proctitle=69707461626C6573002D2D617070656E64004F5554505554002D6F0074756E30002D6A00414343455054
2026-08-18T23:40:44+02:00 nezha audit[3101174]: NETFILTER_CFG table=filter:9773 family=10 entries=1 op=nft_register_rule pid=3101174 comm="ip6tables"
2026-08-18T23:40:44+02:00 nezha audit[3101174]: SYSCALL arch=c000003e syscall=46 success=yes exit=292 a0=3 a1=7ffe04708030 a2=0 a3=0 items=0 ppid=1669414 pid=3101174 auid=1000 uid=1000 gid=1000 euid=1000 suid=1000 fsuid=1000 egid=1000 sgid=1000 fsgid=1000 tty=(none) ses=19 comm="ip6tables" exe="/usr/sbin/xtables-nft-multi" key=(null)
2026-08-18T23:40:44+02:00 nezha audit: PROCTITLE proctitle=6970367461626C6573002D2D617070656E64004F5554505554002D6F0074756E30002D6A00414343455054
2026-08-18T23:40:51+02:00 nezha audit[3101430]: NETFILTER_CFG table=filter:9774 family=2 entries=1 op=nft_unregister_rule pid=3101430 comm="iptables"
2026-08-18T23:40:51+02:00 nezha audit[3101430]: SYSCALL arch=c000003e syscall=46 success=yes exit=584 a0=3 a1=7ffc032e74e0 a2=0 a3=0 items=0 ppid=1669414 pid=3101430 auid=1000 uid=1000 gid=1000 euid=1000 suid=1000 fsuid=1000 egid=1000 sgid=1000 fsgid=1000 tty=(none) ses=19 comm="iptables" exe="/usr/sbin/xtables-nft-multi" key=(null)
2026-08-18T23:40:51+02:00 nezha audit: PROCTITLE proctitle=69707461626C6573002D740066696C746572002D44004F55545055540034
2026-08-18T23:40:51+02:00 nezha kernel: kauditd_printk_skb: 8 callbacks suppressed
2026-08-18T23:40:51+02:00 nezha kernel: audit: type=1325 audit(1787089251.088:11042): table=filter:9774 family=2 entries=1 op=nft_unregister_rule pid=3101430 comm="iptables"
2026-08-18T23:40:51+02:00 nezha kernel: audit: type=1300 audit(1787089251.088:11042): arch=c000003e syscall=46 success=yes exit=584 a0=3 a1=7ffc032e74e0 a2=0 a3=0 items=0 ppid=1669414 pid=3101430 auid=1000 uid=1000 gid=1000 euid=1000 suid=1000 fsuid=1000 egid=1000 sgid=1000 fsgid=1000 tty=(none) ses=19 comm="iptables" exe="/usr/sbin/xtables-nft-multi" key=(null)
2026-08-18T23:40:51+02:00 nezha kernel: audit: type=1327 audit(1787089251.088:11042): proctitle=69707461626C6573002D740066696C746572002D44004F55545055540034
2026-08-18T23:40:51+02:00 nezha audit[3101434]: NETFILTER_CFG table=filter:9775 family=2 entries=1 op=nft_unregister_rule pid=3101434 comm="iptables"
2026-08-18T23:40:51+02:00 nezha audit[3101434]: SYSCALL arch=c000003e syscall=46 success=yes exit=296 a0=3 a1=7fff7084a280 a2=0 a3=0 items=0 ppid=1669414 pid=3101434 auid=1000 uid=1000 gid=1000 euid=1000 suid=1000 fsuid=1000 egid=1000 sgid=1000 fsgid=1000 tty=(none) ses=19 comm="iptables" exe="/usr/sbin/xtables-nft-multi" key=(null)
2026-08-18T23:40:51+02:00 nezha audit: PROCTITLE proctitle=69707461626C6573002D740066696C746572002D44004F55545055540034
2026-08-18T23:40:51+02:00 nezha kernel: audit: type=1325 audit(1787089251.101:11043): table=filter:9775 family=2 entries=1 op=nft_unregister_rule pid=3101434 comm="iptables"
2026-08-18T23:40:51+02:00 nezha kernel: audit: type=1300 audit(1787089251.101:11043): arch=c000003e syscall=46 success=yes exit=296 a0=3 a1=7fff7084a280 a2=0 a3=0 items=0 ppid=1669414 pid=3101434 auid=1000 uid=1000 gid=1000 euid=1000 suid=1000 fsuid=1000 egid=1000 sgid=1000 fsgid=1000 tty=(none) ses=19 comm="iptables" exe="/usr/sbin/xtables-nft-multi" key=(null)
2026-08-18T23:40:51+02:00 nezha kernel: audit: type=1327 audit(1787089251.101:11043): proctitle=69707461626C6573002D740066696C746572002D44004F55545055540034
2026-08-18T23:40:51+02:00 nezha audit[3101436]: NETFILTER_CFG table=filter:9776 family=10 entries=1 op=nft_unregister_rule pid=3101436 comm="ip6tables"
2026-08-18T23:40:51+02:00 nezha audit[3101436]: SYSCALL arch=c000003e syscall=46 success=yes exit=296 a0=3 a1=7ffed9556300 a2=0 a3=0 items=0 ppid=1669414 pid=3101436 auid=1000 uid=1000 gid=1000 euid=1000 suid=1000 fsuid=1000 egid=1000 sgid=1000 fsgid=1000 tty=(none) ses=19 comm="ip6tables" exe="/usr/sbin/xtables-nft-multi" key=(null)
2026-08-18T23:40:51+02:00 nezha audit: PROCTITLE proctitle=6970367461626C6573002D740066696C746572002D44004F55545055540035
2026-08-18T23:40:51+02:00 nezha kernel: audit: type=1325 audit(1787089251.111:11044): table=filter:9776 family=10 entries=1 op=nft_unregister_rule pid=3101436 comm="ip6tables"
2026-08-18T23:40:51+02:00 nezha kernel: audit: type=1300 audit(1787089251.111:11044): arch=c000003e syscall=46 success=yes exit=296 a0=3 a1=7ffed9556300 a2=0 a3=0 items=0 ppid=1669414 pid=3101436 auid=1000 uid=1000 gid=1000 euid=1000 suid=1000 fsuid=1000 egid=1000 sgid=1000 fsgid=1000 tty=(none) ses=19 comm="ip6tables" exe="/usr/sbin/xtables-nft-multi" key=(null)
2026-08-18T23:40:51+02:00 nezha kernel: audit: type=1327 audit(1787089251.111:11044): proctitle=6970367461626C6573002D740066696C746572002D44004F55545055540035
2026-08-18T23:40:51+02:00 nezha audit[3101444]: NETFILTER_CFG table=filter:9777 family=2 entries=1 op=nft_register_rule pid=3101444 comm="iptables"
2026-08-18T23:40:51+02:00 nezha audit[3101444]: SYSCALL arch=c000003e syscall=46 success=yes exit=580 a0=3 a1=7ffeb52a0d60 a2=0 a3=0 items=0 ppid=1669414 pid=3101444 auid=1000 uid=1000 gid=1000 euid=1000 suid=1000 fsuid=1000 egid=1000 sgid=1000 fsgid=1000 tty=(none) ses=19 comm="iptables" exe="/usr/sbin/xtables-nft-multi" key=(null)
2026-08-18T23:40:51+02:00 nezha audit: PROCTITLE proctitle=69707461626C6573002D2D617070656E64004F5554505554002D640032332E3233342E36392E313237002D6F0065746830002D7000756470002D6D00756470002D2D64706F7274003531383230002D6A00414343455054
2026-08-18T23:40:51+02:00 nezha kernel: audit: type=1325 audit(1787089251.130:11045): table=filter:9777 family=2 entries=1 op=nft_register_rule pid=3101444 comm="iptables"
2026-08-18T23:40:51+02:00 nezha audit[3101447]: NETFILTER_CFG table=filter:9778 family=2 entries=1 op=nft_register_rule pid=3101447 comm="iptables"
2026-08-18T23:40:51+02:00 nezha audit[3101447]: SYSCALL arch=c000003e syscall=46 success=yes exit=292 a0=3 a1=7fff82c393a0 a2=0 a3=0 items=0 ppid=1669414 pid=3101447 auid=1000 uid=1000 gid=1000 euid=1000 suid=1000 fsuid=1000 egid=1000 sgid=1000 fsgid=1000 tty=(none) ses=19 comm="iptables" exe="/usr/sbin/xtables-nft-multi" key=(null)
2026-08-18T23:40:51+02:00 nezha audit: PROCTITLE proctitle=69707461626C6573002D2D617070656E64004F5554505554002D6F0074756E30002D6A00414343455054
2026-08-18T23:40:51+02:00 nezha audit[3101448]: NETFILTER_CFG table=filter:9779 family=10 entries=1 op=nft_register_rule pid=3101448 comm="ip6tables"
2026-08-18T23:40:51+02:00 nezha audit[3101448]: SYSCALL arch=c000003e syscall=46 success=yes exit=292 a0=3 a1=7ffcae286a20 a2=0 a3=0 items=0 ppid=1669414 pid=3101448 auid=1000 uid=1000 gid=1000 euid=1000 suid=1000 fsuid=1000 egid=1000 sgid=1000 fsgid=1000 tty=(none) ses=19 comm="ip6tables" exe="/usr/sbin/xtables-nft-multi" key=(null)
2026-08-18T23:40:51+02:00 nezha audit: PROCTITLE proctitle=6970367461626C6573002D2D617070656E64004F5554505554002D6F0074756E30002D6A00414343455054
2026-08-18T23:40:57+02:00 nezha audit[3101540]: NETFILTER_CFG table=filter:9780 family=2 entries=1 op=nft_unregister_rule pid=3101540 comm="iptables"
2026-08-18T23:40:57+02:00 nezha audit[3101540]: SYSCALL arch=c000003e syscall=46 success=yes exit=584 a0=3 a1=7ffe847c4120 a2=0 a3=0 items=0 ppid=1669414 pid=3101540 auid=1000 uid=1000 gid=1000 euid=1000 suid=1000 fsuid=1000 egid=1000 sgid=1000 fsgid=1000 tty=(none) ses=19 comm="iptables" exe="/usr/sbin/xtables-nft-multi" key=(null)
2026-08-18T23:40:57+02:00 nezha audit: PROCTITLE proctitle=69707461626C6573002D740066696C746572002D44004F55545055540034
2026-08-18T23:40:57+02:00 nezha kernel: kauditd_printk_skb: 8 callbacks suppressed
2026-08-18T23:40:57+02:00 nezha kernel: audit: type=1325 audit(1787089257.300:11048): table=filter:9780 family=2 entries=1 op=nft_unregister_rule pid=3101540 comm="iptables"
2026-08-18T23:40:57+02:00 nezha kernel: audit: type=1300 audit(1787089257.300:11048): arch=c000003e syscall=46 success=yes exit=584 a0=3 a1=7ffe847c4120 a2=0 a3=0 items=0 ppid=1669414 pid=3101540 auid=1000 uid=1000 gid=1000 euid=1000 suid=1000 fsuid=1000 egid=1000 sgid=1000 fsgid=1000 tty=(none) ses=19 comm="iptables" exe="/usr/sbin/xtables-nft-multi" key=(null)
2026-08-18T23:40:57+02:00 nezha kernel: audit: type=1327 audit(1787089257.300:11048): proctitle=69707461626C6573002D740066696C746572002D44004F55545055540034
2026-08-18T23:40:57+02:00 nezha audit[3101544]: NETFILTER_CFG table=filter:9781 family=2 entries=1 op=nft_unregister_rule pid=3101544 comm="iptables"
2026-08-18T23:40:57+02:00 nezha audit[3101544]: SYSCALL arch=c000003e syscall=46 success=yes exit=296 a0=3 a1=7ffc1e81ce70 a2=0 a3=0 items=0 ppid=1669414 pid=3101544 auid=1000 uid=1000 gid=1000 euid=1000 suid=1000 fsuid=1000 egid=1000 sgid=1000 fsgid=1000 tty=(none) ses=19 comm="iptables" exe="/usr/sbin/xtables-nft-multi" key=(null)
2026-08-18T23:40:57+02:00 nezha audit: PROCTITLE proctitle=69707461626C6573002D740066696C746572002D44004F55545055540034
2026-08-18T23:40:57+02:00 nezha kernel: audit: type=1325 audit(1787089257.315:11049): table=filter:9781 family=2 entries=1 op=nft_unregister_rule pid=3101544 comm="iptables"
2026-08-18T23:40:57+02:00 nezha kernel: audit: type=1300 audit(1787089257.315:11049): arch=c000003e syscall=46 success=yes exit=296 a0=3 a1=7ffc1e81ce70 a2=0 a3=0 items=0 ppid=1669414 pid=3101544 auid=1000 uid=1000 gid=1000 euid=1000 suid=1000 fsuid=1000 egid=1000 sgid=1000 fsgid=1000 tty=(none) ses=19 comm="iptables" exe="/usr/sbin/xtables-nft-multi" key=(null)
2026-08-18T23:40:57+02:00 nezha kernel: audit: type=1327 audit(1787089257.315:11049): proctitle=69707461626C6573002D740066696C746572002D44004F55545055540034
2026-08-18T23:40:57+02:00 nezha audit[3101546]: NETFILTER_CFG table=filter:9782 family=10 entries=1 op=nft_unregister_rule pid=3101546 comm="ip6tables"
2026-08-18T23:40:57+02:00 nezha audit[3101546]: SYSCALL arch=c000003e syscall=46 success=yes exit=296 a0=3 a1=7ffeca5d0120 a2=0 a3=0 items=0 ppid=1669414 pid=3101546 auid=1000 uid=1000 gid=1000 euid=1000 suid=1000 fsuid=1000 egid=1000 sgid=1000 fsgid=1000 tty=(none) ses=19 comm="ip6tables" exe="/usr/sbin/xtables-nft-multi" key=(null)
2026-08-18T23:40:57+02:00 nezha audit: PROCTITLE proctitle=6970367461626C6573002D740066696C746572002D44004F55545055540035
2026-08-18T23:40:57+02:00 nezha kernel: audit: type=1325 audit(1787089257.328:11050): table=filter:9782 family=10 entries=1 op=nft_unregister_rule pid=3101546 comm="ip6tables"
2026-08-18T23:40:57+02:00 nezha kernel: audit: type=1300 audit(1787089257.328:11050): arch=c000003e syscall=46 success=yes exit=296 a0=3 a1=7ffeca5d0120 a2=0 a3=0 items=0 ppid=1669414 pid=3101546 auid=1000 uid=1000 gid=1000 euid=1000 suid=1000 fsuid=1000 egid=1000 sgid=1000 fsgid=1000 tty=(none) ses=19 comm="ip6tables" exe="/usr/sbin/xtables-nft-multi" key=(null)
2026-08-18T23:40:57+02:00 nezha kernel: audit: type=1327 audit(1787089257.328:11050): proctitle=6970367461626C6573002D740066696C746572002D44004F55545055540035
2026-08-18T23:40:57+02:00 nezha audit[3101549]: NETFILTER_CFG table=filter:9783 family=2 entries=1 op=nft_register_rule pid=3101549 comm="iptables"
2026-08-18T23:40:57+02:00 nezha audit[3101549]: SYSCALL arch=c000003e syscall=46 success=yes exit=580 a0=3 a1=7ffec20d06e0 a2=0 a3=0 items=0 ppid=1669414 pid=3101549 auid=1000 uid=1000 gid=1000 euid=1000 suid=1000 fsuid=1000 egid=1000 sgid=1000 fsgid=1000 tty=(none) ses=19 comm="iptables" exe="/usr/sbin/xtables-nft-multi" key=(null)
2026-08-18T23:40:57+02:00 nezha audit: PROCTITLE proctitle=69707461626C6573002D2D617070656E64004F5554505554002D64003134362E37302E3131372E313330002D6F0065746830002D7000756470002D6D00756470002D2D64706F7274003531383230002D6A00414343455054
2026-08-18T23:40:57+02:00 nezha kernel: audit: type=1325 audit(1787089257.341:11051): table=filter:9783 family=2 entries=1 op=nft_register_rule pid=3101549 comm="iptables"
2026-08-18T23:40:57+02:00 nezha audit[3101552]: NETFILTER_CFG table=filter:9784 family=2 entries=1 op=nft_register_rule pid=3101552 comm="iptables"
2026-08-18T23:40:57+02:00 nezha audit[3101552]: SYSCALL arch=c000003e syscall=46 success=yes exit=292 a0=3 a1=7fffc3468b80 a2=0 a3=0 items=0 ppid=1669414 pid=3101552 auid=1000 uid=1000 gid=1000 euid=1000 suid=1000 fsuid=1000 egid=1000 sgid=1000 fsgid=1000 tty=(none) ses=19 comm="iptables" exe="/usr/sbin/xtables-nft-multi" key=(null)
2026-08-18T23:40:57+02:00 nezha audit: PROCTITLE proctitle=69707461626C6573002D2D617070656E64004F5554505554002D6F0074756E30002D6A00414343455054
2026-08-18T23:40:57+02:00 nezha audit[3101553]: NETFILTER_CFG table=filter:9785 family=10 entries=1 op=nft_register_rule pid=3101553 comm="ip6tables"
2026-08-18T23:40:57+02:00 nezha audit[3101553]: SYSCALL arch=c000003e syscall=46 success=yes exit=292 a0=3 a1=7ffc50eb7b70 a2=0 a3=0 items=0 ppid=1669414 pid=3101553 auid=1000 uid=1000 gid=1000 euid=1000 suid=1000 fsuid=1000 egid=1000 sgid=1000 fsgid=1000 tty=(none) ses=19 comm="ip6tables" exe="/usr/sbin/xtables-nft-multi" key=(null)
2026-08-18T23:40:57+02:00 nezha audit: PROCTITLE proctitle=6970367461626C6573002D2D617070656E64004F5554505554002D6F0074756E30002D6A00414343455054
2026-08-18T23:41:03+02:00 nezha audit[3101747]: NETFILTER_CFG table=filter:9786 family=2 entries=1 op=nft_unregister_rule pid=3101747 comm="iptables"
2026-08-18T23:41:03+02:00 nezha audit[3101747]: SYSCALL arch=c000003e syscall=46 success=yes exit=584 a0=3 a1=7ffcd1d12df0 a2=0 a3=0 items=0 ppid=1669414 pid=3101747 auid=1000 uid=1000 gid=1000 euid=1000 suid=1000 fsuid=1000 egid=1000 sgid=1000 fsgid=1000 tty=(none) ses=19 comm="iptables" exe="/usr/sbin/xtables-nft-multi" key=(null)
2026-08-18T23:41:03+02:00 nezha audit: PROCTITLE proctitle=69707461626C6573002D740066696C746572002D44004F55545055540034
2026-08-18T23:41:03+02:00 nezha kernel: kauditd_printk_skb: 8 callbacks suppressed
2026-08-18T23:41:03+02:00 nezha kernel: audit: type=1325 audit(1787089263.517:11054): table=filter:9786 family=2 entries=1 op=nft_unregister_rule pid=3101747 comm="iptables"
2026-08-18T23:41:03+02:00 nezha kernel: audit: type=1300 audit(1787089263.517:11054): arch=c000003e syscall=46 success=yes exit=584 a0=3 a1=7ffcd1d12df0 a2=0 a3=0 items=0 ppid=1669414 pid=3101747 auid=1000 uid=1000 gid=1000 euid=1000 suid=1000 fsuid=1000 egid=1000 sgid=1000 fsgid=1000 tty=(none) ses=19 comm="iptables" exe="/usr/sbin/xtables-nft-multi" key=(null)
2026-08-18T23:41:03+02:00 nezha kernel: audit: type=1327 audit(1787089263.517:11054): proctitle=69707461626C6573002D740066696C746572002D44004F55545055540034
2026-08-18T23:41:03+02:00 nezha audit[3101751]: NETFILTER_CFG table=filter:9787 family=2 entries=1 op=nft_unregister_rule pid=3101751 comm="iptables"
2026-08-18T23:41:03+02:00 nezha audit[3101751]: SYSCALL arch=c000003e syscall=46 success=yes exit=296 a0=3 a1=7fffcd1564e0 a2=0 a3=0 items=0 ppid=1669414 pid=3101751 auid=1000 uid=1000 gid=1000 euid=1000 suid=1000 fsuid=1000 egid=1000 sgid=1000 fsgid=1000 tty=(none) ses=19 comm="iptables" exe="/usr/sbin/xtables-nft-multi" key=(null)
2026-08-18T23:41:03+02:00 nezha audit: PROCTITLE proctitle=69707461626C6573002D740066696C746572002D44004F55545055540034
2026-08-18T23:41:03+02:00 nezha kernel: audit: type=1325 audit(1787089263.529:11055): table=filter:9787 family=2 entries=1 op=nft_unregister_rule pid=3101751 comm="iptables"
2026-08-18T23:41:03+02:00 nezha kernel: audit: type=1300 audit(1787089263.529:11055): arch=c000003e syscall=46 success=yes exit=296 a0=3 a1=7fffcd1564e0 a2=0 a3=0 items=0 ppid=1669414 pid=3101751 auid=1000 uid=1000 gid=1000 euid=1000 suid=1000 fsuid=1000 egid=1000 sgid=1000 fsgid=1000 tty=(none) ses=19 comm="iptables" exe="/usr/sbin/xtables-nft-multi" key=(null)
2026-08-18T23:41:03+02:00 nezha kernel: audit: type=1327 audit(1787089263.529:11055): proctitle=69707461626C6573002D740066696C746572002D44004F55545055540034
2026-08-18T23:41:03+02:00 nezha audit[3101753]: NETFILTER_CFG table=filter:9788 family=10 entries=1 op=nft_unregister_rule pid=3101753 comm="ip6tables"
2026-08-18T23:41:03+02:00 nezha audit[3101753]: SYSCALL arch=c000003e syscall=46 success=yes exit=296 a0=3 a1=7ffc9b2f26c0 a2=0 a3=0 items=0 ppid=1669414 pid=3101753 auid=1000 uid=1000 gid=1000 euid=1000 suid=1000 fsuid=1000 egid=1000 sgid=1000 fsgid=1000 tty=(none) ses=19 comm="ip6tables" exe="/usr/sbin/xtables-nft-multi" key=(null)
2026-08-18T23:41:03+02:00 nezha audit: PROCTITLE proctitle=6970367461626C6573002D740066696C746572002D44004F55545055540035
2026-08-18T23:41:03+02:00 nezha kernel: audit: type=1325 audit(1787089263.542:11056): table=filter:9788 family=10 entries=1 op=nft_unregister_rule pid=3101753 comm="ip6tables"
2026-08-18T23:41:03+02:00 nezha kernel: audit: type=1300 audit(1787089263.542:11056): arch=c000003e syscall=46 success=yes exit=296 a0=3 a1=7ffc9b2f26c0 a2=0 a3=0 items=0 ppid=1669414 pid=3101753 auid=1000 uid=1000 gid=1000 euid=1000 suid=1000 fsuid=1000 egid=1000 sgid=1000 fsgid=1000 tty=(none) ses=19 comm="ip6tables" exe="/usr/sbin/xtables-nft-multi" key=(null)
2026-08-18T23:41:03+02:00 nezha kernel: audit: type=1327 audit(1787089263.542:11056): proctitle=6970367461626C6573002D740066696C746572002D44004F55545055540035
2026-08-18T23:41:03+02:00 nezha audit[3101755]: NETFILTER_CFG table=filter:9789 family=2 entries=1 op=nft_register_rule pid=3101755 comm="iptables"
2026-08-18T23:41:03+02:00 nezha audit[3101755]: SYSCALL arch=c000003e syscall=46 success=yes exit=580 a0=3 a1=7ffd7980b2f0 a2=0 a3=0 items=0 ppid=1669414 pid=3101755 auid=1000 uid=1000 gid=1000 euid=1000 suid=1000 fsuid=1000 egid=1000 sgid=1000 fsgid=1000 tty=(none) ses=19 comm="iptables" exe="/usr/sbin/xtables-nft-multi" key=(null)
2026-08-18T23:41:03+02:00 nezha audit: PROCTITLE proctitle=69707461626C6573002D2D617070656E64004F5554505554002D640037392E3132372E3138322E313630002D6F0065746830002D7000756470002D6D00756470002D2D64706F7274003531383230002D6A00414343455054
2026-08-18T23:41:03+02:00 nezha kernel: audit: type=1325 audit(1787089263.562:11057): table=filter:9789 family=2 entries=1 op=nft_register_rule pid=3101755 comm="iptables"
2026-08-18T23:41:03+02:00 nezha audit[3101758]: NETFILTER_CFG table=filter:9790 family=2 entries=1 op=nft_register_rule pid=3101758 comm="iptables"
2026-08-18T23:41:03+02:00 nezha audit[3101758]: SYSCALL arch=c000003e syscall=46 success=yes exit=292 a0=3 a1=7ffdf5b7eda0 a2=0 a3=0 items=0 ppid=1669414 pid=3101758 auid=1000 uid=1000 gid=1000 euid=1000 suid=1000 fsuid=1000 egid=1000 sgid=1000 fsgid=1000 tty=(none) ses=19 comm="iptables" exe="/usr/sbin/xtables-nft-multi" key=(null)
2026-08-18T23:41:03+02:00 nezha audit: PROCTITLE proctitle=69707461626C6573002D2D617070656E64004F5554505554002D6F0074756E30002D6A00414343455054
2026-08-18T23:41:03+02:00 nezha audit[3101759]: NETFILTER_CFG table=filter:9791 family=10 entries=1 op=nft_register_rule pid=3101759 comm="ip6tables"
2026-08-18T23:41:03+02:00 nezha audit[3101759]: SYSCALL arch=c000003e syscall=46 success=yes exit=292 a0=3 a1=7ffdad2a5db0 a2=0 a3=0 items=0 ppid=1669414 pid=3101759 auid=1000 uid=1000 gid=1000 euid=1000 suid=1000 fsuid=1000 egid=1000 sgid=1000 fsgid=1000 tty=(none) ses=19 comm="ip6tables" exe="/usr/sbin/xtables-nft-multi" key=(null)
2026-08-18T23:41:03+02:00 nezha audit: PROCTITLE proctitle=6970367461626C6573002D2D617070656E64004F5554505554002D6F0074756E30002D6A00414343455054
2026-08-18T23:41:09+02:00 nezha audit[3101831]: NETFILTER_CFG table=filter:9792 family=2 entries=1 op=nft_unregister_rule pid=3101831 comm="iptables"
2026-08-18T23:41:09+02:00 nezha audit[3101831]: SYSCALL arch=c000003e syscall=46 success=yes exit=584 a0=3 a1=7ffef1f5b450 a2=0 a3=0 items=0 ppid=1669414 pid=3101831 auid=1000 uid=1000 gid=1000 euid=1000 suid=1000 fsuid=1000 egid=1000 sgid=1000 fsgid=1000 tty=(none) ses=19 comm="iptables" exe="/usr/sbin/xtables-nft-multi" key=(null)
2026-08-18T23:41:09+02:00 nezha audit: PROCTITLE proctitle=69707461626C6573002D740066696C746572002D44004F55545055540034
2026-08-18T23:41:09+02:00 nezha kernel: kauditd_printk_skb: 8 callbacks suppressed
2026-08-18T23:41:09+02:00 nezha kernel: audit: type=1325 audit(1787089269.747:11060): table=filter:9792 family=2 entries=1 op=nft_unregister_rule pid=3101831 comm="iptables"
2026-08-18T23:41:09+02:00 nezha kernel: audit: type=1300 audit(1787089269.747:11060): arch=c000003e syscall=46 success=yes exit=584 a0=3 a1=7ffef1f5b450 a2=0 a3=0 items=0 ppid=1669414 pid=3101831 auid=1000 uid=1000 gid=1000 euid=1000 suid=1000 fsuid=1000 egid=1000 sgid=1000 fsgid=1000 tty=(none) ses=19 comm="iptables" exe="/usr/sbin/xtables-nft-multi" key=(null)
2026-08-18T23:41:09+02:00 nezha kernel: audit: type=1327 audit(1787089269.747:11060): proctitle=69707461626C6573002D740066696C746572002D44004F55545055540034
2026-08-18T23:41:09+02:00 nezha audit[3101835]: NETFILTER_CFG table=filter:9793 family=2 entries=1 op=nft_unregister_rule pid=3101835 comm="iptables"
2026-08-18T23:41:09+02:00 nezha audit[3101835]: SYSCALL arch=c000003e syscall=46 success=yes exit=296 a0=3 a1=7ffccf981340 a2=0 a3=0 items=0 ppid=1669414 pid=3101835 auid=1000 uid=1000 gid=1000 euid=1000 suid=1000 fsuid=1000 egid=1000 sgid=1000 fsgid=1000 tty=(none) ses=19 comm="iptables" exe="/usr/sbin/xtables-nft-multi" key=(null)
2026-08-18T23:41:09+02:00 nezha audit: PROCTITLE proctitle=69707461626C6573002D740066696C746572002D44004F55545055540034
2026-08-18T23:41:09+02:00 nezha kernel: audit: type=1325 audit(1787089269.759:11061): table=filter:9793 family=2 entries=1 op=nft_unregister_rule pid=3101835 comm="iptables"
2026-08-18T23:41:09+02:00 nezha kernel: audit: type=1300 audit(1787089269.759:11061): arch=c000003e syscall=46 success=yes exit=296 a0=3 a1=7ffccf981340 a2=0 a3=0 items=0 ppid=1669414 pid=3101835 auid=1000 uid=1000 gid=1000 euid=1000 suid=1000 fsuid=1000 egid=1000 sgid=1000 fsgid=1000 tty=(none) ses=19 comm="iptables" exe="/usr/sbin/xtables-nft-multi" key=(null)
2026-08-18T23:41:09+02:00 nezha kernel: audit: type=1327 audit(1787089269.759:11061): proctitle=69707461626C6573002D740066696C746572002D44004F55545055540034
2026-08-18T23:41:09+02:00 nezha audit[3101837]: NETFILTER_CFG table=filter:9794 family=10 entries=1 op=nft_unregister_rule pid=3101837 comm="ip6tables"
2026-08-18T23:41:09+02:00 nezha audit[3101837]: SYSCALL arch=c000003e syscall=46 success=yes exit=296 a0=3 a1=7fffeddc2640 a2=0 a3=0 items=0 ppid=1669414 pid=3101837 auid=1000 uid=1000 gid=1000 euid=1000 suid=1000 fsuid=1000 egid=1000 sgid=1000 fsgid=1000 tty=(none) ses=19 comm="ip6tables" exe="/usr/sbin/xtables-nft-multi" key=(null)
2026-08-18T23:41:09+02:00 nezha audit: PROCTITLE proctitle=6970367461626C6573002D740066696C746572002D44004F55545055540035
2026-08-18T23:41:09+02:00 nezha kernel: audit: type=1325 audit(1787089269.777:11062): table=filter:9794 family=10 entries=1 op=nft_unregister_rule pid=3101837 comm="ip6tables"
2026-08-18T23:41:09+02:00 nezha kernel: audit: type=1300 audit(1787089269.777:11062): arch=c000003e syscall=46 success=yes exit=296 a0=3 a1=7fffeddc2640 a2=0 a3=0 items=0 ppid=1669414 pid=3101837 auid=1000 uid=1000 gid=1000 euid=1000 suid=1000 fsuid=1000 egid=1000 sgid=1000 fsgid=1000 tty=(none) ses=19 comm="ip6tables" exe="/usr/sbin/xtables-nft-multi" key=(null)
2026-08-18T23:41:09+02:00 nezha kernel: audit: type=1327 audit(1787089269.777:11062): proctitle=6970367461626C6573002D740066696C746572002D44004F55545055540035
2026-08-18T23:41:09+02:00 nezha audit[3101839]: NETFILTER_CFG table=filter:9795 family=2 entries=1 op=nft_register_rule pid=3101839 comm="iptables"
2026-08-18T23:41:09+02:00 nezha audit[3101839]: SYSCALL arch=c000003e syscall=46 success=yes exit=580 a0=3 a1=7ffedaeeffc0 a2=0 a3=0 items=0 ppid=1669414 pid=3101839 auid=1000 uid=1000 gid=1000 euid=1000 suid=1000 fsuid=1000 egid=1000 sgid=1000 fsgid=1000 tty=(none) ses=19 comm="iptables" exe="/usr/sbin/xtables-nft-multi" key=(null)
2026-08-18T23:41:09+02:00 nezha audit: PROCTITLE proctitle=69707461626C6573002D2D617070656E64004F5554505554002D640032332E3233342E3130392E33002D6F0065746830002D7000756470002D6D00756470002D2D64706F7274003531383230002D6A00414343455054
2026-08-18T23:41:09+02:00 nezha kernel: audit: type=1325 audit(1787089269.791:11063): table=filter:9795 family=2 entries=1 op=nft_register_rule pid=3101839 comm="iptables"
2026-08-18T23:41:09+02:00 nezha audit[3101842]: NETFILTER_CFG table=filter:9796 family=2 entries=1 op=nft_register_rule pid=3101842 comm="iptables"
2026-08-18T23:41:09+02:00 nezha audit[3101842]: SYSCALL arch=c000003e syscall=46 success=yes exit=292 a0=3 a1=7ffe404a7030 a2=0 a3=0 items=0 ppid=1669414 pid=3101842 auid=1000 uid=1000 gid=1000 euid=1000 suid=1000 fsuid=1000 egid=1000 sgid=1000 fsgid=1000 tty=(none) ses=19 comm="iptables" exe="/usr/sbin/xtables-nft-multi" key=(null)
2026-08-18T23:41:09+02:00 nezha audit: PROCTITLE proctitle=69707461626C6573002D2D617070656E64004F5554505554002D6F0074756E30002D6A00414343455054
2026-08-18T23:41:09+02:00 nezha audit[3101843]: NETFILTER_CFG table=filter:9797 family=10 entries=1 op=nft_register_rule pid=3101843 comm="ip6tables"
2026-08-18T23:41:09+02:00 nezha audit[3101843]: SYSCALL arch=c000003e syscall=46 success=yes exit=292 a0=3 a1=7ffd3bd8cc20 a2=0 a3=0 items=0 ppid=1669414 pid=3101843 auid=1000 uid=1000 gid=1000 euid=1000 suid=1000 fsuid=1000 egid=1000 sgid=1000 fsgid=1000 tty=(none) ses=19 comm="ip6tables" exe="/usr/sbin/xtables-nft-multi" key=(null)
2026-08-18T23:41:09+02:00 nezha audit: PROCTITLE proctitle=6970367461626C6573002D2D617070656E64004F5554505554002D6F0074756E30002D6A00414343455054
2026-08-18T23:41:15+02:00 nezha audit[3102224]: NETFILTER_CFG table=filter:9798 family=2 entries=1 op=nft_unregister_rule pid=3102224 comm="iptables"
2026-08-18T23:41:15+02:00 nezha audit[3102224]: SYSCALL arch=c000003e syscall=46 success=yes exit=584 a0=3 a1=7ffdf9e4cba0 a2=0 a3=0 items=0 ppid=1669414 pid=3102224 auid=1000 uid=1000 gid=1000 euid=1000 suid=1000 fsuid=1000 egid=1000 sgid=1000 fsgid=1000 tty=(none) ses=19 comm="iptables" exe="/usr/sbin/xtables-nft-multi" key=(null)
2026-08-18T23:41:15+02:00 nezha audit: PROCTITLE proctitle=69707461626C6573002D740066696C746572002D44004F55545055540034
2026-08-18T23:41:15+02:00 nezha kernel: kauditd_printk_skb: 8 callbacks suppressed
2026-08-18T23:41:15+02:00 nezha kernel: audit: type=1325 audit(1787089275.956:11066): table=filter:9798 family=2 entries=1 op=nft_unregister_rule pid=3102224 comm="iptables"
2026-08-18T23:41:15+02:00 nezha kernel: audit: type=1300 audit(1787089275.956:11066): arch=c000003e syscall=46 success=yes exit=584 a0=3 a1=7ffdf9e4cba0 a2=0 a3=0 items=0 ppid=1669414 pid=3102224 auid=1000 uid=1000 gid=1000 euid=1000 suid=1000 fsuid=1000 egid=1000 sgid=1000 fsgid=1000 tty=(none) ses=19 comm="iptables" exe="/usr/sbin/xtables-nft-multi" key=(null)
2026-08-18T23:41:15+02:00 nezha kernel: audit: type=1327 audit(1787089275.956:11066): proctitle=69707461626C6573002D740066696C746572002D44004F55545055540034
2026-08-18T23:41:15+02:00 nezha audit[3102228]: NETFILTER_CFG table=filter:9799 family=2 entries=1 op=nft_unregister_rule pid=3102228 comm="iptables"
2026-08-18T23:41:15+02:00 nezha audit[3102228]: SYSCALL arch=c000003e syscall=46 success=yes exit=296 a0=3 a1=7ffc553deb00 a2=0 a3=0 items=0 ppid=1669414 pid=3102228 auid=1000 uid=1000 gid=1000 euid=1000 suid=1000 fsuid=1000 egid=1000 sgid=1000 fsgid=1000 tty=(none) ses=19 comm="iptables" exe="/usr/sbin/xtables-nft-multi" key=(null)
2026-08-18T23:41:15+02:00 nezha audit: PROCTITLE proctitle=69707461626C6573002D740066696C746572002D44004F55545055540034
2026-08-18T23:41:15+02:00 nezha kernel: audit: type=1325 audit(1787089275.967:11067): table=filter:9799 family=2 entries=1 op=nft_unregister_rule pid=3102228 comm="iptables"
2026-08-18T23:41:15+02:00 nezha kernel: audit: type=1300 audit(1787089275.967:11067): arch=c000003e syscall=46 success=yes exit=296 a0=3 a1=7ffc553deb00 a2=0 a3=0 items=0 ppid=1669414 pid=3102228 auid=1000 uid=1000 gid=1000 euid=1000 suid=1000 fsuid=1000 egid=1000 sgid=1000 fsgid=1000 tty=(none) ses=19 comm="iptables" exe="/usr/sbin/xtables-nft-multi" key=(null)
2026-08-18T23:41:15+02:00 nezha kernel: audit: type=1327 audit(1787089275.967:11067): proctitle=69707461626C6573002D740066696C746572002D44004F55545055540034
2026-08-18T23:41:15+02:00 nezha audit[3102232]: NETFILTER_CFG table=filter:9800 family=10 entries=1 op=nft_unregister_rule pid=3102232 comm="ip6tables"
2026-08-18T23:41:15+02:00 nezha audit[3102232]: SYSCALL arch=c000003e syscall=46 success=yes exit=296 a0=3 a1=7ffdc5fb85a0 a2=0 a3=0 items=0 ppid=1669414 pid=3102232 auid=1000 uid=1000 gid=1000 euid=1000 suid=1000 fsuid=1000 egid=1000 sgid=1000 fsgid=1000 tty=(none) ses=19 comm="ip6tables" exe="/usr/sbin/xtables-nft-multi" key=(null)
2026-08-18T23:41:15+02:00 nezha audit: PROCTITLE proctitle=6970367461626C6573002D740066696C746572002D44004F55545055540035
2026-08-18T23:41:15+02:00 nezha kernel: audit: type=1325 audit(1787089275.979:11068): table=filter:9800 family=10 entries=1 op=nft_unregister_rule pid=3102232 comm="ip6tables"
2026-08-18T23:41:15+02:00 nezha kernel: audit: type=1300 audit(1787089275.979:11068): arch=c000003e syscall=46 success=yes exit=296 a0=3 a1=7ffdc5fb85a0 a2=0 a3=0 items=0 ppid=1669414 pid=3102232 auid=1000 uid=1000 gid=1000 euid=1000 suid=1000 fsuid=1000 egid=1000 sgid=1000 fsgid=1000 tty=(none) ses=19 comm="ip6tables" exe="/usr/sbin/xtables-nft-multi" key=(null)
2026-08-18T23:41:15+02:00 nezha kernel: audit: type=1327 audit(1787089275.979:11068): proctitle=6970367461626C6573002D740066696C746572002D44004F55545055540035
2026-08-18T23:41:15+02:00 nezha audit[3102234]: NETFILTER_CFG table=filter:9801 family=2 entries=1 op=nft_register_rule pid=3102234 comm="iptables"
2026-08-18T23:41:15+02:00 nezha audit[3102234]: SYSCALL arch=c000003e syscall=46 success=yes exit=580 a0=3 a1=7ffc2897dbf0 a2=0 a3=0 items=0 ppid=1669414 pid=3102234 auid=1000 uid=1000 gid=1000 euid=1000 suid=1000 fsuid=1000 egid=1000 sgid=1000 fsgid=1000 tty=(none) ses=19 comm="iptables" exe="/usr/sbin/xtables-nft-multi" key=(null)
2026-08-18T23:41:15+02:00 nezha audit: PROCTITLE proctitle=69707461626C6573002D2D617070656E64004F5554505554002D64003134362E37302E3132382E323236002D6F0065746830002D7000756470002D6D00756470002D2D64706F7274003531383230002D6A00414343455054
2026-08-18T23:41:15+02:00 nezha kernel: audit: type=1325 audit(1787089275.993:11069): table=filter:9801 family=2 entries=1 op=nft_register_rule pid=3102234 comm="iptables"
2026-08-18T23:41:15+02:00 nezha audit[3102237]: NETFILTER_CFG table=filter:9802 family=2 entries=1 op=nft_register_rule pid=3102237 comm="iptables"
2026-08-18T23:41:15+02:00 nezha audit[3102237]: SYSCALL arch=c000003e syscall=46 success=yes exit=292 a0=3 a1=7fff6a43d280 a2=0 a3=0 items=0 ppid=1669414 pid=3102237 auid=1000 uid=1000 gid=1000 euid=1000 suid=1000 fsuid=1000 egid=1000 sgid=1000 fsgid=1000 tty=(none) ses=19 comm="iptables" exe="/usr/sbin/xtables-nft-multi" key=(null)
2026-08-18T23:41:15+02:00 nezha audit: PROCTITLE proctitle=69707461626C6573002D2D617070656E64004F5554505554002D6F0074756E30002D6A00414343455054
2026-08-18T23:41:15+02:00 nezha audit[3102238]: NETFILTER_CFG table=filter:9803 family=10 entries=1 op=nft_register_rule pid=3102238 comm="ip6tables"
2026-08-18T23:41:15+02:00 nezha audit[3102238]: SYSCALL arch=c000003e syscall=46 success=yes exit=292 a0=3 a1=7fffed2efda0 a2=0 a3=0 items=0 ppid=1669414 pid=3102238 auid=1000 uid=1000 gid=1000 euid=1000 suid=1000 fsuid=1000 egid=1000 sgid=1000 fsgid=1000 tty=(none) ses=19 comm="ip6tables" exe="/usr/sbin/xtables-nft-multi" key=(null)
2026-08-18T23:41:15+02:00 nezha audit: PROCTITLE proctitle=6970367461626C6573002D2D617070656E64004F5554505554002D6F0074756E30002D6A00414343455054
2026-08-18T23:41:22+02:00 nezha audit[3103130]: NETFILTER_CFG table=filter:9804 family=2 entries=1 op=nft_unregister_rule pid=3103130 comm="iptables"
2026-08-18T23:41:22+02:00 nezha audit[3103130]: SYSCALL arch=c000003e syscall=46 success=yes exit=584 a0=3 a1=7ffe0eb5b5d0 a2=0 a3=0 items=0 ppid=1669414 pid=3103130 auid=1000 uid=1000 gid=1000 euid=1000 suid=1000 fsuid=1000 egid=1000 sgid=1000 fsgid=1000 tty=(none) ses=19 comm="iptables" exe="/usr/sbin/xtables-nft-multi" key=(null)
2026-08-18T23:41:22+02:00 nezha audit: PROCTITLE proctitle=69707461626C6573002D740066696C746572002D44004F55545055540034
2026-08-18T23:41:22+02:00 nezha kernel: kauditd_printk_skb: 8 callbacks suppressed
2026-08-18T23:41:22+02:00 nezha kernel: audit: type=1325 audit(1787089282.162:11072): table=filter:9804 family=2 entries=1 op=nft_unregister_rule pid=3103130 comm="iptables"
2026-08-18T23:41:22+02:00 nezha kernel: audit: type=1300 audit(1787089282.162:11072): arch=c000003e syscall=46 success=yes exit=584 a0=3 a1=7ffe0eb5b5d0 a2=0 a3=0 items=0 ppid=1669414 pid=3103130 auid=1000 uid=1000 gid=1000 euid=1000 suid=1000 fsuid=1000 egid=1000 sgid=1000 fsgid=1000 tty=(none) ses=19 comm="iptables" exe="/usr/sbin/xtables-nft-multi" key=(null)
2026-08-18T23:41:22+02:00 nezha kernel: audit: type=1327 audit(1787089282.162:11072): proctitle=69707461626C6573002D740066696C746572002D44004F55545055540034
2026-08-18T23:41:22+02:00 nezha audit[3103134]: NETFILTER_CFG table=filter:9805 family=2 entries=1 op=nft_unregister_rule pid=3103134 comm="iptables"
2026-08-18T23:41:22+02:00 nezha audit[3103134]: SYSCALL arch=c000003e syscall=46 success=yes exit=296 a0=3 a1=7fff86ddf3b0 a2=0 a3=0 items=0 ppid=1669414 pid=3103134 auid=1000 uid=1000 gid=1000 euid=1000 suid=1000 fsuid=1000 egid=1000 sgid=1000 fsgid=1000 tty=(none) ses=19 comm="iptables" exe="/usr/sbin/xtables-nft-multi" key=(null)
2026-08-18T23:41:22+02:00 nezha audit: PROCTITLE proctitle=69707461626C6573002D740066696C746572002D44004F55545055540034
2026-08-18T23:41:22+02:00 nezha kernel: audit: type=1325 audit(1787089282.179:11073): table=filter:9805 family=2 entries=1 op=nft_unregister_rule pid=3103134 comm="iptables"
2026-08-18T23:41:22+02:00 nezha kernel: audit: type=1300 audit(1787089282.179:11073): arch=c000003e syscall=46 success=yes exit=296 a0=3 a1=7fff86ddf3b0 a2=0 a3=0 items=0 ppid=1669414 pid=3103134 auid=1000 uid=1000 gid=1000 euid=1000 suid=1000 fsuid=1000 egid=1000 sgid=1000 fsgid=1000 tty=(none) ses=19 comm="iptables" exe="/usr/sbin/xtables-nft-multi" key=(null)
2026-08-18T23:41:22+02:00 nezha kernel: audit: type=1327 audit(1787089282.179:11073): proctitle=69707461626C6573002D740066696C746572002D44004F55545055540034
2026-08-18T23:41:22+02:00 nezha audit[3103136]: NETFILTER_CFG table=filter:9806 family=10 entries=1 op=nft_unregister_rule pid=3103136 comm="ip6tables"
2026-08-18T23:41:22+02:00 nezha audit[3103136]: SYSCALL arch=c000003e syscall=46 success=yes exit=296 a0=3 a1=7ffcf37bf7a0 a2=0 a3=0 items=0 ppid=1669414 pid=3103136 auid=1000 uid=1000 gid=1000 euid=1000 suid=1000 fsuid=1000 egid=1000 sgid=1000 fsgid=1000 tty=(none) ses=19 comm="ip6tables" exe="/usr/sbin/xtables-nft-multi" key=(null)
2026-08-18T23:41:22+02:00 nezha audit: PROCTITLE proctitle=6970367461626C6573002D740066696C746572002D44004F55545055540035
2026-08-18T23:41:22+02:00 nezha kernel: audit: type=1325 audit(1787089282.200:11074): table=filter:9806 family=10 entries=1 op=nft_unregister_rule pid=3103136 comm="ip6tables"
2026-08-18T23:41:22+02:00 nezha kernel: audit: type=1300 audit(1787089282.200:11074): arch=c000003e syscall=46 success=yes exit=296 a0=3 a1=7ffcf37bf7a0 a2=0 a3=0 items=0 ppid=1669414 pid=3103136 auid=1000 uid=1000 gid=1000 euid=1000 suid=1000 fsuid=1000 egid=1000 sgid=1000 fsgid=1000 tty=(none) ses=19 comm="ip6tables" exe="/usr/sbin/xtables-nft-multi" key=(null)
2026-08-18T23:41:22+02:00 nezha kernel: audit: type=1327 audit(1787089282.200:11074): proctitle=6970367461626C6573002D740066696C746572002D44004F55545055540035
2026-08-18T23:41:22+02:00 nezha audit[3103140]: NETFILTER_CFG table=filter:9807 family=2 entries=1 op=nft_register_rule pid=3103140 comm="iptables"
2026-08-18T23:41:22+02:00 nezha audit[3103140]: SYSCALL arch=c000003e syscall=46 success=yes exit=580 a0=3 a1=7fff1ffc8830 a2=0 a3=0 items=0 ppid=1669414 pid=3103140 auid=1000 uid=1000 gid=1000 euid=1000 suid=1000 fsuid=1000 egid=1000 sgid=1000 fsgid=1000 tty=(none) ses=19 comm="iptables" exe="/usr/sbin/xtables-nft-multi" key=(null)
2026-08-18T23:41:22+02:00 nezha audit: PROCTITLE proctitle=69707461626C6573002D2D617070656E64004F5554505554002D640034352E3133342E3134322E313933002D6F0065746830002D7000756470002D6D00756470002D2D64706F7274003531383230002D6A00414343455054
2026-08-18T23:41:22+02:00 nezha kernel: audit: type=1325 audit(1787089282.214:11075): table=filter:9807 family=2 entries=1 op=nft_register_rule pid=3103140 comm="iptables"
2026-08-18T23:41:22+02:00 nezha audit[3103143]: NETFILTER_CFG table=filter:9808 family=2 entries=1 op=nft_register_rule pid=3103143 comm="iptables"
2026-08-18T23:41:22+02:00 nezha audit[3103143]: SYSCALL arch=c000003e syscall=46 success=yes exit=292 a0=3 a1=7fff0d6ff770 a2=0 a3=0 items=0 ppid=1669414 pid=3103143 auid=1000 uid=1000 gid=1000 euid=1000 suid=1000 fsuid=1000 egid=1000 sgid=1000 fsgid=1000 tty=(none) ses=19 comm="iptables" exe="/usr/sbin/xtables-nft-multi" key=(null)
2026-08-18T23:41:22+02:00 nezha audit: PROCTITLE proctitle=69707461626C6573002D2D617070656E64004F5554505554002D6F0074756E30002D6A00414343455054
2026-08-18T23:41:22+02:00 nezha audit[3103144]: NETFILTER_CFG table=filter:9809 family=10 entries=1 op=nft_register_rule pid=3103144 comm="ip6tables"
2026-08-18T23:41:22+02:00 nezha audit[3103144]: SYSCALL arch=c000003e syscall=46 success=yes exit=292 a0=3 a1=7fff100d6740 a2=0 a3=0 items=0 ppid=1669414 pid=3103144 auid=1000 uid=1000 gid=1000 euid=1000 suid=1000 fsuid=1000 egid=1000 sgid=1000 fsgid=1000 tty=(none) ses=19 comm="ip6tables" exe="/usr/sbin/xtables-nft-multi" key=(null)
2026-08-18T23:41:22+02:00 nezha audit: PROCTITLE proctitle=6970367461626C6573002D2D617070656E64004F5554505554002D6F0074756E30002D6A00414343455054
2026-08-18T23:41:28+02:00 nezha audit[3103369]: NETFILTER_CFG table=filter:9810 family=2 entries=1 op=nft_unregister_rule pid=3103369 comm="iptables"
2026-08-18T23:41:28+02:00 nezha audit[3103369]: SYSCALL arch=c000003e syscall=46 success=yes exit=584 a0=3 a1=7ffc5d2a2a90 a2=0 a3=0 items=0 ppid=1669414 pid=3103369 auid=1000 uid=1000 gid=1000 euid=1000 suid=1000 fsuid=1000 egid=1000 sgid=1000 fsgid=1000 tty=(none) ses=19 comm="iptables" exe="/usr/sbin/xtables-nft-multi" key=(null)
2026-08-18T23:41:28+02:00 nezha audit: PROCTITLE proctitle=69707461626C6573002D740066696C746572002D44004F55545055540034
2026-08-18T23:41:28+02:00 nezha kernel: kauditd_printk_skb: 8 callbacks suppressed
2026-08-18T23:41:28+02:00 nezha kernel: audit: type=1325 audit(1787089288.386:11078): table=filter:9810 family=2 entries=1 op=nft_unregister_rule pid=3103369 comm="iptables"
2026-08-18T23:41:28+02:00 nezha kernel: audit: type=1300 audit(1787089288.386:11078): arch=c000003e syscall=46 success=yes exit=584 a0=3 a1=7ffc5d2a2a90 a2=0 a3=0 items=0 ppid=1669414 pid=3103369 auid=1000 uid=1000 gid=1000 euid=1000 suid=1000 fsuid=1000 egid=1000 sgid=1000 fsgid=1000 tty=(none) ses=19 comm="iptables" exe="/usr/sbin/xtables-nft-multi" key=(null)
2026-08-18T23:41:28+02:00 nezha kernel: audit: type=1327 audit(1787089288.386:11078): proctitle=69707461626C6573002D740066696C746572002D44004F55545055540034
2026-08-18T23:41:28+02:00 nezha audit[3103373]: NETFILTER_CFG table=filter:9811 family=2 entries=1 op=nft_unregister_rule pid=3103373 comm="iptables"
2026-08-18T23:41:28+02:00 nezha audit[3103373]: SYSCALL arch=c000003e syscall=46 success=yes exit=296 a0=3 a1=7fff13101e50 a2=0 a3=0 items=0 ppid=1669414 pid=3103373 auid=1000 uid=1000 gid=1000 euid=1000 suid=1000 fsuid=1000 egid=1000 sgid=1000 fsgid=1000 tty=(none) ses=19 comm="iptables" exe="/usr/sbin/xtables-nft-multi" key=(null)
2026-08-18T23:41:28+02:00 nezha audit: PROCTITLE proctitle=69707461626C6573002D740066696C746572002D44004F55545055540034
2026-08-18T23:41:28+02:00 nezha kernel: audit: type=1325 audit(1787089288.400:11079): table=filter:9811 family=2 entries=1 op=nft_unregister_rule pid=3103373 comm="iptables"
2026-08-18T23:41:28+02:00 nezha kernel: audit: type=1300 audit(1787089288.400:11079): arch=c000003e syscall=46 success=yes exit=296 a0=3 a1=7fff13101e50 a2=0 a3=0 items=0 ppid=1669414 pid=3103373 auid=1000 uid=1000 gid=1000 euid=1000 suid=1000 fsuid=1000 egid=1000 sgid=1000 fsgid=1000 tty=(none) ses=19 comm="iptables" exe="/usr/sbin/xtables-nft-multi" key=(null)
2026-08-18T23:41:28+02:00 nezha kernel: audit: type=1327 audit(1787089288.400:11079): proctitle=69707461626C6573002D740066696C746572002D44004F55545055540034
2026-08-18T23:41:28+02:00 nezha audit[3103375]: NETFILTER_CFG table=filter:9812 family=10 entries=1 op=nft_unregister_rule pid=3103375 comm="ip6tables"
2026-08-18T23:41:28+02:00 nezha audit[3103375]: SYSCALL arch=c000003e syscall=46 success=yes exit=296 a0=3 a1=7ffd6ae425e0 a2=0 a3=0 items=0 ppid=1669414 pid=3103375 auid=1000 uid=1000 gid=1000 euid=1000 suid=1000 fsuid=1000 egid=1000 sgid=1000 fsgid=1000 tty=(none) ses=19 comm="ip6tables" exe="/usr/sbin/xtables-nft-multi" key=(null)
2026-08-18T23:41:28+02:00 nezha audit: PROCTITLE proctitle=6970367461626C6573002D740066696C746572002D44004F55545055540035
2026-08-18T23:41:28+02:00 nezha kernel: audit: type=1325 audit(1787089288.413:11080): table=filter:9812 family=10 entries=1 op=nft_unregister_rule pid=3103375 comm="ip6tables"
2026-08-18T23:41:28+02:00 nezha kernel: audit: type=1300 audit(1787089288.413:11080): arch=c000003e syscall=46 success=yes exit=296 a0=3 a1=7ffd6ae425e0 a2=0 a3=0 items=0 ppid=1669414 pid=3103375 auid=1000 uid=1000 gid=1000 euid=1000 suid=1000 fsuid=1000 egid=1000 sgid=1000 fsgid=1000 tty=(none) ses=19 comm="ip6tables" exe="/usr/sbin/xtables-nft-multi" key=(null)
2026-08-18T23:41:28+02:00 nezha kernel: audit: type=1327 audit(1787089288.413:11080): proctitle=6970367461626C6573002D740066696C746572002D44004F55545055540035
2026-08-18T23:41:28+02:00 nezha audit[3103377]: NETFILTER_CFG table=filter:9813 family=2 entries=1 op=nft_register_rule pid=3103377 comm="iptables"
2026-08-18T23:41:28+02:00 nezha audit[3103377]: SYSCALL arch=c000003e syscall=46 success=yes exit=580 a0=3 a1=7ffcef6d79a0 a2=0 a3=0 items=0 ppid=1669414 pid=3103377 auid=1000 uid=1000 gid=1000 euid=1000 suid=1000 fsuid=1000 egid=1000 sgid=1000 fsgid=1000 tty=(none) ses=19 comm="iptables" exe="/usr/sbin/xtables-nft-multi" key=(null)
2026-08-18T23:41:28+02:00 nezha audit: PROCTITLE proctitle=69707461626C6573002D2D617070656E64004F5554505554002D64003135362E35392E35302E323236002D6F0065746830002D7000756470002D6D00756470002D2D64706F7274003531383230002D6A00414343455054
2026-08-18T23:41:28+02:00 nezha kernel: audit: type=1325 audit(1787089288.426:11081): table=filter:9813 family=2 entries=1 op=nft_register_rule pid=3103377 comm="iptables"
2026-08-18T23:41:28+02:00 nezha audit[3103380]: NETFILTER_CFG table=filter:9814 family=2 entries=1 op=nft_register_rule pid=3103380 comm="iptables"
2026-08-18T23:41:28+02:00 nezha audit[3103380]: SYSCALL arch=c000003e syscall=46 success=yes exit=292 a0=3 a1=7ffdb617a8e0 a2=0 a3=0 items=0 ppid=1669414 pid=3103380 auid=1000 uid=1000 gid=1000 euid=1000 suid=1000 fsuid=1000 egid=1000 sgid=1000 fsgid=1000 tty=(none) ses=19 comm="iptables" exe="/usr/sbin/xtables-nft-multi" key=(null)
2026-08-18T23:41:28+02:00 nezha audit: PROCTITLE proctitle=69707461626C6573002D2D617070656E64004F5554505554002D6F0074756E30002D6A00414343455054
2026-08-18T23:41:28+02:00 nezha audit[3103381]: NETFILTER_CFG table=filter:9815 family=10 entries=1 op=nft_register_rule pid=3103381 comm="ip6tables"
2026-08-18T23:41:28+02:00 nezha audit[3103381]: SYSCALL arch=c000003e syscall=46 success=yes exit=292 a0=3 a1=7ffce41ba940 a2=0 a3=0 items=0 ppid=1669414 pid=3103381 auid=1000 uid=1000 gid=1000 euid=1000 suid=1000 fsuid=1000 egid=1000 sgid=1000 fsgid=1000 tty=(none) ses=19 comm="ip6tables" exe="/usr/sbin/xtables-nft-multi" key=(null)
2026-08-18T23:41:28+02:00 nezha audit: PROCTITLE proctitle=6970367461626C6573002D2D617070656E64004F5554505554002D6F0074756E30002D6A00414343455054
2026-08-18T23:41:34+02:00 nezha audit[3103578]: NETFILTER_CFG table=filter:9816 family=2 entries=1 op=nft_unregister_rule pid=3103578 comm="iptables"
2026-08-18T23:41:34+02:00 nezha audit[3103578]: SYSCALL arch=c000003e syscall=46 success=yes exit=584 a0=3 a1=7ffd922c29d0 a2=0 a3=0 items=0 ppid=1669414 pid=3103578 auid=1000 uid=1000 gid=1000 euid=1000 suid=1000 fsuid=1000 egid=1000 sgid=1000 fsgid=1000 tty=(none) ses=19 comm="iptables" exe="/usr/sbin/xtables-nft-multi" key=(null)
2026-08-18T23:41:34+02:00 nezha audit: PROCTITLE proctitle=69707461626C6573002D740066696C746572002D44004F55545055540034
2026-08-18T23:41:34+02:00 nezha kernel: kauditd_printk_skb: 8 callbacks suppressed
2026-08-18T23:41:34+02:00 nezha kernel: audit: type=1325 audit(1787089294.599:11084): table=filter:9816 family=2 entries=1 op=nft_unregister_rule pid=3103578 comm="iptables"
2026-08-18T23:41:34+02:00 nezha kernel: audit: type=1300 audit(1787089294.599:11084): arch=c000003e syscall=46 success=yes exit=584 a0=3 a1=7ffd922c29d0 a2=0 a3=0 items=0 ppid=1669414 pid=3103578 auid=1000 uid=1000 gid=1000 euid=1000 suid=1000 fsuid=1000 egid=1000 sgid=1000 fsgid=1000 tty=(none) ses=19 comm="iptables" exe="/usr/sbin/xtables-nft-multi" key=(null)
2026-08-18T23:41:34+02:00 nezha kernel: audit: type=1327 audit(1787089294.599:11084): proctitle=69707461626C6573002D740066696C746572002D44004F55545055540034
2026-08-18T23:41:34+02:00 nezha audit[3103582]: NETFILTER_CFG table=filter:9817 family=2 entries=1 op=nft_unregister_rule pid=3103582 comm="iptables"
2026-08-18T23:41:34+02:00 nezha audit[3103582]: SYSCALL arch=c000003e syscall=46 success=yes exit=296 a0=3 a1=7ffd32a264e0 a2=0 a3=0 items=0 ppid=1669414 pid=3103582 auid=1000 uid=1000 gid=1000 euid=1000 suid=1000 fsuid=1000 egid=1000 sgid=1000 fsgid=1000 tty=(none) ses=19 comm="iptables" exe="/usr/sbin/xtables-nft-multi" key=(null)
2026-08-18T23:41:34+02:00 nezha audit: PROCTITLE proctitle=69707461626C6573002D740066696C746572002D44004F55545055540034
2026-08-18T23:41:34+02:00 nezha kernel: audit: type=1325 audit(1787089294.611:11085): table=filter:9817 family=2 entries=1 op=nft_unregister_rule pid=3103582 comm="iptables"
2026-08-18T23:41:34+02:00 nezha kernel: audit: type=1300 audit(1787089294.611:11085): arch=c000003e syscall=46 success=yes exit=296 a0=3 a1=7ffd32a264e0 a2=0 a3=0 items=0 ppid=1669414 pid=3103582 auid=1000 uid=1000 gid=1000 euid=1000 suid=1000 fsuid=1000 egid=1000 sgid=1000 fsgid=1000 tty=(none) ses=19 comm="iptables" exe="/usr/sbin/xtables-nft-multi" key=(null)
2026-08-18T23:41:34+02:00 nezha kernel: audit: type=1327 audit(1787089294.611:11085): proctitle=69707461626C6573002D740066696C746572002D44004F55545055540034
2026-08-18T23:41:34+02:00 nezha audit[3103584]: NETFILTER_CFG table=filter:9818 family=10 entries=1 op=nft_unregister_rule pid=3103584 comm="ip6tables"
2026-08-18T23:41:34+02:00 nezha audit[3103584]: SYSCALL arch=c000003e syscall=46 success=yes exit=296 a0=3 a1=7ffdaf2c66c0 a2=0 a3=0 items=0 ppid=1669414 pid=3103584 auid=1000 uid=1000 gid=1000 euid=1000 suid=1000 fsuid=1000 egid=1000 sgid=1000 fsgid=1000 tty=(none) ses=19 comm="ip6tables" exe="/usr/sbin/xtables-nft-multi" key=(null)
2026-08-18T23:41:34+02:00 nezha audit: PROCTITLE proctitle=6970367461626C6573002D740066696C746572002D44004F55545055540035
2026-08-18T23:41:34+02:00 nezha kernel: audit: type=1325 audit(1787089294.627:11086): table=filter:9818 family=10 entries=1 op=nft_unregister_rule pid=3103584 comm="ip6tables"
2026-08-18T23:41:34+02:00 nezha kernel: audit: type=1300 audit(1787089294.627:11086): arch=c000003e syscall=46 success=yes exit=296 a0=3 a1=7ffdaf2c66c0 a2=0 a3=0 items=0 ppid=1669414 pid=3103584 auid=1000 uid=1000 gid=1000 euid=1000 suid=1000 fsuid=1000 egid=1000 sgid=1000 fsgid=1000 tty=(none) ses=19 comm="ip6tables" exe="/usr/sbin/xtables-nft-multi" key=(null)
2026-08-18T23:41:34+02:00 nezha kernel: audit: type=1327 audit(1787089294.627:11086): proctitle=6970367461626C6573002D740066696C746572002D44004F55545055540035
2026-08-18T23:41:34+02:00 nezha audit[3103586]: NETFILTER_CFG table=filter:9819 family=2 entries=1 op=nft_register_rule pid=3103586 comm="iptables"
2026-08-18T23:41:34+02:00 nezha audit[3103586]: SYSCALL arch=c000003e syscall=46 success=yes exit=580 a0=3 a1=7fff30f739d0 a2=0 a3=0 items=0 ppid=1669414 pid=3103586 auid=1000 uid=1000 gid=1000 euid=1000 suid=1000 fsuid=1000 egid=1000 sgid=1000 fsgid=1000 tty=(none) ses=19 comm="iptables" exe="/usr/sbin/xtables-nft-multi" key=(null)
2026-08-18T23:41:34+02:00 nezha audit: PROCTITLE proctitle=69707461626C6573002D2D617070656E64004F5554505554002D64003130332E3231362E3232302E3138002D6F0065746830002D7000756470002D6D00756470002D2D64706F7274003531383230002D6A00414343455054
2026-08-18T23:41:34+02:00 nezha kernel: audit: type=1325 audit(1787089294.638:11087): table=filter:9819 family=2 entries=1 op=nft_register_rule pid=3103586 comm="iptables"
2026-08-18T23:41:34+02:00 nezha audit[3103589]: NETFILTER_CFG table=filter:9820 family=2 entries=1 op=nft_register_rule pid=3103589 comm="iptables"
2026-08-18T23:41:34+02:00 nezha audit[3103589]: SYSCALL arch=c000003e syscall=46 success=yes exit=292 a0=3 a1=7fffe03a8bb0 a2=0 a3=0 items=0 ppid=1669414 pid=3103589 auid=1000 uid=1000 gid=1000 euid=1000 suid=1000 fsuid=1000 egid=1000 sgid=1000 fsgid=1000 tty=(none) ses=19 comm="iptables" exe="/usr/sbin/xtables-nft-multi" key=(null)
2026-08-18T23:41:34+02:00 nezha audit: PROCTITLE proctitle=69707461626C6573002D2D617070656E64004F5554505554002D6F0074756E30002D6A00414343455054
2026-08-18T23:41:34+02:00 nezha audit[3103590]: NETFILTER_CFG table=filter:9821 family=10 entries=1 op=nft_register_rule pid=3103590 comm="ip6tables"
2026-08-18T23:41:34+02:00 nezha audit[3103590]: SYSCALL arch=c000003e syscall=46 success=yes exit=292 a0=3 a1=7fff30f2faf0 a2=0 a3=0 items=0 ppid=1669414 pid=3103590 auid=1000 uid=1000 gid=1000 euid=1000 suid=1000 fsuid=1000 egid=1000 sgid=1000 fsgid=1000 tty=(none) ses=19 comm="ip6tables" exe="/usr/sbin/xtables-nft-multi" key=(null)
2026-08-18T23:41:34+02:00 nezha audit: PROCTITLE proctitle=6970367461626C6573002D2D617070656E64004F5554505554002D6F0074756E30002D6A00414343455054
2026-08-18T23:41:40+02:00 nezha audit[3103700]: NETFILTER_CFG table=filter:9822 family=2 entries=1 op=nft_unregister_rule pid=3103700 comm="iptables"
2026-08-18T23:41:40+02:00 nezha audit[3103700]: SYSCALL arch=c000003e syscall=46 success=yes exit=584 a0=3 a1=7ffd6a8d6530 a2=0 a3=0 items=0 ppid=1669414 pid=3103700 auid=1000 uid=1000 gid=1000 euid=1000 suid=1000 fsuid=1000 egid=1000 sgid=1000 fsgid=1000 tty=(none) ses=19 comm="iptables" exe="/usr/sbin/xtables-nft-multi" key=(null)
2026-08-18T23:41:40+02:00 nezha audit: PROCTITLE proctitle=69707461626C6573002D740066696C746572002D44004F55545055540034
2026-08-18T23:41:40+02:00 nezha kernel: kauditd_printk_skb: 8 callbacks suppressed
2026-08-18T23:41:40+02:00 nezha kernel: audit: type=1325 audit(1787089300.827:11090): table=filter:9822 family=2 entries=1 op=nft_unregister_rule pid=3103700 comm="iptables"
2026-08-18T23:41:40+02:00 nezha kernel: audit: type=1300 audit(1787089300.827:11090): arch=c000003e syscall=46 success=yes exit=584 a0=3 a1=7ffd6a8d6530 a2=0 a3=0 items=0 ppid=1669414 pid=3103700 auid=1000 uid=1000 gid=1000 euid=1000 suid=1000 fsuid=1000 egid=1000 sgid=1000 fsgid=1000 tty=(none) ses=19 comm="iptables" exe="/usr/sbin/xtables-nft-multi" key=(null)
2026-08-18T23:41:40+02:00 nezha kernel: audit: type=1327 audit(1787089300.827:11090): proctitle=69707461626C6573002D740066696C746572002D44004F55545055540034
2026-08-18T23:41:40+02:00 nezha audit[3103704]: NETFILTER_CFG table=filter:9823 family=2 entries=1 op=nft_unregister_rule pid=3103704 comm="iptables"
2026-08-18T23:41:40+02:00 nezha audit[3103704]: SYSCALL arch=c000003e syscall=46 success=yes exit=296 a0=3 a1=7ffc76894ef0 a2=0 a3=0 items=0 ppid=1669414 pid=3103704 auid=1000 uid=1000 gid=1000 euid=1000 suid=1000 fsuid=1000 egid=1000 sgid=1000 fsgid=1000 tty=(none) ses=19 comm="iptables" exe="/usr/sbin/xtables-nft-multi" key=(null)
2026-08-18T23:41:40+02:00 nezha audit: PROCTITLE proctitle=69707461626C6573002D740066696C746572002D44004F55545055540034
2026-08-18T23:41:40+02:00 nezha kernel: audit: type=1325 audit(1787089300.847:11091): table=filter:9823 family=2 entries=1 op=nft_unregister_rule pid=3103704 comm="iptables"
2026-08-18T23:41:40+02:00 nezha kernel: audit: type=1300 audit(1787089300.847:11091): arch=c000003e syscall=46 success=yes exit=296 a0=3 a1=7ffc76894ef0 a2=0 a3=0 items=0 ppid=1669414 pid=3103704 auid=1000 uid=1000 gid=1000 euid=1000 suid=1000 fsuid=1000 egid=1000 sgid=1000 fsgid=1000 tty=(none) ses=19 comm="iptables" exe="/usr/sbin/xtables-nft-multi" key=(null)
2026-08-18T23:41:40+02:00 nezha kernel: audit: type=1327 audit(1787089300.847:11091): proctitle=69707461626C6573002D740066696C746572002D44004F55545055540034
2026-08-18T23:41:40+02:00 nezha audit[3103706]: NETFILTER_CFG table=filter:9824 family=10 entries=1 op=nft_unregister_rule pid=3103706 comm="ip6tables"
2026-08-18T23:41:40+02:00 nezha audit[3103706]: SYSCALL arch=c000003e syscall=46 success=yes exit=296 a0=3 a1=7ffe9aae8540 a2=0 a3=0 items=0 ppid=1669414 pid=3103706 auid=1000 uid=1000 gid=1000 euid=1000 suid=1000 fsuid=1000 egid=1000 sgid=1000 fsgid=1000 tty=(none) ses=19 comm="ip6tables" exe="/usr/sbin/xtables-nft-multi" key=(null)
2026-08-18T23:41:40+02:00 nezha audit: PROCTITLE proctitle=6970367461626C6573002D740066696C746572002D44004F55545055540035
2026-08-18T23:41:40+02:00 nezha kernel: audit: type=1325 audit(1787089300.864:11092): table=filter:9824 family=10 entries=1 op=nft_unregister_rule pid=3103706 comm="ip6tables"
2026-08-18T23:41:40+02:00 nezha kernel: audit: type=1300 audit(1787089300.864:11092): arch=c000003e syscall=46 success=yes exit=296 a0=3 a1=7ffe9aae8540 a2=0 a3=0 items=0 ppid=1669414 pid=3103706 auid=1000 uid=1000 gid=1000 euid=1000 suid=1000 fsuid=1000 egid=1000 sgid=1000 fsgid=1000 tty=(none) ses=19 comm="ip6tables" exe="/usr/sbin/xtables-nft-multi" key=(null)
2026-08-18T23:41:40+02:00 nezha kernel: audit: type=1327 audit(1787089300.864:11092): proctitle=6970367461626C6573002D740066696C746572002D44004F55545055540035
2026-08-18T23:41:40+02:00 nezha audit[3103708]: NETFILTER_CFG table=filter:9825 family=2 entries=1 op=nft_register_rule pid=3103708 comm="iptables"
2026-08-18T23:41:40+02:00 nezha audit[3103708]: SYSCALL arch=c000003e syscall=46 success=yes exit=580 a0=3 a1=7ffdcf378060 a2=0 a3=0 items=0 ppid=1669414 pid=3103708 auid=1000 uid=1000 gid=1000 euid=1000 suid=1000 fsuid=1000 egid=1000 sgid=1000 fsgid=1000 tty=(none) ses=19 comm="iptables" exe="/usr/sbin/xtables-nft-multi" key=(null)
2026-08-18T23:41:40+02:00 nezha audit: PROCTITLE proctitle=69707461626C6573002D2D617070656E64004F5554505554002D640036372E3231332E3230392E313230002D6F0065746830002D7000756470002D6D00756470002D2D64706F7274003531383230002D6A00414343455054
2026-08-18T23:41:40+02:00 nezha kernel: audit: type=1325 audit(1787089300.886:11093): table=filter:9825 family=2 entries=1 op=nft_register_rule pid=3103708 comm="iptables"
2026-08-18T23:41:40+02:00 nezha audit[3103711]: NETFILTER_CFG table=filter:9826 family=2 entries=1 op=nft_register_rule pid=3103711 comm="iptables"
2026-08-18T23:41:40+02:00 nezha audit[3103711]: SYSCALL arch=c000003e syscall=46 success=yes exit=292 a0=3 a1=7fff05a31430 a2=0 a3=0 items=0 ppid=1669414 pid=3103711 auid=1000 uid=1000 gid=1000 euid=1000 suid=1000 fsuid=1000 egid=1000 sgid=1000 fsgid=1000 tty=(none) ses=19 comm="iptables" exe="/usr/sbin/xtables-nft-multi" key=(null)
2026-08-18T23:41:40+02:00 nezha audit: PROCTITLE proctitle=69707461626C6573002D2D617070656E64004F5554505554002D6F0074756E30002D6A00414343455054
2026-08-18T23:41:40+02:00 nezha audit[3103712]: NETFILTER_CFG table=filter:9827 family=10 entries=1 op=nft_register_rule pid=3103712 comm="ip6tables"
2026-08-18T23:41:40+02:00 nezha audit[3103712]: SYSCALL arch=c000003e syscall=46 success=yes exit=292 a0=3 a1=7ffeeb3147d0 a2=0 a3=0 items=0 ppid=1669414 pid=3103712 auid=1000 uid=1000 gid=1000 euid=1000 suid=1000 fsuid=1000 egid=1000 sgid=1000 fsgid=1000 tty=(none) ses=19 comm="ip6tables" exe="/usr/sbin/xtables-nft-multi" key=(null)
2026-08-18T23:41:40+02:00 nezha audit: PROCTITLE proctitle=6970367461626C6573002D2D617070656E64004F5554505554002D6F0074756E30002D6A00414343455054
2026-08-18T23:41:47+02:00 nezha audit[3103830]: NETFILTER_CFG table=filter:9828 family=2 entries=1 op=nft_unregister_rule pid=3103830 comm="iptables"
2026-08-18T23:41:47+02:00 nezha audit[3103830]: SYSCALL arch=c000003e syscall=46 success=yes exit=584 a0=3 a1=7ffe1a07cd40 a2=0 a3=0 items=0 ppid=1669414 pid=3103830 auid=1000 uid=1000 gid=1000 euid=1000 suid=1000 fsuid=1000 egid=1000 sgid=1000 fsgid=1000 tty=(none) ses=19 comm="iptables" exe="/usr/sbin/xtables-nft-multi" key=(null)
2026-08-18T23:41:47+02:00 nezha audit: PROCTITLE proctitle=69707461626C6573002D740066696C746572002D44004F55545055540034
2026-08-18T23:41:47+02:00 nezha kernel: kauditd_printk_skb: 8 callbacks suppressed
2026-08-18T23:41:47+02:00 nezha kernel: audit: type=1325 audit(1787089307.069:11096): table=filter:9828 family=2 entries=1 op=nft_unregister_rule pid=3103830 comm="iptables"
2026-08-18T23:41:47+02:00 nezha kernel: audit: type=1300 audit(1787089307.069:11096): arch=c000003e syscall=46 success=yes exit=584 a0=3 a1=7ffe1a07cd40 a2=0 a3=0 items=0 ppid=1669414 pid=3103830 auid=1000 uid=1000 gid=1000 euid=1000 suid=1000 fsuid=1000 egid=1000 sgid=1000 fsgid=1000 tty=(none) ses=19 comm="iptables" exe="/usr/sbin/xtables-nft-multi" key=(null)
2026-08-18T23:41:47+02:00 nezha kernel: audit: type=1327 audit(1787089307.069:11096): proctitle=69707461626C6573002D740066696C746572002D44004F55545055540034
2026-08-18T23:41:47+02:00 nezha audit[3103834]: NETFILTER_CFG table=filter:9829 family=2 entries=1 op=nft_unregister_rule pid=3103834 comm="iptables"
2026-08-18T23:41:47+02:00 nezha audit[3103834]: SYSCALL arch=c000003e syscall=46 success=yes exit=296 a0=3 a1=7ffe08cd4030 a2=0 a3=0 items=0 ppid=1669414 pid=3103834 auid=1000 uid=1000 gid=1000 euid=1000 suid=1000 fsuid=1000 egid=1000 sgid=1000 fsgid=1000 tty=(none) ses=19 comm="iptables" exe="/usr/sbin/xtables-nft-multi" key=(null)
2026-08-18T23:41:47+02:00 nezha audit: PROCTITLE proctitle=69707461626C6573002D740066696C746572002D44004F55545055540034
2026-08-18T23:41:47+02:00 nezha kernel: audit: type=1325 audit(1787089307.083:11097): table=filter:9829 family=2 entries=1 op=nft_unregister_rule pid=3103834 comm="iptables"
2026-08-18T23:41:47+02:00 nezha kernel: audit: type=1300 audit(1787089307.083:11097): arch=c000003e syscall=46 success=yes exit=296 a0=3 a1=7ffe08cd4030 a2=0 a3=0 items=0 ppid=1669414 pid=3103834 auid=1000 uid=1000 gid=1000 euid=1000 suid=1000 fsuid=1000 egid=1000 sgid=1000 fsgid=1000 tty=(none) ses=19 comm="iptables" exe="/usr/sbin/xtables-nft-multi" key=(null)
2026-08-18T23:41:47+02:00 nezha kernel: audit: type=1327 audit(1787089307.083:11097): proctitle=69707461626C6573002D740066696C746572002D44004F55545055540034
2026-08-18T23:41:47+02:00 nezha audit[3103837]: NETFILTER_CFG table=filter:9830 family=10 entries=1 op=nft_unregister_rule pid=3103837 comm="ip6tables"
2026-08-18T23:41:47+02:00 nezha audit[3103837]: SYSCALL arch=c000003e syscall=46 success=yes exit=296 a0=3 a1=7ffc218f10d0 a2=0 a3=0 items=0 ppid=1669414 pid=3103837 auid=1000 uid=1000 gid=1000 euid=1000 suid=1000 fsuid=1000 egid=1000 sgid=1000 fsgid=1000 tty=(none) ses=19 comm="ip6tables" exe="/usr/sbin/xtables-nft-multi" key=(null)
2026-08-18T23:41:47+02:00 nezha audit: PROCTITLE proctitle=6970367461626C6573002D740066696C746572002D44004F55545055540035
2026-08-18T23:41:47+02:00 nezha kernel: audit: type=1325 audit(1787089307.096:11098): table=filter:9830 family=10 entries=1 op=nft_unregister_rule pid=3103837 comm="ip6tables"
2026-08-18T23:41:47+02:00 nezha kernel: audit: type=1300 audit(1787089307.096:11098): arch=c000003e syscall=46 success=yes exit=296 a0=3 a1=7ffc218f10d0 a2=0 a3=0 items=0 ppid=1669414 pid=3103837 auid=1000 uid=1000 gid=1000 euid=1000 suid=1000 fsuid=1000 egid=1000 sgid=1000 fsgid=1000 tty=(none) ses=19 comm="ip6tables" exe="/usr/sbin/xtables-nft-multi" key=(null)
2026-08-18T23:41:47+02:00 nezha kernel: audit: type=1327 audit(1787089307.096:11098): proctitle=6970367461626C6573002D740066696C746572002D44004F55545055540035
2026-08-18T23:41:47+02:00 nezha audit[3103839]: NETFILTER_CFG table=filter:9831 family=2 entries=1 op=nft_register_rule pid=3103839 comm="iptables"
2026-08-18T23:41:47+02:00 nezha audit[3103839]: SYSCALL arch=c000003e syscall=46 success=yes exit=580 a0=3 a1=7ffc29209480 a2=0 a3=0 items=0 ppid=1669414 pid=3103839 auid=1000 uid=1000 gid=1000 euid=1000 suid=1000 fsuid=1000 egid=1000 sgid=1000 fsgid=1000 tty=(none) ses=19 comm="iptables" exe="/usr/sbin/xtables-nft-multi" key=(null)
2026-08-18T23:41:47+02:00 nezha audit: PROCTITLE proctitle=69707461626C6573002D2D617070656E64004F5554505554002D640032332E3233342E39342E33002D6F0065746830002D7000756470002D6D00756470002D2D64706F7274003531383230002D6A00414343455054
2026-08-18T23:41:47+02:00 nezha kernel: audit: type=1325 audit(1787089307.113:11099): table=filter:9831 family=2 entries=1 op=nft_register_rule pid=3103839 comm="iptables"
2026-08-18T23:41:47+02:00 nezha audit[3103842]: NETFILTER_CFG table=filter:9832 family=2 entries=1 op=nft_register_rule pid=3103842 comm="iptables"
2026-08-18T23:41:47+02:00 nezha audit[3103842]: SYSCALL arch=c000003e syscall=46 success=yes exit=292 a0=3 a1=7fff9633ee80 a2=0 a3=0 items=0 ppid=1669414 pid=3103842 auid=1000 uid=1000 gid=1000 euid=1000 suid=1000 fsuid=1000 egid=1000 sgid=1000 fsgid=1000 tty=(none) ses=19 comm="iptables" exe="/usr/sbin/xtables-nft-multi" key=(null)
2026-08-18T23:41:47+02:00 nezha audit: PROCTITLE proctitle=69707461626C6573002D2D617070656E64004F5554505554002D6F0074756E30002D6A00414343455054
2026-08-18T23:41:47+02:00 nezha audit[3103843]: NETFILTER_CFG table=filter:9833 family=10 entries=1 op=nft_register_rule pid=3103843 comm="ip6tables"
2026-08-18T23:41:47+02:00 nezha audit[3103843]: SYSCALL arch=c000003e syscall=46 success=yes exit=292 a0=3 a1=7ffc780288a0 a2=0 a3=0 items=0 ppid=1669414 pid=3103843 auid=1000 uid=1000 gid=1000 euid=1000 suid=1000 fsuid=1000 egid=1000 sgid=1000 fsgid=1000 tty=(none) ses=19 comm="ip6tables" exe="/usr/sbin/xtables-nft-multi" key=(null)
2026-08-18T23:41:47+02:00 nezha audit: PROCTITLE proctitle=6970367461626C6573002D2D617070656E64004F5554505554002D6F0074756E30002D6A00414343455054
2026-08-18T23:41:53+02:00 nezha audit[3103916]: NETFILTER_CFG table=filter:9834 family=2 entries=1 op=nft_unregister_rule pid=3103916 comm="iptables"
2026-08-18T23:41:53+02:00 nezha audit[3103916]: SYSCALL arch=c000003e syscall=46 success=yes exit=584 a0=3 a1=7ffcf172d200 a2=0 a3=0 items=0 ppid=1669414 pid=3103916 auid=1000 uid=1000 gid=1000 euid=1000 suid=1000 fsuid=1000 egid=1000 sgid=1000 fsgid=1000 tty=(none) ses=19 comm="iptables" exe="/usr/sbin/xtables-nft-multi" key=(null)
2026-08-18T23:41:53+02:00 nezha audit: PROCTITLE proctitle=69707461626C6573002D740066696C746572002D44004F55545055540034
2026-08-18T23:41:53+02:00 nezha kernel: kauditd_printk_skb: 8 callbacks suppressed
2026-08-18T23:41:53+02:00 nezha kernel: audit: type=1325 audit(1787089313.308:11102): table=filter:9834 family=2 entries=1 op=nft_unregister_rule pid=3103916 comm="iptables"
2026-08-18T23:41:53+02:00 nezha kernel: audit: type=1300 audit(1787089313.308:11102): arch=c000003e syscall=46 success=yes exit=584 a0=3 a1=7ffcf172d200 a2=0 a3=0 items=0 ppid=1669414 pid=3103916 auid=1000 uid=1000 gid=1000 euid=1000 suid=1000 fsuid=1000 egid=1000 sgid=1000 fsgid=1000 tty=(none) ses=19 comm="iptables" exe="/usr/sbin/xtables-nft-multi" key=(null)
2026-08-18T23:41:53+02:00 nezha kernel: audit: type=1327 audit(1787089313.308:11102): proctitle=69707461626C6573002D740066696C746572002D44004F55545055540034
2026-08-18T23:41:53+02:00 nezha audit[3103920]: NETFILTER_CFG table=filter:9835 family=2 entries=1 op=nft_unregister_rule pid=3103920 comm="iptables"
2026-08-18T23:41:53+02:00 nezha audit[3103920]: SYSCALL arch=c000003e syscall=46 success=yes exit=296 a0=3 a1=7ffd1fe02a70 a2=0 a3=0 items=0 ppid=1669414 pid=3103920 auid=1000 uid=1000 gid=1000 euid=1000 suid=1000 fsuid=1000 egid=1000 sgid=1000 fsgid=1000 tty=(none) ses=19 comm="iptables" exe="/usr/sbin/xtables-nft-multi" key=(null)
2026-08-18T23:41:53+02:00 nezha audit: PROCTITLE proctitle=69707461626C6573002D740066696C746572002D44004F55545055540034
2026-08-18T23:41:53+02:00 nezha kernel: audit: type=1325 audit(1787089313.321:11103): table=filter:9835 family=2 entries=1 op=nft_unregister_rule pid=3103920 comm="iptables"
2026-08-18T23:41:53+02:00 nezha kernel: audit: type=1300 audit(1787089313.321:11103): arch=c000003e syscall=46 success=yes exit=296 a0=3 a1=7ffd1fe02a70 a2=0 a3=0 items=0 ppid=1669414 pid=3103920 auid=1000 uid=1000 gid=1000 euid=1000 suid=1000 fsuid=1000 egid=1000 sgid=1000 fsgid=1000 tty=(none) ses=19 comm="iptables" exe="/usr/sbin/xtables-nft-multi" key=(null)
2026-08-18T23:41:53+02:00 nezha kernel: audit: type=1327 audit(1787089313.321:11103): proctitle=69707461626C6573002D740066696C746572002D44004F55545055540034
2026-08-18T23:41:53+02:00 nezha audit[3103922]: NETFILTER_CFG table=filter:9836 family=10 entries=1 op=nft_unregister_rule pid=3103922 comm="ip6tables"
2026-08-18T23:41:53+02:00 nezha audit[3103922]: SYSCALL arch=c000003e syscall=46 success=yes exit=296 a0=3 a1=7ffca868add0 a2=0 a3=0 items=0 ppid=1669414 pid=3103922 auid=1000 uid=1000 gid=1000 euid=1000 suid=1000 fsuid=1000 egid=1000 sgid=1000 fsgid=1000 tty=(none) ses=19 comm="ip6tables" exe="/usr/sbin/xtables-nft-multi" key=(null)
2026-08-18T23:41:53+02:00 nezha audit: PROCTITLE proctitle=6970367461626C6573002D740066696C746572002D44004F55545055540035
2026-08-18T23:41:53+02:00 nezha kernel: audit: type=1325 audit(1787089313.341:11104): table=filter:9836 family=10 entries=1 op=nft_unregister_rule pid=3103922 comm="ip6tables"
2026-08-18T23:41:53+02:00 nezha kernel: audit: type=1300 audit(1787089313.341:11104): arch=c000003e syscall=46 success=yes exit=296 a0=3 a1=7ffca868add0 a2=0 a3=0 items=0 ppid=1669414 pid=3103922 auid=1000 uid=1000 gid=1000 euid=1000 suid=1000 fsuid=1000 egid=1000 sgid=1000 fsgid=1000 tty=(none) ses=19 comm="ip6tables" exe="/usr/sbin/xtables-nft-multi" key=(null)
2026-08-18T23:41:53+02:00 nezha kernel: audit: type=1327 audit(1787089313.341:11104): proctitle=6970367461626C6573002D740066696C746572002D44004F55545055540035
2026-08-18T23:41:53+02:00 nezha audit[3103924]: NETFILTER_CFG table=filter:9837 family=2 entries=1 op=nft_register_rule pid=3103924 comm="iptables"
2026-08-18T23:41:53+02:00 nezha audit[3103924]: SYSCALL arch=c000003e syscall=46 success=yes exit=580 a0=3 a1=7ffe8fee3fa0 a2=0 a3=0 items=0 ppid=1669414 pid=3103924 auid=1000 uid=1000 gid=1000 euid=1000 suid=1000 fsuid=1000 egid=1000 sgid=1000 fsgid=1000 tty=(none) ses=19 comm="iptables" exe="/usr/sbin/xtables-nft-multi" key=(null)
2026-08-18T23:41:53+02:00 nezha audit: PROCTITLE proctitle=69707461626C6573002D2D617070656E64004F5554505554002D64003136392E3135302E3139362E32002D6F0065746830002D7000756470002D6D00756470002D2D64706F7274003531383230002D6A00414343455054
2026-08-18T23:41:53+02:00 nezha kernel: audit: type=1325 audit(1787089313.372:11105): table=filter:9837 family=2 entries=1 op=nft_register_rule pid=3103924 comm="iptables"
2026-08-18T23:41:53+02:00 nezha audit[3103927]: NETFILTER_CFG table=filter:9838 family=2 entries=1 op=nft_register_rule pid=3103927 comm="iptables"
2026-08-18T23:41:53+02:00 nezha audit[3103927]: SYSCALL arch=c000003e syscall=46 success=yes exit=292 a0=3 a1=7fff3d38ce50 a2=0 a3=0 items=0 ppid=1669414 pid=3103927 auid=1000 uid=1000 gid=1000 euid=1000 suid=1000 fsuid=1000 egid=1000 sgid=1000 fsgid=1000 tty=(none) ses=19 comm="iptables" exe="/usr/sbin/xtables-nft-multi" key=(null)
2026-08-18T23:41:53+02:00 nezha audit: PROCTITLE proctitle=69707461626C6573002D2D617070656E64004F5554505554002D6F0074756E30002D6A00414343455054
2026-08-18T23:41:53+02:00 nezha audit[3103928]: NETFILTER_CFG table=filter:9839 family=10 entries=1 op=nft_register_rule pid=3103928 comm="ip6tables"
2026-08-18T23:41:53+02:00 nezha audit[3103928]: SYSCALL arch=c000003e syscall=46 success=yes exit=292 a0=3 a1=7ffc8a96af40 a2=0 a3=0 items=0 ppid=1669414 pid=3103928 auid=1000 uid=1000 gid=1000 euid=1000 suid=1000 fsuid=1000 egid=1000 sgid=1000 fsgid=1000 tty=(none) ses=19 comm="ip6tables" exe="/usr/sbin/xtables-nft-multi" key=(null)
2026-08-18T23:41:53+02:00 nezha audit: PROCTITLE proctitle=6970367461626C6573002D2D617070656E64004F5554505554002D6F0074756E30002D6A00414343455054
2026-08-18T23:41:59+02:00 nezha audit[3104088]: NETFILTER_CFG table=filter:9840 family=2 entries=1 op=nft_unregister_rule pid=3104088 comm="iptables"
2026-08-18T23:41:59+02:00 nezha audit[3104088]: SYSCALL arch=c000003e syscall=46 success=yes exit=584 a0=3 a1=7ffee8bb2ac0 a2=0 a3=0 items=0 ppid=1669414 pid=3104088 auid=1000 uid=1000 gid=1000 euid=1000 suid=1000 fsuid=1000 egid=1000 sgid=1000 fsgid=1000 tty=(none) ses=19 comm="iptables" exe="/usr/sbin/xtables-nft-multi" key=(null)
2026-08-18T23:41:59+02:00 nezha audit: PROCTITLE proctitle=69707461626C6573002D740066696C746572002D44004F55545055540034
2026-08-18T23:41:59+02:00 nezha kernel: kauditd_printk_skb: 8 callbacks suppressed
2026-08-18T23:41:59+02:00 nezha kernel: audit: type=1325 audit(1787089319.566:11108): table=filter:9840 family=2 entries=1 op=nft_unregister_rule pid=3104088 comm="iptables"
2026-08-18T23:41:59+02:00 nezha kernel: audit: type=1300 audit(1787089319.566:11108): arch=c000003e syscall=46 success=yes exit=584 a0=3 a1=7ffee8bb2ac0 a2=0 a3=0 items=0 ppid=1669414 pid=3104088 auid=1000 uid=1000 gid=1000 euid=1000 suid=1000 fsuid=1000 egid=1000 sgid=1000 fsgid=1000 tty=(none) ses=19 comm="iptables" exe="/usr/sbin/xtables-nft-multi" key=(null)
2026-08-18T23:41:59+02:00 nezha kernel: audit: type=1327 audit(1787089319.566:11108): proctitle=69707461626C6573002D740066696C746572002D44004F55545055540034
2026-08-18T23:41:59+02:00 nezha audit[3104094]: NETFILTER_CFG table=filter:9841 family=2 entries=1 op=nft_unregister_rule pid=3104094 comm="iptables"
2026-08-18T23:41:59+02:00 nezha audit[3104094]: SYSCALL arch=c000003e syscall=46 success=yes exit=296 a0=3 a1=7ffc48f2a9c0 a2=0 a3=0 items=0 ppid=1669414 pid=3104094 auid=1000 uid=1000 gid=1000 euid=1000 suid=1000 fsuid=1000 egid=1000 sgid=1000 fsgid=1000 tty=(none) ses=19 comm="iptables" exe="/usr/sbin/xtables-nft-multi" key=(null)
2026-08-18T23:41:59+02:00 nezha audit: PROCTITLE proctitle=69707461626C6573002D740066696C746572002D44004F55545055540034
2026-08-18T23:41:59+02:00 nezha kernel: audit: type=1325 audit(1787089319.579:11109): table=filter:9841 family=2 entries=1 op=nft_unregister_rule pid=3104094 comm="iptables"
2026-08-18T23:41:59+02:00 nezha kernel: audit: type=1300 audit(1787089319.579:11109): arch=c000003e syscall=46 success=yes exit=296 a0=3 a1=7ffc48f2a9c0 a2=0 a3=0 items=0 ppid=1669414 pid=3104094 auid=1000 uid=1000 gid=1000 euid=1000 suid=1000 fsuid=1000 egid=1000 sgid=1000 fsgid=1000 tty=(none) ses=19 comm="iptables" exe="/usr/sbin/xtables-nft-multi" key=(null)
2026-08-18T23:41:59+02:00 nezha kernel: audit: type=1327 audit(1787089319.579:11109): proctitle=69707461626C6573002D740066696C746572002D44004F55545055540034
2026-08-18T23:41:59+02:00 nezha audit[3104096]: NETFILTER_CFG table=filter:9842 family=10 entries=1 op=nft_unregister_rule pid=3104096 comm="ip6tables"
2026-08-18T23:41:59+02:00 nezha audit[3104096]: SYSCALL arch=c000003e syscall=46 success=yes exit=296 a0=3 a1=7fffa46a2680 a2=0 a3=0 items=0 ppid=1669414 pid=3104096 auid=1000 uid=1000 gid=1000 euid=1000 suid=1000 fsuid=1000 egid=1000 sgid=1000 fsgid=1000 tty=(none) ses=19 comm="ip6tables" exe="/usr/sbin/xtables-nft-multi" key=(null)
2026-08-18T23:41:59+02:00 nezha audit: PROCTITLE proctitle=6970367461626C6573002D740066696C746572002D44004F55545055540035
2026-08-18T23:41:59+02:00 nezha kernel: audit: type=1325 audit(1787089319.589:11110): table=filter:9842 family=10 entries=1 op=nft_unregister_rule pid=3104096 comm="ip6tables"
2026-08-18T23:41:59+02:00 nezha kernel: audit: type=1300 audit(1787089319.589:11110): arch=c000003e syscall=46 success=yes exit=296 a0=3 a1=7fffa46a2680 a2=0 a3=0 items=0 ppid=1669414 pid=3104096 auid=1000 uid=1000 gid=1000 euid=1000 suid=1000 fsuid=1000 egid=1000 sgid=1000 fsgid=1000 tty=(none) ses=19 comm="ip6tables" exe="/usr/sbin/xtables-nft-multi" key=(null)
2026-08-18T23:41:59+02:00 nezha kernel: audit: type=1327 audit(1787089319.589:11110): proctitle=6970367461626C6573002D740066696C746572002D44004F55545055540035
2026-08-18T23:41:59+02:00 nezha audit[3104098]: NETFILTER_CFG table=filter:9843 family=2 entries=1 op=nft_register_rule pid=3104098 comm="iptables"
2026-08-18T23:41:59+02:00 nezha audit[3104098]: SYSCALL arch=c000003e syscall=46 success=yes exit=580 a0=3 a1=7fff1f2354f0 a2=0 a3=0 items=0 ppid=1669414 pid=3104098 auid=1000 uid=1000 gid=1000 euid=1000 suid=1000 fsuid=1000 egid=1000 sgid=1000 fsgid=1000 tty=(none) ses=19 comm="iptables" exe="/usr/sbin/xtables-nft-multi" key=(null)
2026-08-18T23:41:59+02:00 nezha audit: PROCTITLE proctitle=69707461626C6573002D2D617070656E64004F5554505554002D640032332E3233342E37332E313237002D6F0065746830002D7000756470002D6D00756470002D2D64706F7274003531383230002D6A00414343455054
2026-08-18T23:41:59+02:00 nezha kernel: audit: type=1325 audit(1787089319.598:11111): table=filter:9843 family=2 entries=1 op=nft_register_rule pid=3104098 comm="iptables"
2026-08-18T23:41:59+02:00 nezha audit[3104101]: NETFILTER_CFG table=filter:9844 family=2 entries=1 op=nft_register_rule pid=3104101 comm="iptables"
2026-08-18T23:41:59+02:00 nezha audit[3104101]: SYSCALL arch=c000003e syscall=46 success=yes exit=292 a0=3 a1=7ffca5a1cfc0 a2=0 a3=0 items=0 ppid=1669414 pid=3104101 auid=1000 uid=1000 gid=1000 euid=1000 suid=1000 fsuid=1000 egid=1000 sgid=1000 fsgid=1000 tty=(none) ses=19 comm="iptables" exe="/usr/sbin/xtables-nft-multi" key=(null)
2026-08-18T23:41:59+02:00 nezha audit: PROCTITLE proctitle=69707461626C6573002D2D617070656E64004F5554505554002D6F0074756E30002D6A00414343455054
2026-08-18T23:41:59+02:00 nezha audit[3104102]: NETFILTER_CFG table=filter:9845 family=10 entries=1 op=nft_register_rule pid=3104102 comm="ip6tables"
2026-08-18T23:41:59+02:00 nezha audit[3104102]: SYSCALL arch=c000003e syscall=46 success=yes exit=292 a0=3 a1=7ffe1c52c0e0 a2=0 a3=0 items=0 ppid=1669414 pid=3104102 auid=1000 uid=1000 gid=1000 euid=1000 suid=1000 fsuid=1000 egid=1000 sgid=1000 fsgid=1000 tty=(none) ses=19 comm="ip6tables" exe="/usr/sbin/xtables-nft-multi" key=(null)
2026-08-18T23:41:59+02:00 nezha audit: PROCTITLE proctitle=6970367461626C6573002D2D617070656E64004F5554505554002D6F0074756E30002D6A00414343455054
2026-08-18T23:42:05+02:00 nezha audit[3104354]: NETFILTER_CFG table=filter:9846 family=2 entries=1 op=nft_unregister_rule pid=3104354 comm="iptables"
2026-08-18T23:42:05+02:00 nezha audit[3104354]: SYSCALL arch=c000003e syscall=46 success=yes exit=584 a0=3 a1=7ffc155930e0 a2=0 a3=0 items=0 ppid=1669414 pid=3104354 auid=1000 uid=1000 gid=1000 euid=1000 suid=1000 fsuid=1000 egid=1000 sgid=1000 fsgid=1000 tty=(none) ses=19 comm="iptables" exe="/usr/sbin/xtables-nft-multi" key=(null)
2026-08-18T23:42:05+02:00 nezha audit: PROCTITLE proctitle=69707461626C6573002D740066696C746572002D44004F55545055540034
2026-08-18T23:42:05+02:00 nezha kernel: kauditd_printk_skb: 8 callbacks suppressed
2026-08-18T23:42:05+02:00 nezha kernel: audit: type=1325 audit(1787089325.786:11114): table=filter:9846 family=2 entries=1 op=nft_unregister_rule pid=3104354 comm="iptables"
2026-08-18T23:42:05+02:00 nezha kernel: audit: type=1300 audit(1787089325.786:11114): arch=c000003e syscall=46 success=yes exit=584 a0=3 a1=7ffc155930e0 a2=0 a3=0 items=0 ppid=1669414 pid=3104354 auid=1000 uid=1000 gid=1000 euid=1000 suid=1000 fsuid=1000 egid=1000 sgid=1000 fsgid=1000 tty=(none) ses=19 comm="iptables" exe="/usr/sbin/xtables-nft-multi" key=(null)
2026-08-18T23:42:05+02:00 nezha kernel: audit: type=1327 audit(1787089325.786:11114): proctitle=69707461626C6573002D740066696C746572002D44004F55545055540034
2026-08-18T23:42:05+02:00 nezha audit[3104358]: NETFILTER_CFG table=filter:9847 family=2 entries=1 op=nft_unregister_rule pid=3104358 comm="iptables"
2026-08-18T23:42:05+02:00 nezha audit[3104358]: SYSCALL arch=c000003e syscall=46 success=yes exit=296 a0=3 a1=7ffdc87da060 a2=0 a3=0 items=0 ppid=1669414 pid=3104358 auid=1000 uid=1000 gid=1000 euid=1000 suid=1000 fsuid=1000 egid=1000 sgid=1000 fsgid=1000 tty=(none) ses=19 comm="iptables" exe="/usr/sbin/xtables-nft-multi" key=(null)
2026-08-18T23:42:05+02:00 nezha audit: PROCTITLE proctitle=69707461626C6573002D740066696C746572002D44004F55545055540034
2026-08-18T23:42:05+02:00 nezha kernel: audit: type=1325 audit(1787089325.800:11115): table=filter:9847 family=2 entries=1 op=nft_unregister_rule pid=3104358 comm="iptables"
2026-08-18T23:42:05+02:00 nezha kernel: audit: type=1300 audit(1787089325.800:11115): arch=c000003e syscall=46 success=yes exit=296 a0=3 a1=7ffdc87da060 a2=0 a3=0 items=0 ppid=1669414 pid=3104358 auid=1000 uid=1000 gid=1000 euid=1000 suid=1000 fsuid=1000 egid=1000 sgid=1000 fsgid=1000 tty=(none) ses=19 comm="iptables" exe="/usr/sbin/xtables-nft-multi" key=(null)
2026-08-18T23:42:05+02:00 nezha kernel: audit: type=1327 audit(1787089325.800:11115): proctitle=69707461626C6573002D740066696C746572002D44004F55545055540034
2026-08-18T23:42:05+02:00 nezha audit[3104360]: NETFILTER_CFG table=filter:9848 family=10 entries=1 op=nft_unregister_rule pid=3104360 comm="ip6tables"
2026-08-18T23:42:05+02:00 nezha audit[3104360]: SYSCALL arch=c000003e syscall=46 success=yes exit=296 a0=3 a1=7ffc816ba840 a2=0 a3=0 items=0 ppid=1669414 pid=3104360 auid=1000 uid=1000 gid=1000 euid=1000 suid=1000 fsuid=1000 egid=1000 sgid=1000 fsgid=1000 tty=(none) ses=19 comm="ip6tables" exe="/usr/sbin/xtables-nft-multi" key=(null)
2026-08-18T23:42:05+02:00 nezha audit: PROCTITLE proctitle=6970367461626C6573002D740066696C746572002D44004F55545055540035
2026-08-18T23:42:05+02:00 nezha kernel: audit: type=1325 audit(1787089325.814:11116): table=filter:9848 family=10 entries=1 op=nft_unregister_rule pid=3104360 comm="ip6tables"
2026-08-18T23:42:05+02:00 nezha kernel: audit: type=1300 audit(1787089325.814:11116): arch=c000003e syscall=46 success=yes exit=296 a0=3 a1=7ffc816ba840 a2=0 a3=0 items=0 ppid=1669414 pid=3104360 auid=1000 uid=1000 gid=1000 euid=1000 suid=1000 fsuid=1000 egid=1000 sgid=1000 fsgid=1000 tty=(none) ses=19 comm="ip6tables" exe="/usr/sbin/xtables-nft-multi" key=(null)
2026-08-18T23:42:05+02:00 nezha kernel: audit: type=1327 audit(1787089325.814:11116): proctitle=6970367461626C6573002D740066696C746572002D44004F55545055540035
2026-08-18T23:42:05+02:00 nezha audit[3104362]: NETFILTER_CFG table=filter:9849 family=2 entries=1 op=nft_register_rule pid=3104362 comm="iptables"
2026-08-18T23:42:05+02:00 nezha audit[3104362]: SYSCALL arch=c000003e syscall=46 success=yes exit=580 a0=3 a1=7fff24d17690 a2=0 a3=0 items=0 ppid=1669414 pid=3104362 auid=1000 uid=1000 gid=1000 euid=1000 suid=1000 fsuid=1000 egid=1000 sgid=1000 fsgid=1000 tty=(none) ses=19 comm="iptables" exe="/usr/sbin/xtables-nft-multi" key=(null)
2026-08-18T23:42:05+02:00 nezha audit: PROCTITLE proctitle=69707461626C6573002D2D617070656E64004F5554505554002D64003134362E37302E3138342E32002D6F0065746830002D7000756470002D6D00756470002D2D64706F7274003531383230002D6A00414343455054
2026-08-18T23:42:05+02:00 nezha kernel: audit: type=1325 audit(1787089325.827:11117): table=filter:9849 family=2 entries=1 op=nft_register_rule pid=3104362 comm="iptables"
2026-08-18T23:42:05+02:00 nezha audit[3104365]: NETFILTER_CFG table=filter:9850 family=2 entries=1 op=nft_register_rule pid=3104365 comm="iptables"
2026-08-18T23:42:05+02:00 nezha audit[3104365]: SYSCALL arch=c000003e syscall=46 success=yes exit=292 a0=3 a1=7ffefad6a3a0 a2=0 a3=0 items=0 ppid=1669414 pid=3104365 auid=1000 uid=1000 gid=1000 euid=1000 suid=1000 fsuid=1000 egid=1000 sgid=1000 fsgid=1000 tty=(none) ses=19 comm="iptables" exe="/usr/sbin/xtables-nft-multi" key=(null)
2026-08-18T23:42:05+02:00 nezha audit: PROCTITLE proctitle=69707461626C6573002D2D617070656E64004F5554505554002D6F0074756E30002D6A00414343455054
2026-08-18T23:42:05+02:00 nezha audit[3104366]: NETFILTER_CFG table=filter:9851 family=10 entries=1 op=nft_register_rule pid=3104366 comm="ip6tables"
2026-08-18T23:42:05+02:00 nezha audit[3104366]: SYSCALL arch=c000003e syscall=46 success=yes exit=292 a0=3 a1=7fffe23d3c20 a2=0 a3=0 items=0 ppid=1669414 pid=3104366 auid=1000 uid=1000 gid=1000 euid=1000 suid=1000 fsuid=1000 egid=1000 sgid=1000 fsgid=1000 tty=(none) ses=19 comm="ip6tables" exe="/usr/sbin/xtables-nft-multi" key=(null)
2026-08-18T23:42:05+02:00 nezha audit: PROCTITLE proctitle=6970367461626C6573002D2D617070656E64004F5554505554002D6F0074756E30002D6A00414343455054
2026-08-18T23:42:11+02:00 nezha audit[3104603]: NETFILTER_CFG table=filter:9852 family=2 entries=1 op=nft_unregister_rule pid=3104603 comm="iptables"
2026-08-18T23:42:11+02:00 nezha audit[3104603]: SYSCALL arch=c000003e syscall=46 success=yes exit=584 a0=3 a1=7fff67179f40 a2=0 a3=0 items=0 ppid=1669414 pid=3104603 auid=1000 uid=1000 gid=1000 euid=1000 suid=1000 fsuid=1000 egid=1000 sgid=1000 fsgid=1000 tty=(none) ses=19 comm="iptables" exe="/usr/sbin/xtables-nft-multi" key=(null)
2026-08-18T23:42:11+02:00 nezha audit: PROCTITLE proctitle=69707461626C6573002D740066696C746572002D44004F55545055540034
2026-08-18T23:42:11+02:00 nezha kernel: kauditd_printk_skb: 8 callbacks suppressed
2026-08-18T23:42:11+02:00 nezha kernel: audit: type=1325 audit(1787089331.995:11120): table=filter:9852 family=2 entries=1 op=nft_unregister_rule pid=3104603 comm="iptables"
2026-08-18T23:42:11+02:00 nezha kernel: audit: type=1300 audit(1787089331.995:11120): arch=c000003e syscall=46 success=yes exit=584 a0=3 a1=7fff67179f40 a2=0 a3=0 items=0 ppid=1669414 pid=3104603 auid=1000 uid=1000 gid=1000 euid=1000 suid=1000 fsuid=1000 egid=1000 sgid=1000 fsgid=1000 tty=(none) ses=19 comm="iptables" exe="/usr/sbin/xtables-nft-multi" key=(null)
2026-08-18T23:42:11+02:00 nezha kernel: audit: type=1327 audit(1787089331.995:11120): proctitle=69707461626C6573002D740066696C746572002D44004F55545055540034
2026-08-18T23:42:12+02:00 nezha audit[3104607]: NETFILTER_CFG table=filter:9853 family=2 entries=1 op=nft_unregister_rule pid=3104607 comm="iptables"
2026-08-18T23:42:12+02:00 nezha audit[3104607]: SYSCALL arch=c000003e syscall=46 success=yes exit=296 a0=3 a1=7ffe58c9e8c0 a2=0 a3=0 items=0 ppid=1669414 pid=3104607 auid=1000 uid=1000 gid=1000 euid=1000 suid=1000 fsuid=1000 egid=1000 sgid=1000 fsgid=1000 tty=(none) ses=19 comm="iptables" exe="/usr/sbin/xtables-nft-multi" key=(null)
2026-08-18T23:42:12+02:00 nezha audit: PROCTITLE proctitle=69707461626C6573002D740066696C746572002D44004F55545055540034
2026-08-18T23:42:12+02:00 nezha kernel: audit: type=1325 audit(1787089332.014:11121): table=filter:9853 family=2 entries=1 op=nft_unregister_rule pid=3104607 comm="iptables"
2026-08-18T23:42:12+02:00 nezha kernel: audit: type=1300 audit(1787089332.014:11121): arch=c000003e syscall=46 success=yes exit=296 a0=3 a1=7ffe58c9e8c0 a2=0 a3=0 items=0 ppid=1669414 pid=3104607 auid=1000 uid=1000 gid=1000 euid=1000 suid=1000 fsuid=1000 egid=1000 sgid=1000 fsgid=1000 tty=(none) ses=19 comm="iptables" exe="/usr/sbin/xtables-nft-multi" key=(null)
2026-08-18T23:42:12+02:00 nezha kernel: audit: type=1327 audit(1787089332.014:11121): proctitle=69707461626C6573002D740066696C746572002D44004F55545055540034
2026-08-18T23:42:12+02:00 nezha audit[3104609]: NETFILTER_CFG table=filter:9854 family=10 entries=1 op=nft_unregister_rule pid=3104609 comm="ip6tables"
2026-08-18T23:42:12+02:00 nezha audit[3104609]: SYSCALL arch=c000003e syscall=46 success=yes exit=296 a0=3 a1=7ffee059a4f0 a2=0 a3=0 items=0 ppid=1669414 pid=3104609 auid=1000 uid=1000 gid=1000 euid=1000 suid=1000 fsuid=1000 egid=1000 sgid=1000 fsgid=1000 tty=(none) ses=19 comm="ip6tables" exe="/usr/sbin/xtables-nft-multi" key=(null)
2026-08-18T23:42:12+02:00 nezha audit: PROCTITLE proctitle=6970367461626C6573002D740066696C746572002D44004F55545055540035
2026-08-18T23:42:12+02:00 nezha kernel: audit: type=1325 audit(1787089332.028:11122): table=filter:9854 family=10 entries=1 op=nft_unregister_rule pid=3104609 comm="ip6tables"
2026-08-18T23:42:12+02:00 nezha kernel: audit: type=1300 audit(1787089332.028:11122): arch=c000003e syscall=46 success=yes exit=296 a0=3 a1=7ffee059a4f0 a2=0 a3=0 items=0 ppid=1669414 pid=3104609 auid=1000 uid=1000 gid=1000 euid=1000 suid=1000 fsuid=1000 egid=1000 sgid=1000 fsgid=1000 tty=(none) ses=19 comm="ip6tables" exe="/usr/sbin/xtables-nft-multi" key=(null)
2026-08-18T23:42:12+02:00 nezha kernel: audit: type=1327 audit(1787089332.028:11122): proctitle=6970367461626C6573002D740066696C746572002D44004F55545055540035
2026-08-18T23:42:12+02:00 nezha audit[3104611]: NETFILTER_CFG table=filter:9855 family=2 entries=1 op=nft_register_rule pid=3104611 comm="iptables"
2026-08-18T23:42:12+02:00 nezha audit[3104611]: SYSCALL arch=c000003e syscall=46 success=yes exit=580 a0=3 a1=7ffc49faa110 a2=0 a3=0 items=0 ppid=1669414 pid=3104611 auid=1000 uid=1000 gid=1000 euid=1000 suid=1000 fsuid=1000 egid=1000 sgid=1000 fsgid=1000 tty=(none) ses=19 comm="iptables" exe="/usr/sbin/xtables-nft-multi" key=(null)
2026-08-18T23:42:12+02:00 nezha audit: PROCTITLE proctitle=69707461626C6573002D2D617070656E64004F5554505554002D640034352E3133342E3134302E313330002D6F0065746830002D7000756470002D6D00756470002D2D64706F7274003531383230002D6A00414343455054
2026-08-18T23:42:12+02:00 nezha kernel: audit: type=1325 audit(1787089332.042:11123): table=filter:9855 family=2 entries=1 op=nft_register_rule pid=3104611 comm="iptables"
2026-08-18T23:42:12+02:00 nezha audit[3104614]: NETFILTER_CFG table=filter:9856 family=2 entries=1 op=nft_register_rule pid=3104614 comm="iptables"
2026-08-18T23:42:12+02:00 nezha audit[3104614]: SYSCALL arch=c000003e syscall=46 success=yes exit=292 a0=3 a1=7ffebe5f58b0 a2=0 a3=0 items=0 ppid=1669414 pid=3104614 auid=1000 uid=1000 gid=1000 euid=1000 suid=1000 fsuid=1000 egid=1000 sgid=1000 fsgid=1000 tty=(none) ses=19 comm="iptables" exe="/usr/sbin/xtables-nft-multi" key=(null)
2026-08-18T23:42:12+02:00 nezha audit: PROCTITLE proctitle=69707461626C6573002D2D617070656E64004F5554505554002D6F0074756E30002D6A00414343455054
2026-08-18T23:42:12+02:00 nezha audit[3104615]: NETFILTER_CFG table=filter:9857 family=10 entries=1 op=nft_register_rule pid=3104615 comm="ip6tables"
2026-08-18T23:42:12+02:00 nezha audit[3104615]: SYSCALL arch=c000003e syscall=46 success=yes exit=292 a0=3 a1=7fffdab47880 a2=0 a3=0 items=0 ppid=1669414 pid=3104615 auid=1000 uid=1000 gid=1000 euid=1000 suid=1000 fsuid=1000 egid=1000 sgid=1000 fsgid=1000 tty=(none) ses=19 comm="ip6tables" exe="/usr/sbin/xtables-nft-multi" key=(null)
2026-08-18T23:42:12+02:00 nezha audit: PROCTITLE proctitle=6970367461626C6573002D2D617070656E64004F5554505554002D6F0074756E30002D6A00414343455054
2026-08-18T23:42:18+02:00 nezha audit[3104754]: NETFILTER_CFG table=filter:9858 family=2 entries=1 op=nft_unregister_rule pid=3104754 comm="iptables"
2026-08-18T23:42:18+02:00 nezha audit[3104754]: SYSCALL arch=c000003e syscall=46 success=yes exit=584 a0=3 a1=7ffcff51a250 a2=0 a3=0 items=0 ppid=1669414 pid=3104754 auid=1000 uid=1000 gid=1000 euid=1000 suid=1000 fsuid=1000 egid=1000 sgid=1000 fsgid=1000 tty=(none) ses=19 comm="iptables" exe="/usr/sbin/xtables-nft-multi" key=(null)
2026-08-18T23:42:18+02:00 nezha audit: PROCTITLE proctitle=69707461626C6573002D740066696C746572002D44004F55545055540034
2026-08-18T23:42:18+02:00 nezha kernel: kauditd_printk_skb: 8 callbacks suppressed
2026-08-18T23:42:18+02:00 nezha kernel: audit: type=1325 audit(1787089338.226:11126): table=filter:9858 family=2 entries=1 op=nft_unregister_rule pid=3104754 comm="iptables"
2026-08-18T23:42:18+02:00 nezha kernel: audit: type=1300 audit(1787089338.226:11126): arch=c000003e syscall=46 success=yes exit=584 a0=3 a1=7ffcff51a250 a2=0 a3=0 items=0 ppid=1669414 pid=3104754 auid=1000 uid=1000 gid=1000 euid=1000 suid=1000 fsuid=1000 egid=1000 sgid=1000 fsgid=1000 tty=(none) ses=19 comm="iptables" exe="/usr/sbin/xtables-nft-multi" key=(null)
2026-08-18T23:42:18+02:00 nezha kernel: audit: type=1327 audit(1787089338.226:11126): proctitle=69707461626C6573002D740066696C746572002D44004F55545055540034
2026-08-18T23:42:18+02:00 nezha audit[3104758]: NETFILTER_CFG table=filter:9859 family=2 entries=1 op=nft_unregister_rule pid=3104758 comm="iptables"
2026-08-18T23:42:18+02:00 nezha audit[3104758]: SYSCALL arch=c000003e syscall=46 success=yes exit=296 a0=3 a1=7ffe53cd79c0 a2=0 a3=0 items=0 ppid=1669414 pid=3104758 auid=1000 uid=1000 gid=1000 euid=1000 suid=1000 fsuid=1000 egid=1000 sgid=1000 fsgid=1000 tty=(none) ses=19 comm="iptables" exe="/usr/sbin/xtables-nft-multi" key=(null)
2026-08-18T23:42:18+02:00 nezha audit: PROCTITLE proctitle=69707461626C6573002D740066696C746572002D44004F55545055540034
2026-08-18T23:42:18+02:00 nezha kernel: audit: type=1325 audit(1787089338.239:11127): table=filter:9859 family=2 entries=1 op=nft_unregister_rule pid=3104758 comm="iptables"
2026-08-18T23:42:18+02:00 nezha kernel: audit: type=1300 audit(1787089338.239:11127): arch=c000003e syscall=46 success=yes exit=296 a0=3 a1=7ffe53cd79c0 a2=0 a3=0 items=0 ppid=1669414 pid=3104758 auid=1000 uid=1000 gid=1000 euid=1000 suid=1000 fsuid=1000 egid=1000 sgid=1000 fsgid=1000 tty=(none) ses=19 comm="iptables" exe="/usr/sbin/xtables-nft-multi" key=(null)
2026-08-18T23:42:18+02:00 nezha kernel: audit: type=1327 audit(1787089338.239:11127): proctitle=69707461626C6573002D740066696C746572002D44004F55545055540034
2026-08-18T23:42:18+02:00 nezha audit[3104760]: NETFILTER_CFG table=filter:9860 family=10 entries=1 op=nft_unregister_rule pid=3104760 comm="ip6tables"
2026-08-18T23:42:18+02:00 nezha audit[3104760]: SYSCALL arch=c000003e syscall=46 success=yes exit=296 a0=3 a1=7fff5f7b35d0 a2=0 a3=0 items=0 ppid=1669414 pid=3104760 auid=1000 uid=1000 gid=1000 euid=1000 suid=1000 fsuid=1000 egid=1000 sgid=1000 fsgid=1000 tty=(none) ses=19 comm="ip6tables" exe="/usr/sbin/xtables-nft-multi" key=(null)
2026-08-18T23:42:18+02:00 nezha audit: PROCTITLE proctitle=6970367461626C6573002D740066696C746572002D44004F55545055540035
2026-08-18T23:42:18+02:00 nezha kernel: audit: type=1325 audit(1787089338.251:11128): table=filter:9860 family=10 entries=1 op=nft_unregister_rule pid=3104760 comm="ip6tables"
2026-08-18T23:42:18+02:00 nezha kernel: audit: type=1300 audit(1787089338.251:11128): arch=c000003e syscall=46 success=yes exit=296 a0=3 a1=7fff5f7b35d0 a2=0 a3=0 items=0 ppid=1669414 pid=3104760 auid=1000 uid=1000 gid=1000 euid=1000 suid=1000 fsuid=1000 egid=1000 sgid=1000 fsgid=1000 tty=(none) ses=19 comm="ip6tables" exe="/usr/sbin/xtables-nft-multi" key=(null)
2026-08-18T23:42:18+02:00 nezha kernel: audit: type=1327 audit(1787089338.251:11128): proctitle=6970367461626C6573002D740066696C746572002D44004F55545055540035
2026-08-18T23:42:18+02:00 nezha audit[3104762]: NETFILTER_CFG table=filter:9861 family=2 entries=1 op=nft_register_rule pid=3104762 comm="iptables"
2026-08-18T23:42:18+02:00 nezha audit[3104762]: SYSCALL arch=c000003e syscall=46 success=yes exit=580 a0=3 a1=7ffea603b2e0 a2=0 a3=0 items=0 ppid=1669414 pid=3104762 auid=1000 uid=1000 gid=1000 euid=1000 suid=1000 fsuid=1000 egid=1000 sgid=1000 fsgid=1000 tty=(none) ses=19 comm="iptables" exe="/usr/sbin/xtables-nft-multi" key=(null)
2026-08-18T23:42:18+02:00 nezha audit: PROCTITLE proctitle=69707461626C6573002D2D617070656E64004F5554505554002D640032332E3233342E3130302E313237002D6F0065746830002D7000756470002D6D00756470002D2D64706F7274003531383230002D6A00414343455054
2026-08-18T23:42:18+02:00 nezha kernel: audit: type=1325 audit(1787089338.269:11129): table=filter:9861 family=2 entries=1 op=nft_register_rule pid=3104762 comm="iptables"
2026-08-18T23:42:18+02:00 nezha audit[3104765]: NETFILTER_CFG table=filter:9862 family=2 entries=1 op=nft_register_rule pid=3104765 comm="iptables"
2026-08-18T23:42:18+02:00 nezha audit[3104765]: SYSCALL arch=c000003e syscall=46 success=yes exit=292 a0=3 a1=7ffd628f93f0 a2=0 a3=0 items=0 ppid=1669414 pid=3104765 auid=1000 uid=1000 gid=1000 euid=1000 suid=1000 fsuid=1000 egid=1000 sgid=1000 fsgid=1000 tty=(none) ses=19 comm="iptables" exe="/usr/sbin/xtables-nft-multi" key=(null)
2026-08-18T23:42:18+02:00 nezha audit: PROCTITLE proctitle=69707461626C6573002D2D617070656E64004F5554505554002D6F0074756E30002D6A00414343455054
2026-08-18T23:42:18+02:00 nezha audit[3104766]: NETFILTER_CFG table=filter:9863 family=10 entries=1 op=nft_register_rule pid=3104766 comm="ip6tables"
2026-08-18T23:42:18+02:00 nezha audit[3104766]: SYSCALL arch=c000003e syscall=46 success=yes exit=292 a0=3 a1=7fffce8208e0 a2=0 a3=0 items=0 ppid=1669414 pid=3104766 auid=1000 uid=1000 gid=1000 euid=1000 suid=1000 fsuid=1000 egid=1000 sgid=1000 fsgid=1000 tty=(none) ses=19 comm="ip6tables" exe="/usr/sbin/xtables-nft-multi" key=(null)
2026-08-18T23:42:18+02:00 nezha audit: PROCTITLE proctitle=6970367461626C6573002D2D617070656E64004F5554505554002D6F0074756E30002D6A00414343455054
2026-08-18T23:42:24+02:00 nezha audit[3104879]: NETFILTER_CFG table=filter:9864 family=2 entries=1 op=nft_unregister_rule pid=3104879 comm="iptables"
2026-08-18T23:42:24+02:00 nezha audit[3104879]: SYSCALL arch=c000003e syscall=46 success=yes exit=584 a0=3 a1=7ffdf749d740 a2=0 a3=0 items=0 ppid=1669414 pid=3104879 auid=1000 uid=1000 gid=1000 euid=1000 suid=1000 fsuid=1000 egid=1000 sgid=1000 fsgid=1000 tty=(none) ses=19 comm="iptables" exe="/usr/sbin/xtables-nft-multi" key=(null)
2026-08-18T23:42:24+02:00 nezha audit: PROCTITLE proctitle=69707461626C6573002D740066696C746572002D44004F55545055540034
2026-08-18T23:42:24+02:00 nezha kernel: kauditd_printk_skb: 8 callbacks suppressed
2026-08-18T23:42:24+02:00 nezha kernel: audit: type=1325 audit(1787089344.433:11132): table=filter:9864 family=2 entries=1 op=nft_unregister_rule pid=3104879 comm="iptables"
2026-08-18T23:42:24+02:00 nezha kernel: audit: type=1300 audit(1787089344.433:11132): arch=c000003e syscall=46 success=yes exit=584 a0=3 a1=7ffdf749d740 a2=0 a3=0 items=0 ppid=1669414 pid=3104879 auid=1000 uid=1000 gid=1000 euid=1000 suid=1000 fsuid=1000 egid=1000 sgid=1000 fsgid=1000 tty=(none) ses=19 comm="iptables" exe="/usr/sbin/xtables-nft-multi" key=(null)
2026-08-18T23:42:24+02:00 nezha kernel: audit: type=1327 audit(1787089344.433:11132): proctitle=69707461626C6573002D740066696C746572002D44004F55545055540034
2026-08-18T23:42:24+02:00 nezha audit[3104889]: NETFILTER_CFG table=filter:9865 family=2 entries=1 op=nft_unregister_rule pid=3104889 comm="iptables"
2026-08-18T23:42:24+02:00 nezha audit[3104889]: SYSCALL arch=c000003e syscall=46 success=yes exit=296 a0=3 a1=7ffca7a08c40 a2=0 a3=0 items=0 ppid=1669414 pid=3104889 auid=1000 uid=1000 gid=1000 euid=1000 suid=1000 fsuid=1000 egid=1000 sgid=1000 fsgid=1000 tty=(none) ses=19 comm="iptables" exe="/usr/sbin/xtables-nft-multi" key=(null)
2026-08-18T23:42:24+02:00 nezha audit: PROCTITLE proctitle=69707461626C6573002D740066696C746572002D44004F55545055540034
2026-08-18T23:42:24+02:00 nezha kernel: audit: type=1325 audit(1787089344.442:11133): table=filter:9865 family=2 entries=1 op=nft_unregister_rule pid=3104889 comm="iptables"
2026-08-18T23:42:24+02:00 nezha kernel: audit: type=1300 audit(1787089344.442:11133): arch=c000003e syscall=46 success=yes exit=296 a0=3 a1=7ffca7a08c40 a2=0 a3=0 items=0 ppid=1669414 pid=3104889 auid=1000 uid=1000 gid=1000 euid=1000 suid=1000 fsuid=1000 egid=1000 sgid=1000 fsgid=1000 tty=(none) ses=19 comm="iptables" exe="/usr/sbin/xtables-nft-multi" key=(null)
2026-08-18T23:42:24+02:00 nezha kernel: audit: type=1327 audit(1787089344.442:11133): proctitle=69707461626C6573002D740066696C746572002D44004F55545055540034
2026-08-18T23:42:24+02:00 nezha audit[3104891]: NETFILTER_CFG table=filter:9866 family=10 entries=1 op=nft_unregister_rule pid=3104891 comm="ip6tables"
2026-08-18T23:42:24+02:00 nezha audit[3104891]: SYSCALL arch=c000003e syscall=46 success=yes exit=296 a0=3 a1=7fffa4dd3a70 a2=0 a3=0 items=0 ppid=1669414 pid=3104891 auid=1000 uid=1000 gid=1000 euid=1000 suid=1000 fsuid=1000 egid=1000 sgid=1000 fsgid=1000 tty=(none) ses=19 comm="ip6tables" exe="/usr/sbin/xtables-nft-multi" key=(null)
2026-08-18T23:42:24+02:00 nezha audit: PROCTITLE proctitle=6970367461626C6573002D740066696C746572002D44004F55545055540035
2026-08-18T23:42:24+02:00 nezha kernel: audit: type=1325 audit(1787089344.450:11134): table=filter:9866 family=10 entries=1 op=nft_unregister_rule pid=3104891 comm="ip6tables"
2026-08-18T23:42:24+02:00 nezha kernel: audit: type=1300 audit(1787089344.450:11134): arch=c000003e syscall=46 success=yes exit=296 a0=3 a1=7fffa4dd3a70 a2=0 a3=0 items=0 ppid=1669414 pid=3104891 auid=1000 uid=1000 gid=1000 euid=1000 suid=1000 fsuid=1000 egid=1000 sgid=1000 fsgid=1000 tty=(none) ses=19 comm="ip6tables" exe="/usr/sbin/xtables-nft-multi" key=(null)
2026-08-18T23:42:24+02:00 nezha kernel: audit: type=1327 audit(1787089344.450:11134): proctitle=6970367461626C6573002D740066696C746572002D44004F55545055540035
2026-08-18T23:42:24+02:00 nezha audit[3104896]: NETFILTER_CFG table=filter:9867 family=2 entries=1 op=nft_register_rule pid=3104896 comm="iptables"
2026-08-18T23:42:24+02:00 nezha audit[3104896]: SYSCALL arch=c000003e syscall=46 success=yes exit=580 a0=3 a1=7ffcac7d5a10 a2=0 a3=0 items=0 ppid=1669414 pid=3104896 auid=1000 uid=1000 gid=1000 euid=1000 suid=1000 fsuid=1000 egid=1000 sgid=1000 fsgid=1000 tty=(none) ses=19 comm="iptables" exe="/usr/sbin/xtables-nft-multi" key=(null)
2026-08-18T23:42:24+02:00 nezha audit: PROCTITLE proctitle=69707461626C6573002D2D617070656E64004F5554505554002D640032332E3233342E3130362E32002D6F0065746830002D7000756470002D6D00756470002D2D64706F7274003531383230002D6A00414343455054
2026-08-18T23:42:24+02:00 nezha kernel: audit: type=1325 audit(1787089344.459:11135): table=filter:9867 family=2 entries=1 op=nft_register_rule pid=3104896 comm="iptables"
2026-08-18T23:42:24+02:00 nezha audit[3104900]: NETFILTER_CFG table=filter:9868 family=2 entries=1 op=nft_register_rule pid=3104900 comm="iptables"
2026-08-18T23:42:24+02:00 nezha audit[3104900]: SYSCALL arch=c000003e syscall=46 success=yes exit=292 a0=3 a1=7ffdbd08cff0 a2=0 a3=0 items=0 ppid=1669414 pid=3104900 auid=1000 uid=1000 gid=1000 euid=1000 suid=1000 fsuid=1000 egid=1000 sgid=1000 fsgid=1000 tty=(none) ses=19 comm="iptables" exe="/usr/sbin/xtables-nft-multi" key=(null)
2026-08-18T23:42:24+02:00 nezha audit: PROCTITLE proctitle=69707461626C6573002D2D617070656E64004F5554505554002D6F0074756E30002D6A00414343455054
2026-08-18T23:42:24+02:00 nezha audit[3104903]: NETFILTER_CFG table=filter:9869 family=10 entries=1 op=nft_register_rule pid=3104903 comm="ip6tables"
2026-08-18T23:42:24+02:00 nezha audit[3104903]: SYSCALL arch=c000003e syscall=46 success=yes exit=292 a0=3 a1=7ffe82e39b10 a2=0 a3=0 items=0 ppid=1669414 pid=3104903 auid=1000 uid=1000 gid=1000 euid=1000 suid=1000 fsuid=1000 egid=1000 sgid=1000 fsgid=1000 tty=(none) ses=19 comm="ip6tables" exe="/usr/sbin/xtables-nft-multi" key=(null)
2026-08-18T23:42:24+02:00 nezha audit: PROCTITLE proctitle=6970367461626C6573002D2D617070656E64004F5554505554002D6F0074756E30002D6A00414343455054
2026-08-18T23:42:30+02:00 nezha audit[3105050]: NETFILTER_CFG table=filter:9870 family=2 entries=1 op=nft_unregister_rule pid=3105050 comm="iptables"
2026-08-18T23:42:30+02:00 nezha audit[3105050]: SYSCALL arch=c000003e syscall=46 success=yes exit=584 a0=3 a1=7ffd7eb0b4c0 a2=0 a3=0 items=0 ppid=1669414 pid=3105050 auid=1000 uid=1000 gid=1000 euid=1000 suid=1000 fsuid=1000 egid=1000 sgid=1000 fsgid=1000 tty=(none) ses=19 comm="iptables" exe="/usr/sbin/xtables-nft-multi" key=(null)
2026-08-18T23:42:30+02:00 nezha audit: PROCTITLE proctitle=69707461626C6573002D740066696C746572002D44004F55545055540034
2026-08-18T23:42:30+02:00 nezha kernel: kauditd_printk_skb: 8 callbacks suppressed
2026-08-18T23:42:30+02:00 nezha kernel: audit: type=1325 audit(1787089350.633:11138): table=filter:9870 family=2 entries=1 op=nft_unregister_rule pid=3105050 comm="iptables"
2026-08-18T23:42:30+02:00 nezha kernel: audit: type=1300 audit(1787089350.633:11138): arch=c000003e syscall=46 success=yes exit=584 a0=3 a1=7ffd7eb0b4c0 a2=0 a3=0 items=0 ppid=1669414 pid=3105050 auid=1000 uid=1000 gid=1000 euid=1000 suid=1000 fsuid=1000 egid=1000 sgid=1000 fsgid=1000 tty=(none) ses=19 comm="iptables" exe="/usr/sbin/xtables-nft-multi" key=(null)
2026-08-18T23:42:30+02:00 nezha kernel: audit: type=1327 audit(1787089350.633:11138): proctitle=69707461626C6573002D740066696C746572002D44004F55545055540034
2026-08-18T23:42:30+02:00 nezha audit[3105054]: NETFILTER_CFG table=filter:9871 family=2 entries=1 op=nft_unregister_rule pid=3105054 comm="iptables"
2026-08-18T23:42:30+02:00 nezha audit[3105054]: SYSCALL arch=c000003e syscall=46 success=yes exit=296 a0=3 a1=7fff6810f7b0 a2=0 a3=0 items=0 ppid=1669414 pid=3105054 auid=1000 uid=1000 gid=1000 euid=1000 suid=1000 fsuid=1000 egid=1000 sgid=1000 fsgid=1000 tty=(none) ses=19 comm="iptables" exe="/usr/sbin/xtables-nft-multi" key=(null)
2026-08-18T23:42:30+02:00 nezha audit: PROCTITLE proctitle=69707461626C6573002D740066696C746572002D44004F55545055540034
2026-08-18T23:42:30+02:00 nezha kernel: audit: type=1325 audit(1787089350.647:11139): table=filter:9871 family=2 entries=1 op=nft_unregister_rule pid=3105054 comm="iptables"
2026-08-18T23:42:30+02:00 nezha kernel: audit: type=1300 audit(1787089350.647:11139): arch=c000003e syscall=46 success=yes exit=296 a0=3 a1=7fff6810f7b0 a2=0 a3=0 items=0 ppid=1669414 pid=3105054 auid=1000 uid=1000 gid=1000 euid=1000 suid=1000 fsuid=1000 egid=1000 sgid=1000 fsgid=1000 tty=(none) ses=19 comm="iptables" exe="/usr/sbin/xtables-nft-multi" key=(null)
2026-08-18T23:42:30+02:00 nezha kernel: audit: type=1327 audit(1787089350.647:11139): proctitle=69707461626C6573002D740066696C746572002D44004F55545055540034
2026-08-18T23:42:30+02:00 nezha audit[3105056]: NETFILTER_CFG table=filter:9872 family=10 entries=1 op=nft_unregister_rule pid=3105056 comm="ip6tables"
2026-08-18T23:42:30+02:00 nezha audit[3105056]: SYSCALL arch=c000003e syscall=46 success=yes exit=296 a0=3 a1=7ffd0c63d3f0 a2=0 a3=0 items=0 ppid=1669414 pid=3105056 auid=1000 uid=1000 gid=1000 euid=1000 suid=1000 fsuid=1000 egid=1000 sgid=1000 fsgid=1000 tty=(none) ses=19 comm="ip6tables" exe="/usr/sbin/xtables-nft-multi" key=(null)
2026-08-18T23:42:30+02:00 nezha audit: PROCTITLE proctitle=6970367461626C6573002D740066696C746572002D44004F55545055540035
2026-08-18T23:42:30+02:00 nezha kernel: audit: type=1325 audit(1787089350.655:11140): table=filter:9872 family=10 entries=1 op=nft_unregister_rule pid=3105056 comm="ip6tables"
2026-08-18T23:42:30+02:00 nezha kernel: audit: type=1300 audit(1787089350.655:11140): arch=c000003e syscall=46 success=yes exit=296 a0=3 a1=7ffd0c63d3f0 a2=0 a3=0 items=0 ppid=1669414 pid=3105056 auid=1000 uid=1000 gid=1000 euid=1000 suid=1000 fsuid=1000 egid=1000 sgid=1000 fsgid=1000 tty=(none) ses=19 comm="ip6tables" exe="/usr/sbin/xtables-nft-multi" key=(null)
2026-08-18T23:42:30+02:00 nezha kernel: audit: type=1327 audit(1787089350.655:11140): proctitle=6970367461626C6573002D740066696C746572002D44004F55545055540035
2026-08-18T23:42:30+02:00 nezha audit[3105058]: NETFILTER_CFG table=filter:9873 family=2 entries=1 op=nft_register_rule pid=3105058 comm="iptables"
2026-08-18T23:42:30+02:00 nezha audit[3105058]: SYSCALL arch=c000003e syscall=46 success=yes exit=580 a0=3 a1=7fff8baf2600 a2=0 a3=0 items=0 ppid=1669414 pid=3105058 auid=1000 uid=1000 gid=1000 euid=1000 suid=1000 fsuid=1000 egid=1000 sgid=1000 fsgid=1000 tty=(none) ses=19 comm="iptables" exe="/usr/sbin/xtables-nft-multi" key=(null)
2026-08-18T23:42:30+02:00 nezha audit: PROCTITLE proctitle=69707461626C6573002D2D617070656E64004F5554505554002D64003134362E37302E3131372E32002D6F0065746830002D7000756470002D6D00756470002D2D64706F7274003531383230002D6A00414343455054
2026-08-18T23:42:30+02:00 nezha kernel: audit: type=1325 audit(1787089350.675:11141): table=filter:9873 family=2 entries=1 op=nft_register_rule pid=3105058 comm="iptables"
2026-08-18T23:42:30+02:00 nezha audit[3105061]: NETFILTER_CFG table=filter:9874 family=2 entries=1 op=nft_register_rule pid=3105061 comm="iptables"
2026-08-18T23:42:30+02:00 nezha audit[3105061]: SYSCALL arch=c000003e syscall=46 success=yes exit=292 a0=3 a1=7ffe043f8ef0 a2=0 a3=0 items=0 ppid=1669414 pid=3105061 auid=1000 uid=1000 gid=1000 euid=1000 suid=1000 fsuid=1000 egid=1000 sgid=1000 fsgid=1000 tty=(none) ses=19 comm="iptables" exe="/usr/sbin/xtables-nft-multi" key=(null)
2026-08-18T23:42:30+02:00 nezha audit: PROCTITLE proctitle=69707461626C6573002D2D617070656E64004F5554505554002D6F0074756E30002D6A00414343455054
2026-08-18T23:42:30+02:00 nezha audit[3105062]: NETFILTER_CFG table=filter:9875 family=10 entries=1 op=nft_register_rule pid=3105062 comm="ip6tables"
2026-08-18T23:42:30+02:00 nezha audit[3105062]: SYSCALL arch=c000003e syscall=46 success=yes exit=292 a0=3 a1=7fffb84a4780 a2=0 a3=0 items=0 ppid=1669414 pid=3105062 auid=1000 uid=1000 gid=1000 euid=1000 suid=1000 fsuid=1000 egid=1000 sgid=1000 fsgid=1000 tty=(none) ses=19 comm="ip6tables" exe="/usr/sbin/xtables-nft-multi" key=(null)
2026-08-18T23:42:30+02:00 nezha audit: PROCTITLE proctitle=6970367461626C6573002D2D617070656E64004F5554505554002D6F0074756E30002D6A00414343455054
2026-08-18T23:42:36+02:00 nezha audit[3105210]: NETFILTER_CFG table=filter:9876 family=2 entries=1 op=nft_unregister_rule pid=3105210 comm="iptables"
2026-08-18T23:42:36+02:00 nezha audit[3105210]: SYSCALL arch=c000003e syscall=46 success=yes exit=584 a0=3 a1=7ffcfdfaeb60 a2=0 a3=0 items=0 ppid=1669414 pid=3105210 auid=1000 uid=1000 gid=1000 euid=1000 suid=1000 fsuid=1000 egid=1000 sgid=1000 fsgid=1000 tty=(none) ses=19 comm="iptables" exe="/usr/sbin/xtables-nft-multi" key=(null)
2026-08-18T23:42:36+02:00 nezha audit: PROCTITLE proctitle=69707461626C6573002D740066696C746572002D44004F55545055540034
2026-08-18T23:42:36+02:00 nezha kernel: kauditd_printk_skb: 8 callbacks suppressed
2026-08-18T23:42:36+02:00 nezha kernel: audit: type=1325 audit(1787089356.847:11144): table=filter:9876 family=2 entries=1 op=nft_unregister_rule pid=3105210 comm="iptables"
2026-08-18T23:42:36+02:00 nezha kernel: audit: type=1300 audit(1787089356.847:11144): arch=c000003e syscall=46 success=yes exit=584 a0=3 a1=7ffcfdfaeb60 a2=0 a3=0 items=0 ppid=1669414 pid=3105210 auid=1000 uid=1000 gid=1000 euid=1000 suid=1000 fsuid=1000 egid=1000 sgid=1000 fsgid=1000 tty=(none) ses=19 comm="iptables" exe="/usr/sbin/xtables-nft-multi" key=(null)
2026-08-18T23:42:36+02:00 nezha kernel: audit: type=1327 audit(1787089356.847:11144): proctitle=69707461626C6573002D740066696C746572002D44004F55545055540034
2026-08-18T23:42:36+02:00 nezha audit[3105214]: NETFILTER_CFG table=filter:9877 family=2 entries=1 op=nft_unregister_rule pid=3105214 comm="iptables"
2026-08-18T23:42:36+02:00 nezha audit[3105214]: SYSCALL arch=c000003e syscall=46 success=yes exit=296 a0=3 a1=7ffeb2a6cf90 a2=0 a3=0 items=0 ppid=1669414 pid=3105214 auid=1000 uid=1000 gid=1000 euid=1000 suid=1000 fsuid=1000 egid=1000 sgid=1000 fsgid=1000 tty=(none) ses=19 comm="iptables" exe="/usr/sbin/xtables-nft-multi" key=(null)
2026-08-18T23:42:36+02:00 nezha audit: PROCTITLE proctitle=69707461626C6573002D740066696C746572002D44004F55545055540034
2026-08-18T23:42:36+02:00 nezha kernel: audit: type=1325 audit(1787089356.863:11145): table=filter:9877 family=2 entries=1 op=nft_unregister_rule pid=3105214 comm="iptables"
2026-08-18T23:42:36+02:00 nezha kernel: audit: type=1300 audit(1787089356.863:11145): arch=c000003e syscall=46 success=yes exit=296 a0=3 a1=7ffeb2a6cf90 a2=0 a3=0 items=0 ppid=1669414 pid=3105214 auid=1000 uid=1000 gid=1000 euid=1000 suid=1000 fsuid=1000 egid=1000 sgid=1000 fsgid=1000 tty=(none) ses=19 comm="iptables" exe="/usr/sbin/xtables-nft-multi" key=(null)
2026-08-18T23:42:36+02:00 nezha kernel: audit: type=1327 audit(1787089356.863:11145): proctitle=69707461626C6573002D740066696C746572002D44004F55545055540034
2026-08-18T23:42:36+02:00 nezha audit[3105216]: NETFILTER_CFG table=filter:9878 family=10 entries=1 op=nft_unregister_rule pid=3105216 comm="ip6tables"
2026-08-18T23:42:36+02:00 nezha audit[3105216]: SYSCALL arch=c000003e syscall=46 success=yes exit=296 a0=3 a1=7ffd661ec5e0 a2=0 a3=0 items=0 ppid=1669414 pid=3105216 auid=1000 uid=1000 gid=1000 euid=1000 suid=1000 fsuid=1000 egid=1000 sgid=1000 fsgid=1000 tty=(none) ses=19 comm="ip6tables" exe="/usr/sbin/xtables-nft-multi" key=(null)
2026-08-18T23:42:36+02:00 nezha audit: PROCTITLE proctitle=6970367461626C6573002D740066696C746572002D44004F55545055540035
2026-08-18T23:42:36+02:00 nezha kernel: audit: type=1325 audit(1787089356.874:11146): table=filter:9878 family=10 entries=1 op=nft_unregister_rule pid=3105216 comm="ip6tables"
2026-08-18T23:42:36+02:00 nezha kernel: audit: type=1300 audit(1787089356.874:11146): arch=c000003e syscall=46 success=yes exit=296 a0=3 a1=7ffd661ec5e0 a2=0 a3=0 items=0 ppid=1669414 pid=3105216 auid=1000 uid=1000 gid=1000 euid=1000 suid=1000 fsuid=1000 egid=1000 sgid=1000 fsgid=1000 tty=(none) ses=19 comm="ip6tables" exe="/usr/sbin/xtables-nft-multi" key=(null)
2026-08-18T23:42:36+02:00 nezha kernel: audit: type=1327 audit(1787089356.874:11146): proctitle=6970367461626C6573002D740066696C746572002D44004F55545055540035
2026-08-18T23:42:36+02:00 nezha audit[3105218]: NETFILTER_CFG table=filter:9879 family=2 entries=1 op=nft_register_rule pid=3105218 comm="iptables"
2026-08-18T23:42:36+02:00 nezha audit[3105218]: SYSCALL arch=c000003e syscall=46 success=yes exit=580 a0=3 a1=7ffeb2c520c0 a2=0 a3=0 items=0 ppid=1669414 pid=3105218 auid=1000 uid=1000 gid=1000 euid=1000 suid=1000 fsuid=1000 egid=1000 sgid=1000 fsgid=1000 tty=(none) ses=19 comm="iptables" exe="/usr/sbin/xtables-nft-multi" key=(null)
2026-08-18T23:42:36+02:00 nezha audit: PROCTITLE proctitle=69707461626C6573002D2D617070656E64004F5554505554002D64003135352E322E3139312E323033002D6F0065746830002D7000756470002D6D00756470002D2D64706F7274003531383230002D6A00414343455054
2026-08-18T23:42:36+02:00 nezha kernel: audit: type=1325 audit(1787089356.891:11147): table=filter:9879 family=2 entries=1 op=nft_register_rule pid=3105218 comm="iptables"
2026-08-18T23:42:36+02:00 nezha audit[3105221]: NETFILTER_CFG table=filter:9880 family=2 entries=1 op=nft_register_rule pid=3105221 comm="iptables"
2026-08-18T23:42:36+02:00 nezha audit[3105221]: SYSCALL arch=c000003e syscall=46 success=yes exit=292 a0=3 a1=7fff77351710 a2=0 a3=0 items=0 ppid=1669414 pid=3105221 auid=1000 uid=1000 gid=1000 euid=1000 suid=1000 fsuid=1000 egid=1000 sgid=1000 fsgid=1000 tty=(none) ses=19 comm="iptables" exe="/usr/sbin/xtables-nft-multi" key=(null)
2026-08-18T23:42:36+02:00 nezha audit: PROCTITLE proctitle=69707461626C6573002D2D617070656E64004F5554505554002D6F0074756E30002D6A00414343455054
2026-08-18T23:42:36+02:00 nezha audit[3105222]: NETFILTER_CFG table=filter:9881 family=10 entries=1 op=nft_register_rule pid=3105222 comm="ip6tables"
2026-08-18T23:42:36+02:00 nezha audit[3105222]: SYSCALL arch=c000003e syscall=46 success=yes exit=292 a0=3 a1=7fff02b57ea0 a2=0 a3=0 items=0 ppid=1669414 pid=3105222 auid=1000 uid=1000 gid=1000 euid=1000 suid=1000 fsuid=1000 egid=1000 sgid=1000 fsgid=1000 tty=(none) ses=19 comm="ip6tables" exe="/usr/sbin/xtables-nft-multi" key=(null)
2026-08-18T23:42:36+02:00 nezha audit: PROCTITLE proctitle=6970367461626C6573002D2D617070656E64004F5554505554002D6F0074756E30002D6A00414343455054
2026-08-18T23:42:42+02:00 nezha charon[405357]: 08[NET] received packet: from 95.56.227.154[4500] to 10.130.97.20[4500] (92 bytes)
2026-08-18T23:42:42+02:00 nezha charon[405357]: 08[ENC] parsed INFORMATIONAL_V1 request 2684127206 [ HASH N(DPD) ]
2026-08-18T23:42:42+02:00 nezha charon[405357]: 08[ENC] generating INFORMATIONAL_V1 request 987017328 [ HASH N(DPD_ACK) ]
2026-08-18T23:42:42+02:00 nezha charon[405357]: 08[NET] sending packet: from 10.130.97.20[4500] to 95.56.227.154[4500] (92 bytes)
2026-08-18T23:42:43+02:00 nezha audit[3105560]: NETFILTER_CFG table=filter:9882 family=2 entries=1 op=nft_unregister_rule pid=3105560 comm="iptables"
2026-08-18T23:42:43+02:00 nezha audit[3105560]: SYSCALL arch=c000003e syscall=46 success=yes exit=584 a0=3 a1=7fff88551500 a2=0 a3=0 items=0 ppid=1669414 pid=3105560 auid=1000 uid=1000 gid=1000 euid=1000 suid=1000 fsuid=1000 egid=1000 sgid=1000 fsgid=1000 tty=(none) ses=19 comm="iptables" exe="/usr/sbin/xtables-nft-multi" key=(null)
2026-08-18T23:42:43+02:00 nezha audit: PROCTITLE proctitle=69707461626C6573002D740066696C746572002D44004F55545055540034
2026-08-18T23:42:43+02:00 nezha kernel: kauditd_printk_skb: 8 callbacks suppressed
2026-08-18T23:42:43+02:00 nezha kernel: audit: type=1325 audit(1787089363.077:11150): table=filter:9882 family=2 entries=1 op=nft_unregister_rule pid=3105560 comm="iptables"
2026-08-18T23:42:43+02:00 nezha kernel: audit: type=1300 audit(1787089363.077:11150): arch=c000003e syscall=46 success=yes exit=584 a0=3 a1=7fff88551500 a2=0 a3=0 items=0 ppid=1669414 pid=3105560 auid=1000 uid=1000 gid=1000 euid=1000 suid=1000 fsuid=1000 egid=1000 sgid=1000 fsgid=1000 tty=(none) ses=19 comm="iptables" exe="/usr/sbin/xtables-nft-multi" key=(null)
2026-08-18T23:42:43+02:00 nezha kernel: audit: type=1327 audit(1787089363.077:11150): proctitle=69707461626C6573002D740066696C746572002D44004F55545055540034
2026-08-18T23:42:43+02:00 nezha audit[3105564]: NETFILTER_CFG table=filter:9883 family=2 entries=1 op=nft_unregister_rule pid=3105564 comm="iptables"
2026-08-18T23:42:43+02:00 nezha audit[3105564]: SYSCALL arch=c000003e syscall=46 success=yes exit=296 a0=3 a1=7fff4a864130 a2=0 a3=0 items=0 ppid=1669414 pid=3105564 auid=1000 uid=1000 gid=1000 euid=1000 suid=1000 fsuid=1000 egid=1000 sgid=1000 fsgid=1000 tty=(none) ses=19 comm="iptables" exe="/usr/sbin/xtables-nft-multi" key=(null)
2026-08-18T23:42:43+02:00 nezha audit: PROCTITLE proctitle=69707461626C6573002D740066696C746572002D44004F55545055540034
2026-08-18T23:42:43+02:00 nezha kernel: audit: type=1325 audit(1787089363.095:11151): table=filter:9883 family=2 entries=1 op=nft_unregister_rule pid=3105564 comm="iptables"
2026-08-18T23:42:43+02:00 nezha kernel: audit: type=1300 audit(1787089363.095:11151): arch=c000003e syscall=46 success=yes exit=296 a0=3 a1=7fff4a864130 a2=0 a3=0 items=0 ppid=1669414 pid=3105564 auid=1000 uid=1000 gid=1000 euid=1000 suid=1000 fsuid=1000 egid=1000 sgid=1000 fsgid=1000 tty=(none) ses=19 comm="iptables" exe="/usr/sbin/xtables-nft-multi" key=(null)
2026-08-18T23:42:43+02:00 nezha kernel: audit: type=1327 audit(1787089363.095:11151): proctitle=69707461626C6573002D740066696C746572002D44004F55545055540034
2026-08-18T23:42:43+02:00 nezha audit[3105566]: NETFILTER_CFG table=filter:9884 family=10 entries=1 op=nft_unregister_rule pid=3105566 comm="ip6tables"
2026-08-18T23:42:43+02:00 nezha audit[3105566]: SYSCALL arch=c000003e syscall=46 success=yes exit=296 a0=3 a1=7ffc67e6ea70 a2=0 a3=0 items=0 ppid=1669414 pid=3105566 auid=1000 uid=1000 gid=1000 euid=1000 suid=1000 fsuid=1000 egid=1000 sgid=1000 fsgid=1000 tty=(none) ses=19 comm="ip6tables" exe="/usr/sbin/xtables-nft-multi" key=(null)
2026-08-18T23:42:43+02:00 nezha audit: PROCTITLE proctitle=6970367461626C6573002D740066696C746572002D44004F55545055540035
2026-08-18T23:42:43+02:00 nezha kernel: audit: type=1325 audit(1787089363.106:11152): table=filter:9884 family=10 entries=1 op=nft_unregister_rule pid=3105566 comm="ip6tables"
2026-08-18T23:42:43+02:00 nezha kernel: audit: type=1300 audit(1787089363.106:11152): arch=c000003e syscall=46 success=yes exit=296 a0=3 a1=7ffc67e6ea70 a2=0 a3=0 items=0 ppid=1669414 pid=3105566 auid=1000 uid=1000 gid=1000 euid=1000 suid=1000 fsuid=1000 egid=1000 sgid=1000 fsgid=1000 tty=(none) ses=19 comm="ip6tables" exe="/usr/sbin/xtables-nft-multi" key=(null)
2026-08-18T23:42:43+02:00 nezha kernel: audit: type=1327 audit(1787089363.106:11152): proctitle=6970367461626C6573002D740066696C746572002D44004F55545055540035
2026-08-18T23:42:43+02:00 nezha audit[3105568]: NETFILTER_CFG table=filter:9885 family=2 entries=1 op=nft_register_rule pid=3105568 comm="iptables"
2026-08-18T23:42:43+02:00 nezha audit[3105568]: SYSCALL arch=c000003e syscall=46 success=yes exit=580 a0=3 a1=7ffd42796e50 a2=0 a3=0 items=0 ppid=1669414 pid=3105568 auid=1000 uid=1000 gid=1000 euid=1000 suid=1000 fsuid=1000 egid=1000 sgid=1000 fsgid=1000 tty=(none) ses=19 comm="iptables" exe="/usr/sbin/xtables-nft-multi" key=(null)
2026-08-18T23:42:43+02:00 nezha audit: PROCTITLE proctitle=69707461626C6573002D2D617070656E64004F5554505554002D640032332E3233342E37352E313237002D6F0065746830002D7000756470002D6D00756470002D2D64706F7274003531383230002D6A00414343455054
2026-08-18T23:42:43+02:00 nezha kernel: audit: type=1325 audit(1787089363.115:11153): table=filter:9885 family=2 entries=1 op=nft_register_rule pid=3105568 comm="iptables"
2026-08-18T23:42:43+02:00 nezha audit[3105571]: NETFILTER_CFG table=filter:9886 family=2 entries=1 op=nft_register_rule pid=3105571 comm="iptables"
2026-08-18T23:42:43+02:00 nezha audit[3105571]: SYSCALL arch=c000003e syscall=46 success=yes exit=292 a0=3 a1=7fff9526e710 a2=0 a3=0 items=0 ppid=1669414 pid=3105571 auid=1000 uid=1000 gid=1000 euid=1000 suid=1000 fsuid=1000 egid=1000 sgid=1000 fsgid=1000 tty=(none) ses=19 comm="iptables" exe="/usr/sbin/xtables-nft-multi" key=(null)
2026-08-18T23:42:43+02:00 nezha audit: PROCTITLE proctitle=69707461626C6573002D2D617070656E64004F5554505554002D6F0074756E30002D6A00414343455054
2026-08-18T23:42:43+02:00 nezha audit[3105572]: NETFILTER_CFG table=filter:9887 family=10 entries=1 op=nft_register_rule pid=3105572 comm="ip6tables"
2026-08-18T23:42:43+02:00 nezha audit[3105572]: SYSCALL arch=c000003e syscall=46 success=yes exit=292 a0=3 a1=7ffe3b3648e0 a2=0 a3=0 items=0 ppid=1669414 pid=3105572 auid=1000 uid=1000 gid=1000 euid=1000 suid=1000 fsuid=1000 egid=1000 sgid=1000 fsgid=1000 tty=(none) ses=19 comm="ip6tables" exe="/usr/sbin/xtables-nft-multi" key=(null)
2026-08-18T23:42:43+02:00 nezha audit: PROCTITLE proctitle=6970367461626C6573002D2D617070656E64004F5554505554002D6F0074756E30002D6A00414343455054
2026-08-18T23:42:49+02:00 nezha audit[3105975]: NETFILTER_CFG table=filter:9888 family=2 entries=1 op=nft_unregister_rule pid=3105975 comm="iptables"
2026-08-18T23:42:49+02:00 nezha audit[3105975]: SYSCALL arch=c000003e syscall=46 success=yes exit=584 a0=3 a1=7fffc6ea76a0 a2=0 a3=0 items=0 ppid=1669414 pid=3105975 auid=1000 uid=1000 gid=1000 euid=1000 suid=1000 fsuid=1000 egid=1000 sgid=1000 fsgid=1000 tty=(none) ses=19 comm="iptables" exe="/usr/sbin/xtables-nft-multi" key=(null)
2026-08-18T23:42:49+02:00 nezha audit: PROCTITLE proctitle=69707461626C6573002D740066696C746572002D44004F55545055540034
2026-08-18T23:42:49+02:00 nezha kernel: kauditd_printk_skb: 8 callbacks suppressed
2026-08-18T23:42:49+02:00 nezha kernel: audit: type=1325 audit(1787089369.321:11156): table=filter:9888 family=2 entries=1 op=nft_unregister_rule pid=3105975 comm="iptables"
2026-08-18T23:42:49+02:00 nezha kernel: audit: type=1300 audit(1787089369.321:11156): arch=c000003e syscall=46 success=yes exit=584 a0=3 a1=7fffc6ea76a0 a2=0 a3=0 items=0 ppid=1669414 pid=3105975 auid=1000 uid=1000 gid=1000 euid=1000 suid=1000 fsuid=1000 egid=1000 sgid=1000 fsgid=1000 tty=(none) ses=19 comm="iptables" exe="/usr/sbin/xtables-nft-multi" key=(null)
2026-08-18T23:42:49+02:00 nezha kernel: audit: type=1327 audit(1787089369.321:11156): proctitle=69707461626C6573002D740066696C746572002D44004F55545055540034
2026-08-18T23:42:49+02:00 nezha audit[3105979]: NETFILTER_CFG table=filter:9889 family=2 entries=1 op=nft_unregister_rule pid=3105979 comm="iptables"
2026-08-18T23:42:49+02:00 nezha audit[3105979]: SYSCALL arch=c000003e syscall=46 success=yes exit=296 a0=3 a1=7ffe50a2b7e0 a2=0 a3=0 items=0 ppid=1669414 pid=3105979 auid=1000 uid=1000 gid=1000 euid=1000 suid=1000 fsuid=1000 egid=1000 sgid=1000 fsgid=1000 tty=(none) ses=19 comm="iptables" exe="/usr/sbin/xtables-nft-multi" key=(null)
2026-08-18T23:42:49+02:00 nezha audit: PROCTITLE proctitle=69707461626C6573002D740066696C746572002D44004F55545055540034
2026-08-18T23:42:49+02:00 nezha kernel: audit: type=1325 audit(1787089369.337:11157): table=filter:9889 family=2 entries=1 op=nft_unregister_rule pid=3105979 comm="iptables"
2026-08-18T23:42:49+02:00 nezha kernel: audit: type=1300 audit(1787089369.337:11157): arch=c000003e syscall=46 success=yes exit=296 a0=3 a1=7ffe50a2b7e0 a2=0 a3=0 items=0 ppid=1669414 pid=3105979 auid=1000 uid=1000 gid=1000 euid=1000 suid=1000 fsuid=1000 egid=1000 sgid=1000 fsgid=1000 tty=(none) ses=19 comm="iptables" exe="/usr/sbin/xtables-nft-multi" key=(null)
2026-08-18T23:42:49+02:00 nezha kernel: audit: type=1327 audit(1787089369.337:11157): proctitle=69707461626C6573002D740066696C746572002D44004F55545055540034
2026-08-18T23:42:49+02:00 nezha audit[3105981]: NETFILTER_CFG table=filter:9890 family=10 entries=1 op=nft_unregister_rule pid=3105981 comm="ip6tables"
2026-08-18T23:42:49+02:00 nezha audit[3105981]: SYSCALL arch=c000003e syscall=46 success=yes exit=296 a0=3 a1=7ffe3f74c2a0 a2=0 a3=0 items=0 ppid=1669414 pid=3105981 auid=1000 uid=1000 gid=1000 euid=1000 suid=1000 fsuid=1000 egid=1000 sgid=1000 fsgid=1000 tty=(none) ses=19 comm="ip6tables" exe="/usr/sbin/xtables-nft-multi" key=(null)
2026-08-18T23:42:49+02:00 nezha audit: PROCTITLE proctitle=6970367461626C6573002D740066696C746572002D44004F55545055540035
2026-08-18T23:42:49+02:00 nezha kernel: audit: type=1325 audit(1787089369.353:11158): table=filter:9890 family=10 entries=1 op=nft_unregister_rule pid=3105981 comm="ip6tables"
2026-08-18T23:42:49+02:00 nezha kernel: audit: type=1300 audit(1787089369.353:11158): arch=c000003e syscall=46 success=yes exit=296 a0=3 a1=7ffe3f74c2a0 a2=0 a3=0 items=0 ppid=1669414 pid=3105981 auid=1000 uid=1000 gid=1000 euid=1000 suid=1000 fsuid=1000 egid=1000 sgid=1000 fsgid=1000 tty=(none) ses=19 comm="ip6tables" exe="/usr/sbin/xtables-nft-multi" key=(null)
2026-08-18T23:42:49+02:00 nezha kernel: audit: type=1327 audit(1787089369.353:11158): proctitle=6970367461626C6573002D740066696C746572002D44004F55545055540035
2026-08-18T23:42:49+02:00 nezha audit[3105983]: NETFILTER_CFG table=filter:9891 family=2 entries=1 op=nft_register_rule pid=3105983 comm="iptables"
2026-08-18T23:42:49+02:00 nezha audit[3105983]: SYSCALL arch=c000003e syscall=46 success=yes exit=580 a0=3 a1=7ffe7f904070 a2=0 a3=0 items=0 ppid=1669414 pid=3105983 auid=1000 uid=1000 gid=1000 euid=1000 suid=1000 fsuid=1000 egid=1000 sgid=1000 fsgid=1000 tty=(none) ses=19 comm="iptables" exe="/usr/sbin/xtables-nft-multi" key=(null)
2026-08-18T23:42:49+02:00 nezha audit: PROCTITLE proctitle=69707461626C6573002D2D617070656E64004F5554505554002D64003138352E3230312E3138382E33002D6F0065746830002D7000756470002D6D00756470002D2D64706F7274003531383230002D6A00414343455054
2026-08-18T23:42:49+02:00 nezha kernel: audit: type=1325 audit(1787089369.363:11159): table=filter:9891 family=2 entries=1 op=nft_register_rule pid=3105983 comm="iptables"
2026-08-18T23:42:49+02:00 nezha audit[3105986]: NETFILTER_CFG table=filter:9892 family=2 entries=1 op=nft_register_rule pid=3105986 comm="iptables"
2026-08-18T23:42:49+02:00 nezha audit[3105986]: SYSCALL arch=c000003e syscall=46 success=yes exit=292 a0=3 a1=7ffe85bfd260 a2=0 a3=0 items=0 ppid=1669414 pid=3105986 auid=1000 uid=1000 gid=1000 euid=1000 suid=1000 fsuid=1000 egid=1000 sgid=1000 fsgid=1000 tty=(none) ses=19 comm="iptables" exe="/usr/sbin/xtables-nft-multi" key=(null)
2026-08-18T23:42:49+02:00 nezha audit: PROCTITLE proctitle=69707461626C6573002D2D617070656E64004F5554505554002D6F0074756E30002D6A00414343455054
2026-08-18T23:42:49+02:00 nezha audit[3105987]: NETFILTER_CFG table=filter:9893 family=10 entries=1 op=nft_register_rule pid=3105987 comm="ip6tables"
2026-08-18T23:42:49+02:00 nezha audit[3105987]: SYSCALL arch=c000003e syscall=46 success=yes exit=292 a0=3 a1=7fff4d46e100 a2=0 a3=0 items=0 ppid=1669414 pid=3105987 auid=1000 uid=1000 gid=1000 euid=1000 suid=1000 fsuid=1000 egid=1000 sgid=1000 fsgid=1000 tty=(none) ses=19 comm="ip6tables" exe="/usr/sbin/xtables-nft-multi" key=(null)
2026-08-18T23:42:49+02:00 nezha audit: PROCTITLE proctitle=6970367461626C6573002D2D617070656E64004F5554505554002D6F0074756E30002D6A00414343455054
2026-08-18T23:42:55+02:00 nezha audit[3106683]: NETFILTER_CFG table=filter:9894 family=2 entries=1 op=nft_unregister_rule pid=3106683 comm="iptables"
2026-08-18T23:42:55+02:00 nezha audit[3106683]: SYSCALL arch=c000003e syscall=46 success=yes exit=584 a0=3 a1=7fff70ed8350 a2=0 a3=0 items=0 ppid=1669414 pid=3106683 auid=1000 uid=1000 gid=1000 euid=1000 suid=1000 fsuid=1000 egid=1000 sgid=1000 fsgid=1000 tty=(none) ses=19 comm="iptables" exe="/usr/sbin/xtables-nft-multi" key=(null)
2026-08-18T23:42:55+02:00 nezha audit: PROCTITLE proctitle=69707461626C6573002D740066696C746572002D44004F55545055540034
2026-08-18T23:42:55+02:00 nezha kernel: kauditd_printk_skb: 8 callbacks suppressed
2026-08-18T23:42:55+02:00 nezha kernel: audit: type=1325 audit(1787089375.545:11162): table=filter:9894 family=2 entries=1 op=nft_unregister_rule pid=3106683 comm="iptables"
2026-08-18T23:42:55+02:00 nezha kernel: audit: type=1300 audit(1787089375.545:11162): arch=c000003e syscall=46 success=yes exit=584 a0=3 a1=7fff70ed8350 a2=0 a3=0 items=0 ppid=1669414 pid=3106683 auid=1000 uid=1000 gid=1000 euid=1000 suid=1000 fsuid=1000 egid=1000 sgid=1000 fsgid=1000 tty=(none) ses=19 comm="iptables" exe="/usr/sbin/xtables-nft-multi" key=(null)
2026-08-18T23:42:55+02:00 nezha kernel: audit: type=1327 audit(1787089375.545:11162): proctitle=69707461626C6573002D740066696C746572002D44004F55545055540034
2026-08-18T23:42:55+02:00 nezha audit[3106703]: NETFILTER_CFG table=filter:9895 family=2 entries=1 op=nft_unregister_rule pid=3106703 comm="iptables"
2026-08-18T23:42:55+02:00 nezha audit[3106703]: SYSCALL arch=c000003e syscall=46 success=yes exit=296 a0=3 a1=7ffd254bfd60 a2=0 a3=0 items=0 ppid=1669414 pid=3106703 auid=1000 uid=1000 gid=1000 euid=1000 suid=1000 fsuid=1000 egid=1000 sgid=1000 fsgid=1000 tty=(none) ses=19 comm="iptables" exe="/usr/sbin/xtables-nft-multi" key=(null)
2026-08-18T23:42:55+02:00 nezha audit: PROCTITLE proctitle=69707461626C6573002D740066696C746572002D44004F55545055540034
2026-08-18T23:42:55+02:00 nezha kernel: audit: type=1325 audit(1787089375.559:11163): table=filter:9895 family=2 entries=1 op=nft_unregister_rule pid=3106703 comm="iptables"
2026-08-18T23:42:55+02:00 nezha kernel: audit: type=1300 audit(1787089375.559:11163): arch=c000003e syscall=46 success=yes exit=296 a0=3 a1=7ffd254bfd60 a2=0 a3=0 items=0 ppid=1669414 pid=3106703 auid=1000 uid=1000 gid=1000 euid=1000 suid=1000 fsuid=1000 egid=1000 sgid=1000 fsgid=1000 tty=(none) ses=19 comm="iptables" exe="/usr/sbin/xtables-nft-multi" key=(null)
2026-08-18T23:42:55+02:00 nezha kernel: audit: type=1327 audit(1787089375.559:11163): proctitle=69707461626C6573002D740066696C746572002D44004F55545055540034
2026-08-18T23:42:55+02:00 nezha audit[3106710]: NETFILTER_CFG table=filter:9896 family=10 entries=1 op=nft_unregister_rule pid=3106710 comm="ip6tables"
2026-08-18T23:42:55+02:00 nezha audit[3106710]: SYSCALL arch=c000003e syscall=46 success=yes exit=296 a0=3 a1=7ffd34fc7d60 a2=0 a3=0 items=0 ppid=1669414 pid=3106710 auid=1000 uid=1000 gid=1000 euid=1000 suid=1000 fsuid=1000 egid=1000 sgid=1000 fsgid=1000 tty=(none) ses=19 comm="ip6tables" exe="/usr/sbin/xtables-nft-multi" key=(null)
2026-08-18T23:42:55+02:00 nezha audit: PROCTITLE proctitle=6970367461626C6573002D740066696C746572002D44004F55545055540035
2026-08-18T23:42:55+02:00 nezha kernel: audit: type=1325 audit(1787089375.569:11164): table=filter:9896 family=10 entries=1 op=nft_unregister_rule pid=3106710 comm="ip6tables"
2026-08-18T23:42:55+02:00 nezha kernel: audit: type=1300 audit(1787089375.569:11164): arch=c000003e syscall=46 success=yes exit=296 a0=3 a1=7ffd34fc7d60 a2=0 a3=0 items=0 ppid=1669414 pid=3106710 auid=1000 uid=1000 gid=1000 euid=1000 suid=1000 fsuid=1000 egid=1000 sgid=1000 fsgid=1000 tty=(none) ses=19 comm="ip6tables" exe="/usr/sbin/xtables-nft-multi" key=(null)
2026-08-18T23:42:55+02:00 nezha kernel: audit: type=1327 audit(1787089375.569:11164): proctitle=6970367461626C6573002D740066696C746572002D44004F55545055540035
2026-08-18T23:42:55+02:00 nezha audit[3106720]: NETFILTER_CFG table=filter:9897 family=2 entries=1 op=nft_register_rule pid=3106720 comm="iptables"
2026-08-18T23:42:55+02:00 nezha audit[3106720]: SYSCALL arch=c000003e syscall=46 success=yes exit=580 a0=3 a1=7fff45871730 a2=0 a3=0 items=0 ppid=1669414 pid=3106720 auid=1000 uid=1000 gid=1000 euid=1000 suid=1000 fsuid=1000 egid=1000 sgid=1000 fsgid=1000 tty=(none) ses=19 comm="iptables" exe="/usr/sbin/xtables-nft-multi" key=(null)
2026-08-18T23:42:55+02:00 nezha audit: PROCTITLE proctitle=69707461626C6573002D2D617070656E64004F5554505554002D64003134392E3130322E3232392E313538002D6F0065746830002D7000756470002D6D00756470002D2D64706F7274003531383230002D6A00414343455054
2026-08-18T23:42:55+02:00 nezha kernel: audit: type=1325 audit(1787089375.578:11165): table=filter:9897 family=2 entries=1 op=nft_register_rule pid=3106720 comm="iptables"
2026-08-18T23:42:55+02:00 nezha audit[3106725]: NETFILTER_CFG table=filter:9898 family=2 entries=1 op=nft_register_rule pid=3106725 comm="iptables"
2026-08-18T23:42:55+02:00 nezha audit[3106725]: SYSCALL arch=c000003e syscall=46 success=yes exit=292 a0=3 a1=7ffe7608d980 a2=0 a3=0 items=0 ppid=1669414 pid=3106725 auid=1000 uid=1000 gid=1000 euid=1000 suid=1000 fsuid=1000 egid=1000 sgid=1000 fsgid=1000 tty=(none) ses=19 comm="iptables" exe="/usr/sbin/xtables-nft-multi" key=(null)
2026-08-18T23:42:55+02:00 nezha audit: PROCTITLE proctitle=69707461626C6573002D2D617070656E64004F5554505554002D6F0074756E30002D6A00414343455054
2026-08-18T23:42:55+02:00 nezha audit[3106726]: NETFILTER_CFG table=filter:9899 family=10 entries=1 op=nft_register_rule pid=3106726 comm="ip6tables"
2026-08-18T23:42:55+02:00 nezha audit[3106726]: SYSCALL arch=c000003e syscall=46 success=yes exit=292 a0=3 a1=7ffde61f3770 a2=0 a3=0 items=0 ppid=1669414 pid=3106726 auid=1000 uid=1000 gid=1000 euid=1000 suid=1000 fsuid=1000 egid=1000 sgid=1000 fsgid=1000 tty=(none) ses=19 comm="ip6tables" exe="/usr/sbin/xtables-nft-multi" key=(null)
2026-08-18T23:42:55+02:00 nezha audit: PROCTITLE proctitle=6970367461626C6573002D2D617070656E64004F5554505554002D6F0074756E30002D6A00414343455054
2026-08-18T23:43:01+02:00 nezha audit[3107051]: NETFILTER_CFG table=filter:9900 family=2 entries=1 op=nft_unregister_rule pid=3107051 comm="iptables"
2026-08-18T23:43:01+02:00 nezha audit[3107051]: SYSCALL arch=c000003e syscall=46 success=yes exit=584 a0=3 a1=7ffc005687c0 a2=0 a3=0 items=0 ppid=1669414 pid=3107051 auid=1000 uid=1000 gid=1000 euid=1000 suid=1000 fsuid=1000 egid=1000 sgid=1000 fsgid=1000 tty=(none) ses=19 comm="iptables" exe="/usr/sbin/xtables-nft-multi" key=(null)
2026-08-18T23:43:01+02:00 nezha audit: PROCTITLE proctitle=69707461626C6573002D740066696C746572002D44004F55545055540034
2026-08-18T23:43:01+02:00 nezha kernel: kauditd_printk_skb: 8 callbacks suppressed
2026-08-18T23:43:01+02:00 nezha kernel: audit: type=1325 audit(1787089381.734:11168): table=filter:9900 family=2 entries=1 op=nft_unregister_rule pid=3107051 comm="iptables"
2026-08-18T23:43:01+02:00 nezha kernel: audit: type=1300 audit(1787089381.734:11168): arch=c000003e syscall=46 success=yes exit=584 a0=3 a1=7ffc005687c0 a2=0 a3=0 items=0 ppid=1669414 pid=3107051 auid=1000 uid=1000 gid=1000 euid=1000 suid=1000 fsuid=1000 egid=1000 sgid=1000 fsgid=1000 tty=(none) ses=19 comm="iptables" exe="/usr/sbin/xtables-nft-multi" key=(null)
2026-08-18T23:43:01+02:00 nezha kernel: audit: type=1327 audit(1787089381.734:11168): proctitle=69707461626C6573002D740066696C746572002D44004F55545055540034
2026-08-18T23:43:01+02:00 nezha audit[3107055]: NETFILTER_CFG table=filter:9901 family=2 entries=1 op=nft_unregister_rule pid=3107055 comm="iptables"
2026-08-18T23:43:01+02:00 nezha audit[3107055]: SYSCALL arch=c000003e syscall=46 success=yes exit=296 a0=3 a1=7ffe3f6e9150 a2=0 a3=0 items=0 ppid=1669414 pid=3107055 auid=1000 uid=1000 gid=1000 euid=1000 suid=1000 fsuid=1000 egid=1000 sgid=1000 fsgid=1000 tty=(none) ses=19 comm="iptables" exe="/usr/sbin/xtables-nft-multi" key=(null)
2026-08-18T23:43:01+02:00 nezha audit: PROCTITLE proctitle=69707461626C6573002D740066696C746572002D44004F55545055540034
2026-08-18T23:43:01+02:00 nezha kernel: audit: type=1325 audit(1787089381.752:11169): table=filter:9901 family=2 entries=1 op=nft_unregister_rule pid=3107055 comm="iptables"
2026-08-18T23:43:01+02:00 nezha kernel: audit: type=1300 audit(1787089381.752:11169): arch=c000003e syscall=46 success=yes exit=296 a0=3 a1=7ffe3f6e9150 a2=0 a3=0 items=0 ppid=1669414 pid=3107055 auid=1000 uid=1000 gid=1000 euid=1000 suid=1000 fsuid=1000 egid=1000 sgid=1000 fsgid=1000 tty=(none) ses=19 comm="iptables" exe="/usr/sbin/xtables-nft-multi" key=(null)
2026-08-18T23:43:01+02:00 nezha kernel: audit: type=1327 audit(1787089381.752:11169): proctitle=69707461626C6573002D740066696C746572002D44004F55545055540034
2026-08-18T23:43:01+02:00 nezha audit[3107057]: NETFILTER_CFG table=filter:9902 family=10 entries=1 op=nft_unregister_rule pid=3107057 comm="ip6tables"
2026-08-18T23:43:01+02:00 nezha audit[3107057]: SYSCALL arch=c000003e syscall=46 success=yes exit=296 a0=3 a1=7ffffe8d9f80 a2=0 a3=0 items=0 ppid=1669414 pid=3107057 auid=1000 uid=1000 gid=1000 euid=1000 suid=1000 fsuid=1000 egid=1000 sgid=1000 fsgid=1000 tty=(none) ses=19 comm="ip6tables" exe="/usr/sbin/xtables-nft-multi" key=(null)
2026-08-18T23:43:01+02:00 nezha audit: PROCTITLE proctitle=6970367461626C6573002D740066696C746572002D44004F55545055540035
2026-08-18T23:43:01+02:00 nezha kernel: audit: type=1325 audit(1787089381.765:11170): table=filter:9902 family=10 entries=1 op=nft_unregister_rule pid=3107057 comm="ip6tables"
2026-08-18T23:43:01+02:00 nezha kernel: audit: type=1300 audit(1787089381.765:11170): arch=c000003e syscall=46 success=yes exit=296 a0=3 a1=7ffffe8d9f80 a2=0 a3=0 items=0 ppid=1669414 pid=3107057 auid=1000 uid=1000 gid=1000 euid=1000 suid=1000 fsuid=1000 egid=1000 sgid=1000 fsgid=1000 tty=(none) ses=19 comm="ip6tables" exe="/usr/sbin/xtables-nft-multi" key=(null)
2026-08-18T23:43:01+02:00 nezha kernel: audit: type=1327 audit(1787089381.765:11170): proctitle=6970367461626C6573002D740066696C746572002D44004F55545055540035
2026-08-18T23:43:01+02:00 nezha audit[3107059]: NETFILTER_CFG table=filter:9903 family=2 entries=1 op=nft_register_rule pid=3107059 comm="iptables"
2026-08-18T23:43:01+02:00 nezha audit[3107059]: SYSCALL arch=c000003e syscall=46 success=yes exit=580 a0=3 a1=7ffc99e4de20 a2=0 a3=0 items=0 ppid=1669414 pid=3107059 auid=1000 uid=1000 gid=1000 euid=1000 suid=1000 fsuid=1000 egid=1000 sgid=1000 fsgid=1000 tty=(none) ses=19 comm="iptables" exe="/usr/sbin/xtables-nft-multi" key=(null)
2026-08-18T23:43:01+02:00 nezha audit: PROCTITLE proctitle=69707461626C6573002D2D617070656E64004F5554505554002D64003134362E37302E3131372E32002D6F0065746830002D7000756470002D6D00756470002D2D64706F7274003531383230002D6A00414343455054
2026-08-18T23:43:01+02:00 nezha kernel: audit: type=1325 audit(1787089381.777:11171): table=filter:9903 family=2 entries=1 op=nft_register_rule pid=3107059 comm="iptables"
2026-08-18T23:43:01+02:00 nezha audit[3107062]: NETFILTER_CFG table=filter:9904 family=2 entries=1 op=nft_register_rule pid=3107062 comm="iptables"
2026-08-18T23:43:01+02:00 nezha audit[3107062]: SYSCALL arch=c000003e syscall=46 success=yes exit=292 a0=3 a1=7ffd1b321100 a2=0 a3=0 items=0 ppid=1669414 pid=3107062 auid=1000 uid=1000 gid=1000 euid=1000 suid=1000 fsuid=1000 egid=1000 sgid=1000 fsgid=1000 tty=(none) ses=19 comm="iptables" exe="/usr/sbin/xtables-nft-multi" key=(null)
2026-08-18T23:43:01+02:00 nezha audit: PROCTITLE proctitle=69707461626C6573002D2D617070656E64004F5554505554002D6F0074756E30002D6A00414343455054
2026-08-18T23:43:01+02:00 nezha audit[3107063]: NETFILTER_CFG table=filter:9905 family=10 entries=1 op=nft_register_rule pid=3107063 comm="ip6tables"
2026-08-18T23:43:01+02:00 nezha audit[3107063]: SYSCALL arch=c000003e syscall=46 success=yes exit=292 a0=3 a1=7ffc72f1fa50 a2=0 a3=0 items=0 ppid=1669414 pid=3107063 auid=1000 uid=1000 gid=1000 euid=1000 suid=1000 fsuid=1000 egid=1000 sgid=1000 fsgid=1000 tty=(none) ses=19 comm="ip6tables" exe="/usr/sbin/xtables-nft-multi" key=(null)
2026-08-18T23:43:01+02:00 nezha audit: PROCTITLE proctitle=6970367461626C6573002D2D617070656E64004F5554505554002D6F0074756E30002D6A00414343455054
2026-08-18T23:43:07+02:00 nezha audit[3107348]: NETFILTER_CFG table=filter:9906 family=2 entries=1 op=nft_unregister_rule pid=3107348 comm="iptables"
2026-08-18T23:43:07+02:00 nezha audit[3107348]: SYSCALL arch=c000003e syscall=46 success=yes exit=584 a0=3 a1=7ffe71a6e1c0 a2=0 a3=0 items=0 ppid=1669414 pid=3107348 auid=1000 uid=1000 gid=1000 euid=1000 suid=1000 fsuid=1000 egid=1000 sgid=1000 fsgid=1000 tty=(none) ses=19 comm="iptables" exe="/usr/sbin/xtables-nft-multi" key=(null)
2026-08-18T23:43:07+02:00 nezha audit: PROCTITLE proctitle=69707461626C6573002D740066696C746572002D44004F55545055540034
2026-08-18T23:43:07+02:00 nezha kernel: kauditd_printk_skb: 8 callbacks suppressed
2026-08-18T23:43:07+02:00 nezha kernel: audit: type=1325 audit(1787089387.955:11174): table=filter:9906 family=2 entries=1 op=nft_unregister_rule pid=3107348 comm="iptables"
2026-08-18T23:43:07+02:00 nezha kernel: audit: type=1300 audit(1787089387.955:11174): arch=c000003e syscall=46 success=yes exit=584 a0=3 a1=7ffe71a6e1c0 a2=0 a3=0 items=0 ppid=1669414 pid=3107348 auid=1000 uid=1000 gid=1000 euid=1000 suid=1000 fsuid=1000 egid=1000 sgid=1000 fsgid=1000 tty=(none) ses=19 comm="iptables" exe="/usr/sbin/xtables-nft-multi" key=(null)
2026-08-18T23:43:07+02:00 nezha kernel: audit: type=1327 audit(1787089387.955:11174): proctitle=69707461626C6573002D740066696C746572002D44004F55545055540034
2026-08-18T23:43:07+02:00 nezha audit[3107352]: NETFILTER_CFG table=filter:9907 family=2 entries=1 op=nft_unregister_rule pid=3107352 comm="iptables"
2026-08-18T23:43:07+02:00 nezha audit[3107352]: SYSCALL arch=c000003e syscall=46 success=yes exit=296 a0=3 a1=7fff8d3b4870 a2=0 a3=0 items=0 ppid=1669414 pid=3107352 auid=1000 uid=1000 gid=1000 euid=1000 suid=1000 fsuid=1000 egid=1000 sgid=1000 fsgid=1000 tty=(none) ses=19 comm="iptables" exe="/usr/sbin/xtables-nft-multi" key=(null)
2026-08-18T23:43:07+02:00 nezha audit: PROCTITLE proctitle=69707461626C6573002D740066696C746572002D44004F55545055540034
2026-08-18T23:43:07+02:00 nezha kernel: audit: type=1325 audit(1787089387.967:11175): table=filter:9907 family=2 entries=1 op=nft_unregister_rule pid=3107352 comm="iptables"
2026-08-18T23:43:07+02:00 nezha kernel: audit: type=1300 audit(1787089387.967:11175): arch=c000003e syscall=46 success=yes exit=296 a0=3 a1=7fff8d3b4870 a2=0 a3=0 items=0 ppid=1669414 pid=3107352 auid=1000 uid=1000 gid=1000 euid=1000 suid=1000 fsuid=1000 egid=1000 sgid=1000 fsgid=1000 tty=(none) ses=19 comm="iptables" exe="/usr/sbin/xtables-nft-multi" key=(null)
2026-08-18T23:43:07+02:00 nezha kernel: audit: type=1327 audit(1787089387.967:11175): proctitle=69707461626C6573002D740066696C746572002D44004F55545055540034
2026-08-18T23:43:07+02:00 nezha audit[3107354]: NETFILTER_CFG table=filter:9908 family=10 entries=1 op=nft_unregister_rule pid=3107354 comm="ip6tables"
2026-08-18T23:43:07+02:00 nezha audit[3107354]: SYSCALL arch=c000003e syscall=46 success=yes exit=296 a0=3 a1=7ffcb93f4dc0 a2=0 a3=0 items=0 ppid=1669414 pid=3107354 auid=1000 uid=1000 gid=1000 euid=1000 suid=1000 fsuid=1000 egid=1000 sgid=1000 fsgid=1000 tty=(none) ses=19 comm="ip6tables" exe="/usr/sbin/xtables-nft-multi" key=(null)
2026-08-18T23:43:07+02:00 nezha audit: PROCTITLE proctitle=6970367461626C6573002D740066696C746572002D44004F55545055540035
2026-08-18T23:43:07+02:00 nezha kernel: audit: type=1325 audit(1787089387.983:11176): table=filter:9908 family=10 entries=1 op=nft_unregister_rule pid=3107354 comm="ip6tables"
2026-08-18T23:43:07+02:00 nezha kernel: audit: type=1300 audit(1787089387.983:11176): arch=c000003e syscall=46 success=yes exit=296 a0=3 a1=7ffcb93f4dc0 a2=0 a3=0 items=0 ppid=1669414 pid=3107354 auid=1000 uid=1000 gid=1000 euid=1000 suid=1000 fsuid=1000 egid=1000 sgid=1000 fsgid=1000 tty=(none) ses=19 comm="ip6tables" exe="/usr/sbin/xtables-nft-multi" key=(null)
2026-08-18T23:43:07+02:00 nezha kernel: audit: type=1327 audit(1787089387.983:11176): proctitle=6970367461626C6573002D740066696C746572002D44004F55545055540035
2026-08-18T23:43:07+02:00 nezha audit[3107356]: NETFILTER_CFG table=filter:9909 family=2 entries=1 op=nft_register_rule pid=3107356 comm="iptables"
2026-08-18T23:43:07+02:00 nezha audit[3107356]: SYSCALL arch=c000003e syscall=46 success=yes exit=580 a0=3 a1=7ffe810eabb0 a2=0 a3=0 items=0 ppid=1669414 pid=3107356 auid=1000 uid=1000 gid=1000 euid=1000 suid=1000 fsuid=1000 egid=1000 sgid=1000 fsgid=1000 tty=(none) ses=19 comm="iptables" exe="/usr/sbin/xtables-nft-multi" key=(null)
2026-08-18T23:43:07+02:00 nezha audit: PROCTITLE proctitle=69707461626C6573002D2D617070656E64004F5554505554002D64003133302E3139352E3231332E313330002D6F0065746830002D7000756470002D6D00756470002D2D64706F7274003531383230002D6A00414343455054
2026-08-18T23:43:07+02:00 nezha kernel: audit: type=1325 audit(1787089387.997:11177): table=filter:9909 family=2 entries=1 op=nft_register_rule pid=3107356 comm="iptables"
2026-08-18T23:43:07+02:00 nezha audit[3107359]: NETFILTER_CFG table=filter:9910 family=2 entries=1 op=nft_register_rule pid=3107359 comm="iptables"
2026-08-18T23:43:07+02:00 nezha audit[3107359]: SYSCALL arch=c000003e syscall=46 success=yes exit=292 a0=3 a1=7ffdd3ce66f0 a2=0 a3=0 items=0 ppid=1669414 pid=3107359 auid=1000 uid=1000 gid=1000 euid=1000 suid=1000 fsuid=1000 egid=1000 sgid=1000 fsgid=1000 tty=(none) ses=19 comm="iptables" exe="/usr/sbin/xtables-nft-multi" key=(null)
2026-08-18T23:43:07+02:00 nezha audit: PROCTITLE proctitle=69707461626C6573002D2D617070656E64004F5554505554002D6F0074756E30002D6A00414343455054
2026-08-18T23:43:08+02:00 nezha audit[3107360]: NETFILTER_CFG table=filter:9911 family=10 entries=1 op=nft_register_rule pid=3107360 comm="ip6tables"
2026-08-18T23:43:08+02:00 nezha audit[3107360]: SYSCALL arch=c000003e syscall=46 success=yes exit=292 a0=3 a1=7fff2b3ffc40 a2=0 a3=0 items=0 ppid=1669414 pid=3107360 auid=1000 uid=1000 gid=1000 euid=1000 suid=1000 fsuid=1000 egid=1000 sgid=1000 fsgid=1000 tty=(none) ses=19 comm="ip6tables" exe="/usr/sbin/xtables-nft-multi" key=(null)
2026-08-18T23:43:08+02:00 nezha audit: PROCTITLE proctitle=6970367461626C6573002D2D617070656E64004F5554505554002D6F0074756E30002D6A00414343455054
2026-08-18T23:43:14+02:00 nezha audit[3107822]: NETFILTER_CFG table=filter:9912 family=2 entries=1 op=nft_unregister_rule pid=3107822 comm="iptables"
2026-08-18T23:43:14+02:00 nezha audit[3107822]: SYSCALL arch=c000003e syscall=46 success=yes exit=584 a0=3 a1=7ffcf88ef620 a2=0 a3=0 items=0 ppid=1669414 pid=3107822 auid=1000 uid=1000 gid=1000 euid=1000 suid=1000 fsuid=1000 egid=1000 sgid=1000 fsgid=1000 tty=(none) ses=19 comm="iptables" exe="/usr/sbin/xtables-nft-multi" key=(null)
2026-08-18T23:43:14+02:00 nezha audit: PROCTITLE proctitle=69707461626C6573002D740066696C746572002D44004F55545055540034
2026-08-18T23:43:14+02:00 nezha kernel: kauditd_printk_skb: 8 callbacks suppressed
2026-08-18T23:43:14+02:00 nezha kernel: audit: type=1325 audit(1787089394.176:11180): table=filter:9912 family=2 entries=1 op=nft_unregister_rule pid=3107822 comm="iptables"
2026-08-18T23:43:14+02:00 nezha kernel: audit: type=1300 audit(1787089394.176:11180): arch=c000003e syscall=46 success=yes exit=584 a0=3 a1=7ffcf88ef620 a2=0 a3=0 items=0 ppid=1669414 pid=3107822 auid=1000 uid=1000 gid=1000 euid=1000 suid=1000 fsuid=1000 egid=1000 sgid=1000 fsgid=1000 tty=(none) ses=19 comm="iptables" exe="/usr/sbin/xtables-nft-multi" key=(null)
2026-08-18T23:43:14+02:00 nezha kernel: audit: type=1327 audit(1787089394.176:11180): proctitle=69707461626C6573002D740066696C746572002D44004F55545055540034
2026-08-18T23:43:14+02:00 nezha audit[3107826]: NETFILTER_CFG table=filter:9913 family=2 entries=1 op=nft_unregister_rule pid=3107826 comm="iptables"
2026-08-18T23:43:14+02:00 nezha audit[3107826]: SYSCALL arch=c000003e syscall=46 success=yes exit=296 a0=3 a1=7ffc72cca3b0 a2=0 a3=0 items=0 ppid=1669414 pid=3107826 auid=1000 uid=1000 gid=1000 euid=1000 suid=1000 fsuid=1000 egid=1000 sgid=1000 fsgid=1000 tty=(none) ses=19 comm="iptables" exe="/usr/sbin/xtables-nft-multi" key=(null)
2026-08-18T23:43:14+02:00 nezha audit: PROCTITLE proctitle=69707461626C6573002D740066696C746572002D44004F55545055540034
2026-08-18T23:43:14+02:00 nezha kernel: audit: type=1325 audit(1787089394.189:11181): table=filter:9913 family=2 entries=1 op=nft_unregister_rule pid=3107826 comm="iptables"
2026-08-18T23:43:14+02:00 nezha kernel: audit: type=1300 audit(1787089394.189:11181): arch=c000003e syscall=46 success=yes exit=296 a0=3 a1=7ffc72cca3b0 a2=0 a3=0 items=0 ppid=1669414 pid=3107826 auid=1000 uid=1000 gid=1000 euid=1000 suid=1000 fsuid=1000 egid=1000 sgid=1000 fsgid=1000 tty=(none) ses=19 comm="iptables" exe="/usr/sbin/xtables-nft-multi" key=(null)
2026-08-18T23:43:14+02:00 nezha kernel: audit: type=1327 audit(1787089394.189:11181): proctitle=69707461626C6573002D740066696C746572002D44004F55545055540034
2026-08-18T23:43:14+02:00 nezha audit[3107828]: NETFILTER_CFG table=filter:9914 family=10 entries=1 op=nft_unregister_rule pid=3107828 comm="ip6tables"
2026-08-18T23:43:14+02:00 nezha audit[3107828]: SYSCALL arch=c000003e syscall=46 success=yes exit=296 a0=3 a1=7ffe371e83c0 a2=0 a3=0 items=0 ppid=1669414 pid=3107828 auid=1000 uid=1000 gid=1000 euid=1000 suid=1000 fsuid=1000 egid=1000 sgid=1000 fsgid=1000 tty=(none) ses=19 comm="ip6tables" exe="/usr/sbin/xtables-nft-multi" key=(null)
2026-08-18T23:43:14+02:00 nezha audit: PROCTITLE proctitle=6970367461626C6573002D740066696C746572002D44004F55545055540035
2026-08-18T23:43:14+02:00 nezha kernel: audit: type=1325 audit(1787089394.201:11182): table=filter:9914 family=10 entries=1 op=nft_unregister_rule pid=3107828 comm="ip6tables"
2026-08-18T23:43:14+02:00 nezha kernel: audit: type=1300 audit(1787089394.201:11182): arch=c000003e syscall=46 success=yes exit=296 a0=3 a1=7ffe371e83c0 a2=0 a3=0 items=0 ppid=1669414 pid=3107828 auid=1000 uid=1000 gid=1000 euid=1000 suid=1000 fsuid=1000 egid=1000 sgid=1000 fsgid=1000 tty=(none) ses=19 comm="ip6tables" exe="/usr/sbin/xtables-nft-multi" key=(null)
2026-08-18T23:43:14+02:00 nezha kernel: audit: type=1327 audit(1787089394.201:11182): proctitle=6970367461626C6573002D740066696C746572002D44004F55545055540035
2026-08-18T23:43:14+02:00 nezha audit[3107830]: NETFILTER_CFG table=filter:9915 family=2 entries=1 op=nft_register_rule pid=3107830 comm="iptables"
2026-08-18T23:43:14+02:00 nezha audit[3107830]: SYSCALL arch=c000003e syscall=46 success=yes exit=580 a0=3 a1=7fff7a1062a0 a2=0 a3=0 items=0 ppid=1669414 pid=3107830 auid=1000 uid=1000 gid=1000 euid=1000 suid=1000 fsuid=1000 egid=1000 sgid=1000 fsgid=1000 tty=(none) ses=19 comm="iptables" exe="/usr/sbin/xtables-nft-multi" key=(null)
2026-08-18T23:43:14+02:00 nezha audit: PROCTITLE proctitle=69707461626C6573002D2D617070656E64004F5554505554002D64003134362E37302E3136352E3636002D6F0065746830002D7000756470002D6D00756470002D2D64706F7274003531383230002D6A00414343455054
2026-08-18T23:43:14+02:00 nezha kernel: audit: type=1325 audit(1787089394.213:11183): table=filter:9915 family=2 entries=1 op=nft_register_rule pid=3107830 comm="iptables"
2026-08-18T23:43:14+02:00 nezha audit[3107833]: NETFILTER_CFG table=filter:9916 family=2 entries=1 op=nft_register_rule pid=3107833 comm="iptables"
2026-08-18T23:43:14+02:00 nezha audit[3107833]: SYSCALL arch=c000003e syscall=46 success=yes exit=292 a0=3 a1=7ffdff0525a0 a2=0 a3=0 items=0 ppid=1669414 pid=3107833 auid=1000 uid=1000 gid=1000 euid=1000 suid=1000 fsuid=1000 egid=1000 sgid=1000 fsgid=1000 tty=(none) ses=19 comm="iptables" exe="/usr/sbin/xtables-nft-multi" key=(null)
2026-08-18T23:43:14+02:00 nezha audit: PROCTITLE proctitle=69707461626C6573002D2D617070656E64004F5554505554002D6F0074756E30002D6A00414343455054
2026-08-18T23:43:14+02:00 nezha audit[3107834]: NETFILTER_CFG table=filter:9917 family=10 entries=1 op=nft_register_rule pid=3107834 comm="ip6tables"
2026-08-18T23:43:14+02:00 nezha audit[3107834]: SYSCALL arch=c000003e syscall=46 success=yes exit=292 a0=3 a1=7fff3c7ed0b0 a2=0 a3=0 items=0 ppid=1669414 pid=3107834 auid=1000 uid=1000 gid=1000 euid=1000 suid=1000 fsuid=1000 egid=1000 sgid=1000 fsgid=1000 tty=(none) ses=19 comm="ip6tables" exe="/usr/sbin/xtables-nft-multi" key=(null)
2026-08-18T23:43:14+02:00 nezha audit: PROCTITLE proctitle=6970367461626C6573002D2D617070656E64004F5554505554002D6F0074756E30002D6A00414343455054
2026-08-18T23:43:20+02:00 nezha audit[3108344]: NETFILTER_CFG table=filter:9918 family=2 entries=1 op=nft_unregister_rule pid=3108344 comm="iptables"
2026-08-18T23:43:20+02:00 nezha audit[3108344]: SYSCALL arch=c000003e syscall=46 success=yes exit=584 a0=3 a1=7ffe0eb8d660 a2=0 a3=0 items=0 ppid=1669414 pid=3108344 auid=1000 uid=1000 gid=1000 euid=1000 suid=1000 fsuid=1000 egid=1000 sgid=1000 fsgid=1000 tty=(none) ses=19 comm="iptables" exe="/usr/sbin/xtables-nft-multi" key=(null)
2026-08-18T23:43:20+02:00 nezha audit: PROCTITLE proctitle=69707461626C6573002D740066696C746572002D44004F55545055540034
2026-08-18T23:43:20+02:00 nezha kernel: kauditd_printk_skb: 8 callbacks suppressed
2026-08-18T23:43:20+02:00 nezha kernel: audit: type=1325 audit(1787089400.407:11186): table=filter:9918 family=2 entries=1 op=nft_unregister_rule pid=3108344 comm="iptables"
2026-08-18T23:43:20+02:00 nezha kernel: audit: type=1300 audit(1787089400.407:11186): arch=c000003e syscall=46 success=yes exit=584 a0=3 a1=7ffe0eb8d660 a2=0 a3=0 items=0 ppid=1669414 pid=3108344 auid=1000 uid=1000 gid=1000 euid=1000 suid=1000 fsuid=1000 egid=1000 sgid=1000 fsgid=1000 tty=(none) ses=19 comm="iptables" exe="/usr/sbin/xtables-nft-multi" key=(null)
2026-08-18T23:43:20+02:00 nezha kernel: audit: type=1327 audit(1787089400.407:11186): proctitle=69707461626C6573002D740066696C746572002D44004F55545055540034
2026-08-18T23:43:20+02:00 nezha audit[3108348]: NETFILTER_CFG table=filter:9919 family=2 entries=1 op=nft_unregister_rule pid=3108348 comm="iptables"
2026-08-18T23:43:20+02:00 nezha audit[3108348]: SYSCALL arch=c000003e syscall=46 success=yes exit=296 a0=3 a1=7ffee099af10 a2=0 a3=0 items=0 ppid=1669414 pid=3108348 auid=1000 uid=1000 gid=1000 euid=1000 suid=1000 fsuid=1000 egid=1000 sgid=1000 fsgid=1000 tty=(none) ses=19 comm="iptables" exe="/usr/sbin/xtables-nft-multi" key=(null)
2026-08-18T23:43:20+02:00 nezha audit: PROCTITLE proctitle=69707461626C6573002D740066696C746572002D44004F55545055540034
2026-08-18T23:43:20+02:00 nezha kernel: audit: type=1325 audit(1787089400.433:11187): table=filter:9919 family=2 entries=1 op=nft_unregister_rule pid=3108348 comm="iptables"
2026-08-18T23:43:20+02:00 nezha kernel: audit: type=1300 audit(1787089400.433:11187): arch=c000003e syscall=46 success=yes exit=296 a0=3 a1=7ffee099af10 a2=0 a3=0 items=0 ppid=1669414 pid=3108348 auid=1000 uid=1000 gid=1000 euid=1000 suid=1000 fsuid=1000 egid=1000 sgid=1000 fsgid=1000 tty=(none) ses=19 comm="iptables" exe="/usr/sbin/xtables-nft-multi" key=(null)
2026-08-18T23:43:20+02:00 nezha kernel: audit: type=1327 audit(1787089400.433:11187): proctitle=69707461626C6573002D740066696C746572002D44004F55545055540034
2026-08-18T23:43:20+02:00 nezha audit[3108350]: NETFILTER_CFG table=filter:9920 family=10 entries=1 op=nft_unregister_rule pid=3108350 comm="ip6tables"
2026-08-18T23:43:20+02:00 nezha audit[3108350]: SYSCALL arch=c000003e syscall=46 success=yes exit=296 a0=3 a1=7ffc89d74880 a2=0 a3=0 items=0 ppid=1669414 pid=3108350 auid=1000 uid=1000 gid=1000 euid=1000 suid=1000 fsuid=1000 egid=1000 sgid=1000 fsgid=1000 tty=(none) ses=19 comm="ip6tables" exe="/usr/sbin/xtables-nft-multi" key=(null)
2026-08-18T23:43:20+02:00 nezha audit: PROCTITLE proctitle=6970367461626C6573002D740066696C746572002D44004F55545055540035
2026-08-18T23:43:20+02:00 nezha kernel: audit: type=1325 audit(1787089400.444:11188): table=filter:9920 family=10 entries=1 op=nft_unregister_rule pid=3108350 comm="ip6tables"
2026-08-18T23:43:20+02:00 nezha kernel: audit: type=1300 audit(1787089400.444:11188): arch=c000003e syscall=46 success=yes exit=296 a0=3 a1=7ffc89d74880 a2=0 a3=0 items=0 ppid=1669414 pid=3108350 auid=1000 uid=1000 gid=1000 euid=1000 suid=1000 fsuid=1000 egid=1000 sgid=1000 fsgid=1000 tty=(none) ses=19 comm="ip6tables" exe="/usr/sbin/xtables-nft-multi" key=(null)
2026-08-18T23:43:20+02:00 nezha kernel: audit: type=1327 audit(1787089400.444:11188): proctitle=6970367461626C6573002D740066696C746572002D44004F55545055540035
2026-08-18T23:43:20+02:00 nezha audit[3108352]: NETFILTER_CFG table=filter:9921 family=2 entries=1 op=nft_register_rule pid=3108352 comm="iptables"
2026-08-18T23:43:20+02:00 nezha audit[3108352]: SYSCALL arch=c000003e syscall=46 success=yes exit=580 a0=3 a1=7fff290ee610 a2=0 a3=0 items=0 ppid=1669414 pid=3108352 auid=1000 uid=1000 gid=1000 euid=1000 suid=1000 fsuid=1000 egid=1000 sgid=1000 fsgid=1000 tty=(none) ses=19 comm="iptables" exe="/usr/sbin/xtables-nft-multi" key=(null)
2026-08-18T23:43:20+02:00 nezha audit: PROCTITLE proctitle=69707461626C6573002D2D617070656E64004F5554505554002D64003134362E37302E3131392E32002D6F0065746830002D7000756470002D6D00756470002D2D64706F7274003531383230002D6A00414343455054
2026-08-18T23:43:20+02:00 nezha kernel: audit: type=1325 audit(1787089400.454:11189): table=filter:9921 family=2 entries=1 op=nft_register_rule pid=3108352 comm="iptables"
2026-08-18T23:43:20+02:00 nezha audit[3108355]: NETFILTER_CFG table=filter:9922 family=2 entries=1 op=nft_register_rule pid=3108355 comm="iptables"
2026-08-18T23:43:20+02:00 nezha audit[3108355]: SYSCALL arch=c000003e syscall=46 success=yes exit=292 a0=3 a1=7ffc94281e30 a2=0 a3=0 items=0 ppid=1669414 pid=3108355 auid=1000 uid=1000 gid=1000 euid=1000 suid=1000 fsuid=1000 egid=1000 sgid=1000 fsgid=1000 tty=(none) ses=19 comm="iptables" exe="/usr/sbin/xtables-nft-multi" key=(null)
2026-08-18T23:43:20+02:00 nezha audit: PROCTITLE proctitle=69707461626C6573002D2D617070656E64004F5554505554002D6F0074756E30002D6A00414343455054
2026-08-18T23:43:20+02:00 nezha audit[3108356]: NETFILTER_CFG table=filter:9923 family=10 entries=1 op=nft_register_rule pid=3108356 comm="ip6tables"
2026-08-18T23:43:20+02:00 nezha audit[3108356]: SYSCALL arch=c000003e syscall=46 success=yes exit=292 a0=3 a1=7ffd483e66d0 a2=0 a3=0 items=0 ppid=1669414 pid=3108356 auid=1000 uid=1000 gid=1000 euid=1000 suid=1000 fsuid=1000 egid=1000 sgid=1000 fsgid=1000 tty=(none) ses=19 comm="ip6tables" exe="/usr/sbin/xtables-nft-multi" key=(null)
2026-08-18T23:43:20+02:00 nezha audit: PROCTITLE proctitle=6970367461626C6573002D2D617070656E64004F5554505554002D6F0074756E30002D6A00414343455054
2026-08-18T23:43:26+02:00 nezha audit[3108817]: NETFILTER_CFG table=filter:9924 family=2 entries=1 op=nft_unregister_rule pid=3108817 comm="iptables"
2026-08-18T23:43:26+02:00 nezha audit[3108817]: SYSCALL arch=c000003e syscall=46 success=yes exit=584 a0=3 a1=7ffe980f3bc0 a2=0 a3=0 items=0 ppid=1669414 pid=3108817 auid=1000 uid=1000 gid=1000 euid=1000 suid=1000 fsuid=1000 egid=1000 sgid=1000 fsgid=1000 tty=(none) ses=19 comm="iptables" exe="/usr/sbin/xtables-nft-multi" key=(null)
2026-08-18T23:43:26+02:00 nezha audit: PROCTITLE proctitle=69707461626C6573002D740066696C746572002D44004F55545055540034
2026-08-18T23:43:26+02:00 nezha kernel: kauditd_printk_skb: 8 callbacks suppressed
2026-08-18T23:43:26+02:00 nezha kernel: audit: type=1325 audit(1787089406.646:11192): table=filter:9924 family=2 entries=1 op=nft_unregister_rule pid=3108817 comm="iptables"
2026-08-18T23:43:26+02:00 nezha kernel: audit: type=1300 audit(1787089406.646:11192): arch=c000003e syscall=46 success=yes exit=584 a0=3 a1=7ffe980f3bc0 a2=0 a3=0 items=0 ppid=1669414 pid=3108817 auid=1000 uid=1000 gid=1000 euid=1000 suid=1000 fsuid=1000 egid=1000 sgid=1000 fsgid=1000 tty=(none) ses=19 comm="iptables" exe="/usr/sbin/xtables-nft-multi" key=(null)
2026-08-18T23:43:26+02:00 nezha kernel: audit: type=1327 audit(1787089406.646:11192): proctitle=69707461626C6573002D740066696C746572002D44004F55545055540034
2026-08-18T23:43:26+02:00 nezha audit[3108829]: NETFILTER_CFG table=filter:9925 family=2 entries=1 op=nft_unregister_rule pid=3108829 comm="iptables"
2026-08-18T23:43:26+02:00 nezha audit[3108829]: SYSCALL arch=c000003e syscall=46 success=yes exit=296 a0=3 a1=7ffd35aa0760 a2=0 a3=0 items=0 ppid=1669414 pid=3108829 auid=1000 uid=1000 gid=1000 euid=1000 suid=1000 fsuid=1000 egid=1000 sgid=1000 fsgid=1000 tty=(none) ses=19 comm="iptables" exe="/usr/sbin/xtables-nft-multi" key=(null)
2026-08-18T23:43:26+02:00 nezha audit: PROCTITLE proctitle=69707461626C6573002D740066696C746572002D44004F55545055540034
2026-08-18T23:43:26+02:00 nezha kernel: audit: type=1325 audit(1787089406.658:11193): table=filter:9925 family=2 entries=1 op=nft_unregister_rule pid=3108829 comm="iptables"
2026-08-18T23:43:26+02:00 nezha kernel: audit: type=1300 audit(1787089406.658:11193): arch=c000003e syscall=46 success=yes exit=296 a0=3 a1=7ffd35aa0760 a2=0 a3=0 items=0 ppid=1669414 pid=3108829 auid=1000 uid=1000 gid=1000 euid=1000 suid=1000 fsuid=1000 egid=1000 sgid=1000 fsgid=1000 tty=(none) ses=19 comm="iptables" exe="/usr/sbin/xtables-nft-multi" key=(null)
2026-08-18T23:43:26+02:00 nezha kernel: audit: type=1327 audit(1787089406.658:11193): proctitle=69707461626C6573002D740066696C746572002D44004F55545055540034
2026-08-18T23:43:26+02:00 nezha audit[3108846]: NETFILTER_CFG table=filter:9926 family=10 entries=1 op=nft_unregister_rule pid=3108846 comm="ip6tables"
2026-08-18T23:43:26+02:00 nezha audit[3108846]: SYSCALL arch=c000003e syscall=46 success=yes exit=296 a0=3 a1=7fff1440a3e0 a2=0 a3=0 items=0 ppid=1669414 pid=3108846 auid=1000 uid=1000 gid=1000 euid=1000 suid=1000 fsuid=1000 egid=1000 sgid=1000 fsgid=1000 tty=(none) ses=19 comm="ip6tables" exe="/usr/sbin/xtables-nft-multi" key=(null)
2026-08-18T23:43:26+02:00 nezha audit: PROCTITLE proctitle=6970367461626C6573002D740066696C746572002D44004F55545055540035
2026-08-18T23:43:26+02:00 nezha kernel: audit: type=1325 audit(1787089406.676:11194): table=filter:9926 family=10 entries=1 op=nft_unregister_rule pid=3108846 comm="ip6tables"
2026-08-18T23:43:26+02:00 nezha kernel: audit: type=1300 audit(1787089406.676:11194): arch=c000003e syscall=46 success=yes exit=296 a0=3 a1=7fff1440a3e0 a2=0 a3=0 items=0 ppid=1669414 pid=3108846 auid=1000 uid=1000 gid=1000 euid=1000 suid=1000 fsuid=1000 egid=1000 sgid=1000 fsgid=1000 tty=(none) ses=19 comm="ip6tables" exe="/usr/sbin/xtables-nft-multi" key=(null)
2026-08-18T23:43:26+02:00 nezha kernel: audit: type=1327 audit(1787089406.676:11194): proctitle=6970367461626C6573002D740066696C746572002D44004F55545055540035
2026-08-18T23:43:26+02:00 nezha audit[3108852]: NETFILTER_CFG table=filter:9927 family=2 entries=1 op=nft_register_rule pid=3108852 comm="iptables"
2026-08-18T23:43:26+02:00 nezha audit[3108852]: SYSCALL arch=c000003e syscall=46 success=yes exit=580 a0=3 a1=7ffd1d3c8bd0 a2=0 a3=0 items=0 ppid=1669414 pid=3108852 auid=1000 uid=1000 gid=1000 euid=1000 suid=1000 fsuid=1000 egid=1000 sgid=1000 fsgid=1000 tty=(none) ses=19 comm="iptables" exe="/usr/sbin/xtables-nft-multi" key=(null)
2026-08-18T23:43:26+02:00 nezha audit: PROCTITLE proctitle=69707461626C6573002D2D617070656E64004F5554505554002D64003134362E37302E3137332E3636002D6F0065746830002D7000756470002D6D00756470002D2D64706F7274003531383230002D6A00414343455054
2026-08-18T23:43:26+02:00 nezha kernel: audit: type=1325 audit(1787089406.687:11195): table=filter:9927 family=2 entries=1 op=nft_register_rule pid=3108852 comm="iptables"
2026-08-18T23:43:26+02:00 nezha audit[3108856]: NETFILTER_CFG table=filter:9928 family=2 entries=1 op=nft_register_rule pid=3108856 comm="iptables"
2026-08-18T23:43:26+02:00 nezha audit[3108856]: SYSCALL arch=c000003e syscall=46 success=yes exit=292 a0=3 a1=7ffd672e8360 a2=0 a3=0 items=0 ppid=1669414 pid=3108856 auid=1000 uid=1000 gid=1000 euid=1000 suid=1000 fsuid=1000 egid=1000 sgid=1000 fsgid=1000 tty=(none) ses=19 comm="iptables" exe="/usr/sbin/xtables-nft-multi" key=(null)
2026-08-18T23:43:26+02:00 nezha audit: PROCTITLE proctitle=69707461626C6573002D2D617070656E64004F5554505554002D6F0074756E30002D6A00414343455054
2026-08-18T23:43:26+02:00 nezha audit[3108857]: NETFILTER_CFG table=filter:9929 family=10 entries=1 op=nft_register_rule pid=3108857 comm="ip6tables"
2026-08-18T23:43:26+02:00 nezha audit[3108857]: SYSCALL arch=c000003e syscall=46 success=yes exit=292 a0=3 a1=7ffc1ae34780 a2=0 a3=0 items=0 ppid=1669414 pid=3108857 auid=1000 uid=1000 gid=1000 euid=1000 suid=1000 fsuid=1000 egid=1000 sgid=1000 fsgid=1000 tty=(none) ses=19 comm="ip6tables" exe="/usr/sbin/xtables-nft-multi" key=(null)
2026-08-18T23:43:26+02:00 nezha audit: PROCTITLE proctitle=6970367461626C6573002D2D617070656E64004F5554505554002D6F0074756E30002D6A00414343455054
2026-08-18T23:43:32+02:00 nezha audit[3109043]: NETFILTER_CFG table=filter:9930 family=2 entries=1 op=nft_unregister_rule pid=3109043 comm="iptables"
2026-08-18T23:43:32+02:00 nezha audit[3109043]: SYSCALL arch=c000003e syscall=46 success=yes exit=584 a0=3 a1=7ffc81c40a60 a2=0 a3=0 items=0 ppid=1669414 pid=3109043 auid=1000 uid=1000 gid=1000 euid=1000 suid=1000 fsuid=1000 egid=1000 sgid=1000 fsgid=1000 tty=(none) ses=19 comm="iptables" exe="/usr/sbin/xtables-nft-multi" key=(null)
2026-08-18T23:43:32+02:00 nezha audit: PROCTITLE proctitle=69707461626C6573002D740066696C746572002D44004F55545055540034
2026-08-18T23:43:32+02:00 nezha kernel: kauditd_printk_skb: 8 callbacks suppressed
2026-08-18T23:43:32+02:00 nezha kernel: audit: type=1325 audit(1787089412.870:11198): table=filter:9930 family=2 entries=1 op=nft_unregister_rule pid=3109043 comm="iptables"
2026-08-18T23:43:32+02:00 nezha kernel: audit: type=1300 audit(1787089412.870:11198): arch=c000003e syscall=46 success=yes exit=584 a0=3 a1=7ffc81c40a60 a2=0 a3=0 items=0 ppid=1669414 pid=3109043 auid=1000 uid=1000 gid=1000 euid=1000 suid=1000 fsuid=1000 egid=1000 sgid=1000 fsgid=1000 tty=(none) ses=19 comm="iptables" exe="/usr/sbin/xtables-nft-multi" key=(null)
2026-08-18T23:43:32+02:00 nezha kernel: audit: type=1327 audit(1787089412.870:11198): proctitle=69707461626C6573002D740066696C746572002D44004F55545055540034
2026-08-18T23:43:32+02:00 nezha audit[3109047]: NETFILTER_CFG table=filter:9931 family=2 entries=1 op=nft_unregister_rule pid=3109047 comm="iptables"
2026-08-18T23:43:32+02:00 nezha audit[3109047]: SYSCALL arch=c000003e syscall=46 success=yes exit=296 a0=3 a1=7fffa9df7cb0 a2=0 a3=0 items=0 ppid=1669414 pid=3109047 auid=1000 uid=1000 gid=1000 euid=1000 suid=1000 fsuid=1000 egid=1000 sgid=1000 fsgid=1000 tty=(none) ses=19 comm="iptables" exe="/usr/sbin/xtables-nft-multi" key=(null)
2026-08-18T23:43:32+02:00 nezha audit: PROCTITLE proctitle=69707461626C6573002D740066696C746572002D44004F55545055540034
2026-08-18T23:43:32+02:00 nezha kernel: audit: type=1325 audit(1787089412.888:11199): table=filter:9931 family=2 entries=1 op=nft_unregister_rule pid=3109047 comm="iptables"
2026-08-18T23:43:32+02:00 nezha kernel: audit: type=1300 audit(1787089412.888:11199): arch=c000003e syscall=46 success=yes exit=296 a0=3 a1=7fffa9df7cb0 a2=0 a3=0 items=0 ppid=1669414 pid=3109047 auid=1000 uid=1000 gid=1000 euid=1000 suid=1000 fsuid=1000 egid=1000 sgid=1000 fsgid=1000 tty=(none) ses=19 comm="iptables" exe="/usr/sbin/xtables-nft-multi" key=(null)
2026-08-18T23:43:32+02:00 nezha kernel: audit: type=1327 audit(1787089412.888:11199): proctitle=69707461626C6573002D740066696C746572002D44004F55545055540034
2026-08-18T23:43:32+02:00 nezha audit[3109049]: NETFILTER_CFG table=filter:9932 family=10 entries=1 op=nft_unregister_rule pid=3109049 comm="ip6tables"
2026-08-18T23:43:32+02:00 nezha audit[3109049]: SYSCALL arch=c000003e syscall=46 success=yes exit=296 a0=3 a1=7ffc7def8f90 a2=0 a3=0 items=0 ppid=1669414 pid=3109049 auid=1000 uid=1000 gid=1000 euid=1000 suid=1000 fsuid=1000 egid=1000 sgid=1000 fsgid=1000 tty=(none) ses=19 comm="ip6tables" exe="/usr/sbin/xtables-nft-multi" key=(null)
2026-08-18T23:43:32+02:00 nezha audit: PROCTITLE proctitle=6970367461626C6573002D740066696C746572002D44004F55545055540035
2026-08-18T23:43:32+02:00 nezha kernel: audit: type=1325 audit(1787089412.910:11200): table=filter:9932 family=10 entries=1 op=nft_unregister_rule pid=3109049 comm="ip6tables"
2026-08-18T23:43:32+02:00 nezha kernel: audit: type=1300 audit(1787089412.910:11200): arch=c000003e syscall=46 success=yes exit=296 a0=3 a1=7ffc7def8f90 a2=0 a3=0 items=0 ppid=1669414 pid=3109049 auid=1000 uid=1000 gid=1000 euid=1000 suid=1000 fsuid=1000 egid=1000 sgid=1000 fsgid=1000 tty=(none) ses=19 comm="ip6tables" exe="/usr/sbin/xtables-nft-multi" key=(null)
2026-08-18T23:43:32+02:00 nezha kernel: audit: type=1327 audit(1787089412.910:11200): proctitle=6970367461626C6573002D740066696C746572002D44004F55545055540035
2026-08-18T23:43:32+02:00 nezha audit[3109051]: NETFILTER_CFG table=filter:9933 family=2 entries=1 op=nft_register_rule pid=3109051 comm="iptables"
2026-08-18T23:43:32+02:00 nezha audit[3109051]: SYSCALL arch=c000003e syscall=46 success=yes exit=580 a0=3 a1=7ffff3862b80 a2=0 a3=0 items=0 ppid=1669414 pid=3109051 auid=1000 uid=1000 gid=1000 euid=1000 suid=1000 fsuid=1000 egid=1000 sgid=1000 fsgid=1000 tty=(none) ses=19 comm="iptables" exe="/usr/sbin/xtables-nft-multi" key=(null)
2026-08-18T23:43:32+02:00 nezha audit: PROCTITLE proctitle=69707461626C6573002D2D617070656E64004F5554505554002D64003134362E37302E3131362E313330002D6F0065746830002D7000756470002D6D00756470002D2D64706F7274003531383230002D6A00414343455054
2026-08-18T23:43:32+02:00 nezha kernel: audit: type=1325 audit(1787089412.923:11201): table=filter:9933 family=2 entries=1 op=nft_register_rule pid=3109051 comm="iptables"
2026-08-18T23:43:32+02:00 nezha audit[3109054]: NETFILTER_CFG table=filter:9934 family=2 entries=1 op=nft_register_rule pid=3109054 comm="iptables"
2026-08-18T23:43:32+02:00 nezha audit[3109054]: SYSCALL arch=c000003e syscall=46 success=yes exit=292 a0=3 a1=7fff82f39c10 a2=0 a3=0 items=0 ppid=1669414 pid=3109054 auid=1000 uid=1000 gid=1000 euid=1000 suid=1000 fsuid=1000 egid=1000 sgid=1000 fsgid=1000 tty=(none) ses=19 comm="iptables" exe="/usr/sbin/xtables-nft-multi" key=(null)
2026-08-18T23:43:32+02:00 nezha audit: PROCTITLE proctitle=69707461626C6573002D2D617070656E64004F5554505554002D6F0074756E30002D6A00414343455054
2026-08-18T23:43:32+02:00 nezha audit[3109055]: NETFILTER_CFG table=filter:9935 family=10 entries=1 op=nft_register_rule pid=3109055 comm="ip6tables"
2026-08-18T23:43:32+02:00 nezha audit[3109055]: SYSCALL arch=c000003e syscall=46 success=yes exit=292 a0=3 a1=7ffed9798280 a2=0 a3=0 items=0 ppid=1669414 pid=3109055 auid=1000 uid=1000 gid=1000 euid=1000 suid=1000 fsuid=1000 egid=1000 sgid=1000 fsgid=1000 tty=(none) ses=19 comm="ip6tables" exe="/usr/sbin/xtables-nft-multi" key=(null)
2026-08-18T23:43:32+02:00 nezha audit: PROCTITLE proctitle=6970367461626C6573002D2D617070656E64004F5554505554002D6F0074756E30002D6A00414343455054
2026-08-18T23:43:39+02:00 nezha audit[3109344]: NETFILTER_CFG table=filter:9936 family=2 entries=1 op=nft_unregister_rule pid=3109344 comm="iptables"
2026-08-18T23:43:39+02:00 nezha audit[3109344]: SYSCALL arch=c000003e syscall=46 success=yes exit=584 a0=3 a1=7ffc4a609fe0 a2=0 a3=0 items=0 ppid=1669414 pid=3109344 auid=1000 uid=1000 gid=1000 euid=1000 suid=1000 fsuid=1000 egid=1000 sgid=1000 fsgid=1000 tty=(none) ses=19 comm="iptables" exe="/usr/sbin/xtables-nft-multi" key=(null)
2026-08-18T23:43:39+02:00 nezha audit: PROCTITLE proctitle=69707461626C6573002D740066696C746572002D44004F55545055540034
2026-08-18T23:43:39+02:00 nezha kernel: kauditd_printk_skb: 8 callbacks suppressed
2026-08-18T23:43:39+02:00 nezha kernel: audit: type=1325 audit(1787089419.108:11204): table=filter:9936 family=2 entries=1 op=nft_unregister_rule pid=3109344 comm="iptables"
2026-08-18T23:43:39+02:00 nezha kernel: audit: type=1300 audit(1787089419.108:11204): arch=c000003e syscall=46 success=yes exit=584 a0=3 a1=7ffc4a609fe0 a2=0 a3=0 items=0 ppid=1669414 pid=3109344 auid=1000 uid=1000 gid=1000 euid=1000 suid=1000 fsuid=1000 egid=1000 sgid=1000 fsgid=1000 tty=(none) ses=19 comm="iptables" exe="/usr/sbin/xtables-nft-multi" key=(null)
2026-08-18T23:43:39+02:00 nezha kernel: audit: type=1327 audit(1787089419.108:11204): proctitle=69707461626C6573002D740066696C746572002D44004F55545055540034
2026-08-18T23:43:39+02:00 nezha audit[3109348]: NETFILTER_CFG table=filter:9937 family=2 entries=1 op=nft_unregister_rule pid=3109348 comm="iptables"
2026-08-18T23:43:39+02:00 nezha audit[3109348]: SYSCALL arch=c000003e syscall=46 success=yes exit=296 a0=3 a1=7ffc692fb8f0 a2=0 a3=0 items=0 ppid=1669414 pid=3109348 auid=1000 uid=1000 gid=1000 euid=1000 suid=1000 fsuid=1000 egid=1000 sgid=1000 fsgid=1000 tty=(none) ses=19 comm="iptables" exe="/usr/sbin/xtables-nft-multi" key=(null)
2026-08-18T23:43:39+02:00 nezha audit: PROCTITLE proctitle=69707461626C6573002D740066696C746572002D44004F55545055540034
2026-08-18T23:43:39+02:00 nezha kernel: audit: type=1325 audit(1787089419.127:11205): table=filter:9937 family=2 entries=1 op=nft_unregister_rule pid=3109348 comm="iptables"
2026-08-18T23:43:39+02:00 nezha kernel: audit: type=1300 audit(1787089419.127:11205): arch=c000003e syscall=46 success=yes exit=296 a0=3 a1=7ffc692fb8f0 a2=0 a3=0 items=0 ppid=1669414 pid=3109348 auid=1000 uid=1000 gid=1000 euid=1000 suid=1000 fsuid=1000 egid=1000 sgid=1000 fsgid=1000 tty=(none) ses=19 comm="iptables" exe="/usr/sbin/xtables-nft-multi" key=(null)
2026-08-18T23:43:39+02:00 nezha kernel: audit: type=1327 audit(1787089419.127:11205): proctitle=69707461626C6573002D740066696C746572002D44004F55545055540034
2026-08-18T23:43:39+02:00 nezha audit[3109350]: NETFILTER_CFG table=filter:9938 family=10 entries=1 op=nft_unregister_rule pid=3109350 comm="ip6tables"
2026-08-18T23:43:39+02:00 nezha audit[3109350]: SYSCALL arch=c000003e syscall=46 success=yes exit=296 a0=3 a1=7ffc6132aac0 a2=0 a3=0 items=0 ppid=1669414 pid=3109350 auid=1000 uid=1000 gid=1000 euid=1000 suid=1000 fsuid=1000 egid=1000 sgid=1000 fsgid=1000 tty=(none) ses=19 comm="ip6tables" exe="/usr/sbin/xtables-nft-multi" key=(null)
2026-08-18T23:43:39+02:00 nezha audit: PROCTITLE proctitle=6970367461626C6573002D740066696C746572002D44004F55545055540035
2026-08-18T23:43:39+02:00 nezha kernel: audit: type=1325 audit(1787089419.152:11206): table=filter:9938 family=10 entries=1 op=nft_unregister_rule pid=3109350 comm="ip6tables"
2026-08-18T23:43:39+02:00 nezha kernel: audit: type=1300 audit(1787089419.152:11206): arch=c000003e syscall=46 success=yes exit=296 a0=3 a1=7ffc6132aac0 a2=0 a3=0 items=0 ppid=1669414 pid=3109350 auid=1000 uid=1000 gid=1000 euid=1000 suid=1000 fsuid=1000 egid=1000 sgid=1000 fsgid=1000 tty=(none) ses=19 comm="ip6tables" exe="/usr/sbin/xtables-nft-multi" key=(null)
2026-08-18T23:43:39+02:00 nezha kernel: audit: type=1327 audit(1787089419.152:11206): proctitle=6970367461626C6573002D740066696C746572002D44004F55545055540035
2026-08-18T23:43:39+02:00 nezha audit[3109352]: NETFILTER_CFG table=filter:9939 family=2 entries=1 op=nft_register_rule pid=3109352 comm="iptables"
2026-08-18T23:43:39+02:00 nezha audit[3109352]: SYSCALL arch=c000003e syscall=46 success=yes exit=580 a0=3 a1=7ffd5cc8af00 a2=0 a3=0 items=0 ppid=1669414 pid=3109352 auid=1000 uid=1000 gid=1000 euid=1000 suid=1000 fsuid=1000 egid=1000 sgid=1000 fsgid=1000 tty=(none) ses=19 comm="iptables" exe="/usr/sbin/xtables-nft-multi" key=(null)
2026-08-18T23:43:39+02:00 nezha audit: PROCTITLE proctitle=69707461626C6573002D2D617070656E64004F5554505554002D64003134392E38382E32322E313638002D6F0065746830002D7000756470002D6D00756470002D2D64706F7274003531383230002D6A00414343455054
2026-08-18T23:43:39+02:00 nezha kernel: audit: type=1325 audit(1787089419.160:11207): table=filter:9939 family=2 entries=1 op=nft_register_rule pid=3109352 comm="iptables"
2026-08-18T23:43:39+02:00 nezha audit[3109355]: NETFILTER_CFG table=filter:9940 family=2 entries=1 op=nft_register_rule pid=3109355 comm="iptables"
2026-08-18T23:43:39+02:00 nezha audit[3109355]: SYSCALL arch=c000003e syscall=46 success=yes exit=292 a0=3 a1=7fffd52d4140 a2=0 a3=0 items=0 ppid=1669414 pid=3109355 auid=1000 uid=1000 gid=1000 euid=1000 suid=1000 fsuid=1000 egid=1000 sgid=1000 fsgid=1000 tty=(none) ses=19 comm="iptables" exe="/usr/sbin/xtables-nft-multi" key=(null)
2026-08-18T23:43:39+02:00 nezha audit: PROCTITLE proctitle=69707461626C6573002D2D617070656E64004F5554505554002D6F0074756E30002D6A00414343455054
2026-08-18T23:43:39+02:00 nezha audit[3109356]: NETFILTER_CFG table=filter:9941 family=10 entries=1 op=nft_register_rule pid=3109356 comm="ip6tables"
2026-08-18T23:43:39+02:00 nezha audit[3109356]: SYSCALL arch=c000003e syscall=46 success=yes exit=292 a0=3 a1=7ffe87f01800 a2=0 a3=0 items=0 ppid=1669414 pid=3109356 auid=1000 uid=1000 gid=1000 euid=1000 suid=1000 fsuid=1000 egid=1000 sgid=1000 fsgid=1000 tty=(none) ses=19 comm="ip6tables" exe="/usr/sbin/xtables-nft-multi" key=(null)
2026-08-18T23:43:39+02:00 nezha audit: PROCTITLE proctitle=6970367461626C6573002D2D617070656E64004F5554505554002D6F0074756E30002D6A00414343455054
2026-08-18T23:43:45+02:00 nezha audit[3109584]: NETFILTER_CFG table=filter:9942 family=2 entries=1 op=nft_unregister_rule pid=3109584 comm="iptables"
2026-08-18T23:43:45+02:00 nezha audit[3109584]: SYSCALL arch=c000003e syscall=46 success=yes exit=584 a0=3 a1=7ffda554cef0 a2=0 a3=0 items=0 ppid=1669414 pid=3109584 auid=1000 uid=1000 gid=1000 euid=1000 suid=1000 fsuid=1000 egid=1000 sgid=1000 fsgid=1000 tty=(none) ses=19 comm="iptables" exe="/usr/sbin/xtables-nft-multi" key=(null)
2026-08-18T23:43:45+02:00 nezha audit: PROCTITLE proctitle=69707461626C6573002D740066696C746572002D44004F55545055540034
2026-08-18T23:43:45+02:00 nezha kernel: kauditd_printk_skb: 8 callbacks suppressed
2026-08-18T23:43:45+02:00 nezha kernel: audit: type=1325 audit(1787089425.326:11210): table=filter:9942 family=2 entries=1 op=nft_unregister_rule pid=3109584 comm="iptables"
2026-08-18T23:43:45+02:00 nezha kernel: audit: type=1300 audit(1787089425.326:11210): arch=c000003e syscall=46 success=yes exit=584 a0=3 a1=7ffda554cef0 a2=0 a3=0 items=0 ppid=1669414 pid=3109584 auid=1000 uid=1000 gid=1000 euid=1000 suid=1000 fsuid=1000 egid=1000 sgid=1000 fsgid=1000 tty=(none) ses=19 comm="iptables" exe="/usr/sbin/xtables-nft-multi" key=(null)
2026-08-18T23:43:45+02:00 nezha kernel: audit: type=1327 audit(1787089425.326:11210): proctitle=69707461626C6573002D740066696C746572002D44004F55545055540034
2026-08-18T23:43:45+02:00 nezha audit[3109588]: NETFILTER_CFG table=filter:9943 family=2 entries=1 op=nft_unregister_rule pid=3109588 comm="iptables"
2026-08-18T23:43:45+02:00 nezha audit[3109588]: SYSCALL arch=c000003e syscall=46 success=yes exit=296 a0=3 a1=7ffd08516140 a2=0 a3=0 items=0 ppid=1669414 pid=3109588 auid=1000 uid=1000 gid=1000 euid=1000 suid=1000 fsuid=1000 egid=1000 sgid=1000 fsgid=1000 tty=(none) ses=19 comm="iptables" exe="/usr/sbin/xtables-nft-multi" key=(null)
2026-08-18T23:43:45+02:00 nezha audit: PROCTITLE proctitle=69707461626C6573002D740066696C746572002D44004F55545055540034
2026-08-18T23:43:45+02:00 nezha kernel: audit: type=1325 audit(1787089425.340:11211): table=filter:9943 family=2 entries=1 op=nft_unregister_rule pid=3109588 comm="iptables"
2026-08-18T23:43:45+02:00 nezha kernel: audit: type=1300 audit(1787089425.340:11211): arch=c000003e syscall=46 success=yes exit=296 a0=3 a1=7ffd08516140 a2=0 a3=0 items=0 ppid=1669414 pid=3109588 auid=1000 uid=1000 gid=1000 euid=1000 suid=1000 fsuid=1000 egid=1000 sgid=1000 fsgid=1000 tty=(none) ses=19 comm="iptables" exe="/usr/sbin/xtables-nft-multi" key=(null)
2026-08-18T23:43:45+02:00 nezha kernel: audit: type=1327 audit(1787089425.340:11211): proctitle=69707461626C6573002D740066696C746572002D44004F55545055540034
2026-08-18T23:43:45+02:00 nezha audit[3109590]: NETFILTER_CFG table=filter:9944 family=10 entries=1 op=nft_unregister_rule pid=3109590 comm="ip6tables"
2026-08-18T23:43:45+02:00 nezha audit[3109590]: SYSCALL arch=c000003e syscall=46 success=yes exit=296 a0=3 a1=7ffdbf1fbf00 a2=0 a3=0 items=0 ppid=1669414 pid=3109590 auid=1000 uid=1000 gid=1000 euid=1000 suid=1000 fsuid=1000 egid=1000 sgid=1000 fsgid=1000 tty=(none) ses=19 comm="ip6tables" exe="/usr/sbin/xtables-nft-multi" key=(null)
2026-08-18T23:43:45+02:00 nezha audit: PROCTITLE proctitle=6970367461626C6573002D740066696C746572002D44004F55545055540035
2026-08-18T23:43:45+02:00 nezha kernel: audit: type=1325 audit(1787089425.350:11212): table=filter:9944 family=10 entries=1 op=nft_unregister_rule pid=3109590 comm="ip6tables"
2026-08-18T23:43:45+02:00 nezha kernel: audit: type=1300 audit(1787089425.350:11212): arch=c000003e syscall=46 success=yes exit=296 a0=3 a1=7ffdbf1fbf00 a2=0 a3=0 items=0 ppid=1669414 pid=3109590 auid=1000 uid=1000 gid=1000 euid=1000 suid=1000 fsuid=1000 egid=1000 sgid=1000 fsgid=1000 tty=(none) ses=19 comm="ip6tables" exe="/usr/sbin/xtables-nft-multi" key=(null)
2026-08-18T23:43:45+02:00 nezha kernel: audit: type=1327 audit(1787089425.350:11212): proctitle=6970367461626C6573002D740066696C746572002D44004F55545055540035
2026-08-18T23:43:45+02:00 nezha audit[3109592]: NETFILTER_CFG table=filter:9945 family=2 entries=1 op=nft_register_rule pid=3109592 comm="iptables"
2026-08-18T23:43:45+02:00 nezha audit[3109592]: SYSCALL arch=c000003e syscall=46 success=yes exit=580 a0=3 a1=7ffe780005b0 a2=0 a3=0 items=0 ppid=1669414 pid=3109592 auid=1000 uid=1000 gid=1000 euid=1000 suid=1000 fsuid=1000 egid=1000 sgid=1000 fsgid=1000 tty=(none) ses=19 comm="iptables" exe="/usr/sbin/xtables-nft-multi" key=(null)
2026-08-18T23:43:45+02:00 nezha audit: PROCTITLE proctitle=69707461626C6573002D2D617070656E64004F5554505554002D640034352E3133342E3231322E3739002D6F0065746830002D7000756470002D6D00756470002D2D64706F7274003531383230002D6A00414343455054
2026-08-18T23:43:45+02:00 nezha kernel: audit: type=1325 audit(1787089425.363:11213): table=filter:9945 family=2 entries=1 op=nft_register_rule pid=3109592 comm="iptables"
2026-08-18T23:43:45+02:00 nezha audit[3109595]: NETFILTER_CFG table=filter:9946 family=2 entries=1 op=nft_register_rule pid=3109595 comm="iptables"
2026-08-18T23:43:45+02:00 nezha audit[3109595]: SYSCALL arch=c000003e syscall=46 success=yes exit=292 a0=3 a1=7ffca1f49280 a2=0 a3=0 items=0 ppid=1669414 pid=3109595 auid=1000 uid=1000 gid=1000 euid=1000 suid=1000 fsuid=1000 egid=1000 sgid=1000 fsgid=1000 tty=(none) ses=19 comm="iptables" exe="/usr/sbin/xtables-nft-multi" key=(null)
2026-08-18T23:43:45+02:00 nezha audit: PROCTITLE proctitle=69707461626C6573002D2D617070656E64004F5554505554002D6F0074756E30002D6A00414343455054
2026-08-18T23:43:45+02:00 nezha audit[3109596]: NETFILTER_CFG table=filter:9947 family=10 entries=1 op=nft_register_rule pid=3109596 comm="ip6tables"
2026-08-18T23:43:45+02:00 nezha audit[3109596]: SYSCALL arch=c000003e syscall=46 success=yes exit=292 a0=3 a1=7ffd78dc8bd0 a2=0 a3=0 items=0 ppid=1669414 pid=3109596 auid=1000 uid=1000 gid=1000 euid=1000 suid=1000 fsuid=1000 egid=1000 sgid=1000 fsgid=1000 tty=(none) ses=19 comm="ip6tables" exe="/usr/sbin/xtables-nft-multi" key=(null)
2026-08-18T23:43:45+02:00 nezha audit: PROCTITLE proctitle=6970367461626C6573002D2D617070656E64004F5554505554002D6F0074756E30002D6A00414343455054
2026-08-18T23:43:51+02:00 nezha audit[3109845]: NETFILTER_CFG table=filter:9948 family=2 entries=1 op=nft_unregister_rule pid=3109845 comm="iptables"
2026-08-18T23:43:51+02:00 nezha audit[3109845]: SYSCALL arch=c000003e syscall=46 success=yes exit=584 a0=3 a1=7ffed2f687a0 a2=0 a3=0 items=0 ppid=1669414 pid=3109845 auid=1000 uid=1000 gid=1000 euid=1000 suid=1000 fsuid=1000 egid=1000 sgid=1000 fsgid=1000 tty=(none) ses=19 comm="iptables" exe="/usr/sbin/xtables-nft-multi" key=(null)
2026-08-18T23:43:51+02:00 nezha audit: PROCTITLE proctitle=69707461626C6573002D740066696C746572002D44004F55545055540034
2026-08-18T23:43:51+02:00 nezha kernel: kauditd_printk_skb: 8 callbacks suppressed
2026-08-18T23:43:51+02:00 nezha kernel: audit: type=1325 audit(1787089431.549:11216): table=filter:9948 family=2 entries=1 op=nft_unregister_rule pid=3109845 comm="iptables"
2026-08-18T23:43:51+02:00 nezha kernel: audit: type=1300 audit(1787089431.549:11216): arch=c000003e syscall=46 success=yes exit=584 a0=3 a1=7ffed2f687a0 a2=0 a3=0 items=0 ppid=1669414 pid=3109845 auid=1000 uid=1000 gid=1000 euid=1000 suid=1000 fsuid=1000 egid=1000 sgid=1000 fsgid=1000 tty=(none) ses=19 comm="iptables" exe="/usr/sbin/xtables-nft-multi" key=(null)
2026-08-18T23:43:51+02:00 nezha kernel: audit: type=1327 audit(1787089431.549:11216): proctitle=69707461626C6573002D740066696C746572002D44004F55545055540034
2026-08-18T23:43:51+02:00 nezha audit[3109849]: NETFILTER_CFG table=filter:9949 family=2 entries=1 op=nft_unregister_rule pid=3109849 comm="iptables"
2026-08-18T23:43:51+02:00 nezha audit[3109849]: SYSCALL arch=c000003e syscall=46 success=yes exit=296 a0=3 a1=7ffd0640c410 a2=0 a3=0 items=0 ppid=1669414 pid=3109849 auid=1000 uid=1000 gid=1000 euid=1000 suid=1000 fsuid=1000 egid=1000 sgid=1000 fsgid=1000 tty=(none) ses=19 comm="iptables" exe="/usr/sbin/xtables-nft-multi" key=(null)
2026-08-18T23:43:51+02:00 nezha audit: PROCTITLE proctitle=69707461626C6573002D740066696C746572002D44004F55545055540034
2026-08-18T23:43:51+02:00 nezha kernel: audit: type=1325 audit(1787089431.571:11217): table=filter:9949 family=2 entries=1 op=nft_unregister_rule pid=3109849 comm="iptables"
2026-08-18T23:43:51+02:00 nezha kernel: audit: type=1300 audit(1787089431.571:11217): arch=c000003e syscall=46 success=yes exit=296 a0=3 a1=7ffd0640c410 a2=0 a3=0 items=0 ppid=1669414 pid=3109849 auid=1000 uid=1000 gid=1000 euid=1000 suid=1000 fsuid=1000 egid=1000 sgid=1000 fsgid=1000 tty=(none) ses=19 comm="iptables" exe="/usr/sbin/xtables-nft-multi" key=(null)
2026-08-18T23:43:51+02:00 nezha kernel: audit: type=1327 audit(1787089431.571:11217): proctitle=69707461626C6573002D740066696C746572002D44004F55545055540034
2026-08-18T23:43:51+02:00 nezha audit[3109851]: NETFILTER_CFG table=filter:9950 family=10 entries=1 op=nft_unregister_rule pid=3109851 comm="ip6tables"
2026-08-18T23:43:51+02:00 nezha audit[3109851]: SYSCALL arch=c000003e syscall=46 success=yes exit=296 a0=3 a1=7fffd0d8ed20 a2=0 a3=0 items=0 ppid=1669414 pid=3109851 auid=1000 uid=1000 gid=1000 euid=1000 suid=1000 fsuid=1000 egid=1000 sgid=1000 fsgid=1000 tty=(none) ses=19 comm="ip6tables" exe="/usr/sbin/xtables-nft-multi" key=(null)
2026-08-18T23:43:51+02:00 nezha audit: PROCTITLE proctitle=6970367461626C6573002D740066696C746572002D44004F55545055540035
2026-08-18T23:43:51+02:00 nezha kernel: audit: type=1325 audit(1787089431.587:11218): table=filter:9950 family=10 entries=1 op=nft_unregister_rule pid=3109851 comm="ip6tables"
2026-08-18T23:43:51+02:00 nezha kernel: audit: type=1300 audit(1787089431.587:11218): arch=c000003e syscall=46 success=yes exit=296 a0=3 a1=7fffd0d8ed20 a2=0 a3=0 items=0 ppid=1669414 pid=3109851 auid=1000 uid=1000 gid=1000 euid=1000 suid=1000 fsuid=1000 egid=1000 sgid=1000 fsgid=1000 tty=(none) ses=19 comm="ip6tables" exe="/usr/sbin/xtables-nft-multi" key=(null)
2026-08-18T23:43:51+02:00 nezha kernel: audit: type=1327 audit(1787089431.587:11218): proctitle=6970367461626C6573002D740066696C746572002D44004F55545055540035
2026-08-18T23:43:51+02:00 nezha audit[3109853]: NETFILTER_CFG table=filter:9951 family=2 entries=1 op=nft_register_rule pid=3109853 comm="iptables"
2026-08-18T23:43:51+02:00 nezha audit[3109853]: SYSCALL arch=c000003e syscall=46 success=yes exit=580 a0=3 a1=7ffe288e3a10 a2=0 a3=0 items=0 ppid=1669414 pid=3109853 auid=1000 uid=1000 gid=1000 euid=1000 suid=1000 fsuid=1000 egid=1000 sgid=1000 fsgid=1000 tty=(none) ses=19 comm="iptables" exe="/usr/sbin/xtables-nft-multi" key=(null)
2026-08-18T23:43:51+02:00 nezha audit: PROCTITLE proctitle=69707461626C6573002D2D617070656E64004F5554505554002D64003134362E37302E3230312E32002D6F0065746830002D7000756470002D6D00756470002D2D64706F7274003531383230002D6A00414343455054
2026-08-18T23:43:51+02:00 nezha kernel: audit: type=1325 audit(1787089431.596:11219): table=filter:9951 family=2 entries=1 op=nft_register_rule pid=3109853 comm="iptables"
2026-08-18T23:43:51+02:00 nezha audit[3109856]: NETFILTER_CFG table=filter:9952 family=2 entries=1 op=nft_register_rule pid=3109856 comm="iptables"
2026-08-18T23:43:51+02:00 nezha audit[3109856]: SYSCALL arch=c000003e syscall=46 success=yes exit=292 a0=3 a1=7ffffdc9ada0 a2=0 a3=0 items=0 ppid=1669414 pid=3109856 auid=1000 uid=1000 gid=1000 euid=1000 suid=1000 fsuid=1000 egid=1000 sgid=1000 fsgid=1000 tty=(none) ses=19 comm="iptables" exe="/usr/sbin/xtables-nft-multi" key=(null)
2026-08-18T23:43:51+02:00 nezha audit: PROCTITLE proctitle=69707461626C6573002D2D617070656E64004F5554505554002D6F0074756E30002D6A00414343455054
2026-08-18T23:43:51+02:00 nezha audit[3109857]: NETFILTER_CFG table=filter:9953 family=10 entries=1 op=nft_register_rule pid=3109857 comm="ip6tables"
2026-08-18T23:43:51+02:00 nezha audit[3109857]: SYSCALL arch=c000003e syscall=46 success=yes exit=292 a0=3 a1=7ffed54dfe80 a2=0 a3=0 items=0 ppid=1669414 pid=3109857 auid=1000 uid=1000 gid=1000 euid=1000 suid=1000 fsuid=1000 egid=1000 sgid=1000 fsgid=1000 tty=(none) ses=19 comm="ip6tables" exe="/usr/sbin/xtables-nft-multi" key=(null)
2026-08-18T23:43:51+02:00 nezha audit: PROCTITLE proctitle=6970367461626C6573002D2D617070656E64004F5554505554002D6F0074756E30002D6A00414343455054
2026-08-18T23:43:57+02:00 nezha audit[3110167]: NETFILTER_CFG table=filter:9954 family=2 entries=1 op=nft_unregister_rule pid=3110167 comm="iptables"
2026-08-18T23:43:57+02:00 nezha audit[3110167]: SYSCALL arch=c000003e syscall=46 success=yes exit=584 a0=3 a1=7fffd8ec4c30 a2=0 a3=0 items=0 ppid=1669414 pid=3110167 auid=1000 uid=1000 gid=1000 euid=1000 suid=1000 fsuid=1000 egid=1000 sgid=1000 fsgid=1000 tty=(none) ses=19 comm="iptables" exe="/usr/sbin/xtables-nft-multi" key=(null)
2026-08-18T23:43:57+02:00 nezha audit: PROCTITLE proctitle=69707461626C6573002D740066696C746572002D44004F55545055540034
2026-08-18T23:43:57+02:00 nezha kernel: kauditd_printk_skb: 8 callbacks suppressed
2026-08-18T23:43:57+02:00 nezha kernel: audit: type=1325 audit(1787089437.784:11222): table=filter:9954 family=2 entries=1 op=nft_unregister_rule pid=3110167 comm="iptables"
2026-08-18T23:43:57+02:00 nezha kernel: audit: type=1300 audit(1787089437.784:11222): arch=c000003e syscall=46 success=yes exit=584 a0=3 a1=7fffd8ec4c30 a2=0 a3=0 items=0 ppid=1669414 pid=3110167 auid=1000 uid=1000 gid=1000 euid=1000 suid=1000 fsuid=1000 egid=1000 sgid=1000 fsgid=1000 tty=(none) ses=19 comm="iptables" exe="/usr/sbin/xtables-nft-multi" key=(null)
2026-08-18T23:43:57+02:00 nezha kernel: audit: type=1327 audit(1787089437.784:11222): proctitle=69707461626C6573002D740066696C746572002D44004F55545055540034
2026-08-18T23:43:57+02:00 nezha audit[3110171]: NETFILTER_CFG table=filter:9955 family=2 entries=1 op=nft_unregister_rule pid=3110171 comm="iptables"
2026-08-18T23:43:57+02:00 nezha audit[3110171]: SYSCALL arch=c000003e syscall=46 success=yes exit=296 a0=3 a1=7ffc80f5ce80 a2=0 a3=0 items=0 ppid=1669414 pid=3110171 auid=1000 uid=1000 gid=1000 euid=1000 suid=1000 fsuid=1000 egid=1000 sgid=1000 fsgid=1000 tty=(none) ses=19 comm="iptables" exe="/usr/sbin/xtables-nft-multi" key=(null)
2026-08-18T23:43:57+02:00 nezha audit: PROCTITLE proctitle=69707461626C6573002D740066696C746572002D44004F55545055540034
2026-08-18T23:43:57+02:00 nezha kernel: audit: type=1325 audit(1787089437.795:11223): table=filter:9955 family=2 entries=1 op=nft_unregister_rule pid=3110171 comm="iptables"
2026-08-18T23:43:57+02:00 nezha kernel: audit: type=1300 audit(1787089437.795:11223): arch=c000003e syscall=46 success=yes exit=296 a0=3 a1=7ffc80f5ce80 a2=0 a3=0 items=0 ppid=1669414 pid=3110171 auid=1000 uid=1000 gid=1000 euid=1000 suid=1000 fsuid=1000 egid=1000 sgid=1000 fsgid=1000 tty=(none) ses=19 comm="iptables" exe="/usr/sbin/xtables-nft-multi" key=(null)
2026-08-18T23:43:57+02:00 nezha kernel: audit: type=1327 audit(1787089437.795:11223): proctitle=69707461626C6573002D740066696C746572002D44004F55545055540034
2026-08-18T23:43:57+02:00 nezha audit[3110173]: NETFILTER_CFG table=filter:9956 family=10 entries=1 op=nft_unregister_rule pid=3110173 comm="ip6tables"
2026-08-18T23:43:57+02:00 nezha audit[3110173]: SYSCALL arch=c000003e syscall=46 success=yes exit=296 a0=3 a1=7fff4dba0640 a2=0 a3=0 items=0 ppid=1669414 pid=3110173 auid=1000 uid=1000 gid=1000 euid=1000 suid=1000 fsuid=1000 egid=1000 sgid=1000 fsgid=1000 tty=(none) ses=19 comm="ip6tables" exe="/usr/sbin/xtables-nft-multi" key=(null)
2026-08-18T23:43:57+02:00 nezha audit: PROCTITLE proctitle=6970367461626C6573002D740066696C746572002D44004F55545055540035
2026-08-18T23:43:57+02:00 nezha kernel: audit: type=1325 audit(1787089437.809:11224): table=filter:9956 family=10 entries=1 op=nft_unregister_rule pid=3110173 comm="ip6tables"
2026-08-18T23:43:57+02:00 nezha kernel: audit: type=1300 audit(1787089437.809:11224): arch=c000003e syscall=46 success=yes exit=296 a0=3 a1=7fff4dba0640 a2=0 a3=0 items=0 ppid=1669414 pid=3110173 auid=1000 uid=1000 gid=1000 euid=1000 suid=1000 fsuid=1000 egid=1000 sgid=1000 fsgid=1000 tty=(none) ses=19 comm="ip6tables" exe="/usr/sbin/xtables-nft-multi" key=(null)
2026-08-18T23:43:57+02:00 nezha kernel: audit: type=1327 audit(1787089437.809:11224): proctitle=6970367461626C6573002D740066696C746572002D44004F55545055540035
2026-08-18T23:43:57+02:00 nezha audit[3110175]: NETFILTER_CFG table=filter:9957 family=2 entries=1 op=nft_register_rule pid=3110175 comm="iptables"
2026-08-18T23:43:57+02:00 nezha audit[3110175]: SYSCALL arch=c000003e syscall=46 success=yes exit=580 a0=3 a1=7ffd68aea6a0 a2=0 a3=0 items=0 ppid=1669414 pid=3110175 auid=1000 uid=1000 gid=1000 euid=1000 suid=1000 fsuid=1000 egid=1000 sgid=1000 fsgid=1000 tty=(none) ses=19 comm="iptables" exe="/usr/sbin/xtables-nft-multi" key=(null)
2026-08-18T23:43:57+02:00 nezha audit: PROCTITLE proctitle=69707461626C6573002D2D617070656E64004F5554505554002D640036322E39332E3136372E313630002D6F0065746830002D7000756470002D6D00756470002D2D64706F7274003531383230002D6A00414343455054
2026-08-18T23:43:57+02:00 nezha kernel: audit: type=1325 audit(1787089437.822:11225): table=filter:9957 family=2 entries=1 op=nft_register_rule pid=3110175 comm="iptables"
2026-08-18T23:43:57+02:00 nezha audit[3110178]: NETFILTER_CFG table=filter:9958 family=2 entries=1 op=nft_register_rule pid=3110178 comm="iptables"
2026-08-18T23:43:57+02:00 nezha audit[3110178]: SYSCALL arch=c000003e syscall=46 success=yes exit=292 a0=3 a1=7ffe9f06ecf0 a2=0 a3=0 items=0 ppid=1669414 pid=3110178 auid=1000 uid=1000 gid=1000 euid=1000 suid=1000 fsuid=1000 egid=1000 sgid=1000 fsgid=1000 tty=(none) ses=19 comm="iptables" exe="/usr/sbin/xtables-nft-multi" key=(null)
2026-08-18T23:43:57+02:00 nezha audit: PROCTITLE proctitle=69707461626C6573002D2D617070656E64004F5554505554002D6F0074756E30002D6A00414343455054
2026-08-18T23:43:57+02:00 nezha audit[3110179]: NETFILTER_CFG table=filter:9959 family=10 entries=1 op=nft_register_rule pid=3110179 comm="ip6tables"
2026-08-18T23:43:57+02:00 nezha audit[3110179]: SYSCALL arch=c000003e syscall=46 success=yes exit=292 a0=3 a1=7ffd9bc3e0b0 a2=0 a3=0 items=0 ppid=1669414 pid=3110179 auid=1000 uid=1000 gid=1000 euid=1000 suid=1000 fsuid=1000 egid=1000 sgid=1000 fsgid=1000 tty=(none) ses=19 comm="ip6tables" exe="/usr/sbin/xtables-nft-multi" key=(null)
2026-08-18T23:43:57+02:00 nezha audit: PROCTITLE proctitle=6970367461626C6573002D2D617070656E64004F5554505554002D6F0074756E30002D6A00414343455054
2026-08-18T23:44:04+02:00 nezha audit[3110542]: NETFILTER_CFG table=filter:9960 family=2 entries=1 op=nft_unregister_rule pid=3110542 comm="iptables"
2026-08-18T23:44:04+02:00 nezha audit[3110542]: SYSCALL arch=c000003e syscall=46 success=yes exit=584 a0=3 a1=7ffde3cb7850 a2=0 a3=0 items=0 ppid=1669414 pid=3110542 auid=1000 uid=1000 gid=1000 euid=1000 suid=1000 fsuid=1000 egid=1000 sgid=1000 fsgid=1000 tty=(none) ses=19 comm="iptables" exe="/usr/sbin/xtables-nft-multi" key=(null)
2026-08-18T23:44:04+02:00 nezha audit: PROCTITLE proctitle=69707461626C6573002D740066696C746572002D44004F55545055540034
2026-08-18T23:44:04+02:00 nezha kernel: kauditd_printk_skb: 8 callbacks suppressed
2026-08-18T23:44:04+02:00 nezha kernel: audit: type=1325 audit(1787089444.013:11228): table=filter:9960 family=2 entries=1 op=nft_unregister_rule pid=3110542 comm="iptables"
2026-08-18T23:44:04+02:00 nezha kernel: audit: type=1300 audit(1787089444.013:11228): arch=c000003e syscall=46 success=yes exit=584 a0=3 a1=7ffde3cb7850 a2=0 a3=0 items=0 ppid=1669414 pid=3110542 auid=1000 uid=1000 gid=1000 euid=1000 suid=1000 fsuid=1000 egid=1000 sgid=1000 fsgid=1000 tty=(none) ses=19 comm="iptables" exe="/usr/sbin/xtables-nft-multi" key=(null)
2026-08-18T23:44:04+02:00 nezha kernel: audit: type=1327 audit(1787089444.013:11228): proctitle=69707461626C6573002D740066696C746572002D44004F55545055540034
2026-08-18T23:44:04+02:00 nezha audit[3110546]: NETFILTER_CFG table=filter:9961 family=2 entries=1 op=nft_unregister_rule pid=3110546 comm="iptables"
2026-08-18T23:44:04+02:00 nezha audit[3110546]: SYSCALL arch=c000003e syscall=46 success=yes exit=296 a0=3 a1=7ffe5f7fa210 a2=0 a3=0 items=0 ppid=1669414 pid=3110546 auid=1000 uid=1000 gid=1000 euid=1000 suid=1000 fsuid=1000 egid=1000 sgid=1000 fsgid=1000 tty=(none) ses=19 comm="iptables" exe="/usr/sbin/xtables-nft-multi" key=(null)
2026-08-18T23:44:04+02:00 nezha audit: PROCTITLE proctitle=69707461626C6573002D740066696C746572002D44004F55545055540034
2026-08-18T23:44:04+02:00 nezha kernel: audit: type=1325 audit(1787089444.023:11229): table=filter:9961 family=2 entries=1 op=nft_unregister_rule pid=3110546 comm="iptables"
2026-08-18T23:44:04+02:00 nezha kernel: audit: type=1300 audit(1787089444.023:11229): arch=c000003e syscall=46 success=yes exit=296 a0=3 a1=7ffe5f7fa210 a2=0 a3=0 items=0 ppid=1669414 pid=3110546 auid=1000 uid=1000 gid=1000 euid=1000 suid=1000 fsuid=1000 egid=1000 sgid=1000 fsgid=1000 tty=(none) ses=19 comm="iptables" exe="/usr/sbin/xtables-nft-multi" key=(null)
2026-08-18T23:44:04+02:00 nezha kernel: audit: type=1327 audit(1787089444.023:11229): proctitle=69707461626C6573002D740066696C746572002D44004F55545055540034
2026-08-18T23:44:04+02:00 nezha audit[3110548]: NETFILTER_CFG table=filter:9962 family=10 entries=1 op=nft_unregister_rule pid=3110548 comm="ip6tables"
2026-08-18T23:44:04+02:00 nezha audit[3110548]: SYSCALL arch=c000003e syscall=46 success=yes exit=296 a0=3 a1=7ffddd43adb0 a2=0 a3=0 items=0 ppid=1669414 pid=3110548 auid=1000 uid=1000 gid=1000 euid=1000 suid=1000 fsuid=1000 egid=1000 sgid=1000 fsgid=1000 tty=(none) ses=19 comm="ip6tables" exe="/usr/sbin/xtables-nft-multi" key=(null)
2026-08-18T23:44:04+02:00 nezha audit: PROCTITLE proctitle=6970367461626C6573002D740066696C746572002D44004F55545055540035
2026-08-18T23:44:04+02:00 nezha kernel: audit: type=1325 audit(1787089444.034:11230): table=filter:9962 family=10 entries=1 op=nft_unregister_rule pid=3110548 comm="ip6tables"
2026-08-18T23:44:04+02:00 nezha kernel: audit: type=1300 audit(1787089444.034:11230): arch=c000003e syscall=46 success=yes exit=296 a0=3 a1=7ffddd43adb0 a2=0 a3=0 items=0 ppid=1669414 pid=3110548 auid=1000 uid=1000 gid=1000 euid=1000 suid=1000 fsuid=1000 egid=1000 sgid=1000 fsgid=1000 tty=(none) ses=19 comm="ip6tables" exe="/usr/sbin/xtables-nft-multi" key=(null)
2026-08-18T23:44:04+02:00 nezha kernel: audit: type=1327 audit(1787089444.034:11230): proctitle=6970367461626C6573002D740066696C746572002D44004F55545055540035
2026-08-18T23:44:04+02:00 nezha audit[3110550]: NETFILTER_CFG table=filter:9963 family=2 entries=1 op=nft_register_rule pid=3110550 comm="iptables"
2026-08-18T23:44:04+02:00 nezha audit[3110550]: SYSCALL arch=c000003e syscall=46 success=yes exit=580 a0=3 a1=7ffe741a0d90 a2=0 a3=0 items=0 ppid=1669414 pid=3110550 auid=1000 uid=1000 gid=1000 euid=1000 suid=1000 fsuid=1000 egid=1000 sgid=1000 fsgid=1000 tty=(none) ses=19 comm="iptables" exe="/usr/sbin/xtables-nft-multi" key=(null)
2026-08-18T23:44:04+02:00 nezha audit: PROCTITLE proctitle=69707461626C6573002D2D617070656E64004F5554505554002D64003134362E37302E3131392E3636002D6F0065746830002D7000756470002D6D00756470002D2D64706F7274003531383230002D6A00414343455054
2026-08-18T23:44:04+02:00 nezha kernel: audit: type=1325 audit(1787089444.046:11231): table=filter:9963 family=2 entries=1 op=nft_register_rule pid=3110550 comm="iptables"
2026-08-18T23:44:04+02:00 nezha audit[3110553]: NETFILTER_CFG table=filter:9964 family=2 entries=1 op=nft_register_rule pid=3110553 comm="iptables"
2026-08-18T23:44:04+02:00 nezha audit[3110553]: SYSCALL arch=c000003e syscall=46 success=yes exit=292 a0=3 a1=7ffdd3addaa0 a2=0 a3=0 items=0 ppid=1669414 pid=3110553 auid=1000 uid=1000 gid=1000 euid=1000 suid=1000 fsuid=1000 egid=1000 sgid=1000 fsgid=1000 tty=(none) ses=19 comm="iptables" exe="/usr/sbin/xtables-nft-multi" key=(null)
2026-08-18T23:44:04+02:00 nezha audit: PROCTITLE proctitle=69707461626C6573002D2D617070656E64004F5554505554002D6F0074756E30002D6A00414343455054
2026-08-18T23:44:04+02:00 nezha audit[3110554]: NETFILTER_CFG table=filter:9965 family=10 entries=1 op=nft_register_rule pid=3110554 comm="ip6tables"
2026-08-18T23:44:04+02:00 nezha audit[3110554]: SYSCALL arch=c000003e syscall=46 success=yes exit=292 a0=3 a1=7ffd27d3b8a0 a2=0 a3=0 items=0 ppid=1669414 pid=3110554 auid=1000 uid=1000 gid=1000 euid=1000 suid=1000 fsuid=1000 egid=1000 sgid=1000 fsgid=1000 tty=(none) ses=19 comm="ip6tables" exe="/usr/sbin/xtables-nft-multi" key=(null)
2026-08-18T23:44:04+02:00 nezha audit: PROCTITLE proctitle=6970367461626C6573002D2D617070656E64004F5554505554002D6F0074756E30002D6A00414343455054
2026-08-18T23:44:10+02:00 nezha audit[3110804]: NETFILTER_CFG table=filter:9966 family=2 entries=1 op=nft_unregister_rule pid=3110804 comm="iptables"
2026-08-18T23:44:10+02:00 nezha audit[3110804]: SYSCALL arch=c000003e syscall=46 success=yes exit=584 a0=3 a1=7fff2329ab70 a2=0 a3=0 items=0 ppid=1669414 pid=3110804 auid=1000 uid=1000 gid=1000 euid=1000 suid=1000 fsuid=1000 egid=1000 sgid=1000 fsgid=1000 tty=(none) ses=19 comm="iptables" exe="/usr/sbin/xtables-nft-multi" key=(null)
2026-08-18T23:44:10+02:00 nezha audit: PROCTITLE proctitle=69707461626C6573002D740066696C746572002D44004F55545055540034
2026-08-18T23:44:10+02:00 nezha kernel: kauditd_printk_skb: 8 callbacks suppressed
2026-08-18T23:44:10+02:00 nezha kernel: audit: type=1325 audit(1787089450.229:11234): table=filter:9966 family=2 entries=1 op=nft_unregister_rule pid=3110804 comm="iptables"
2026-08-18T23:44:10+02:00 nezha kernel: audit: type=1300 audit(1787089450.229:11234): arch=c000003e syscall=46 success=yes exit=584 a0=3 a1=7fff2329ab70 a2=0 a3=0 items=0 ppid=1669414 pid=3110804 auid=1000 uid=1000 gid=1000 euid=1000 suid=1000 fsuid=1000 egid=1000 sgid=1000 fsgid=1000 tty=(none) ses=19 comm="iptables" exe="/usr/sbin/xtables-nft-multi" key=(null)
2026-08-18T23:44:10+02:00 nezha kernel: audit: type=1327 audit(1787089450.229:11234): proctitle=69707461626C6573002D740066696C746572002D44004F55545055540034
2026-08-18T23:44:10+02:00 nezha audit[3110808]: NETFILTER_CFG table=filter:9967 family=2 entries=1 op=nft_unregister_rule pid=3110808 comm="iptables"
2026-08-18T23:44:10+02:00 nezha audit[3110808]: SYSCALL arch=c000003e syscall=46 success=yes exit=296 a0=3 a1=7ffc84fec4e0 a2=0 a3=0 items=0 ppid=1669414 pid=3110808 auid=1000 uid=1000 gid=1000 euid=1000 suid=1000 fsuid=1000 egid=1000 sgid=1000 fsgid=1000 tty=(none) ses=19 comm="iptables" exe="/usr/sbin/xtables-nft-multi" key=(null)
2026-08-18T23:44:10+02:00 nezha audit: PROCTITLE proctitle=69707461626C6573002D740066696C746572002D44004F55545055540034
2026-08-18T23:44:10+02:00 nezha kernel: audit: type=1325 audit(1787089450.244:11235): table=filter:9967 family=2 entries=1 op=nft_unregister_rule pid=3110808 comm="iptables"
2026-08-18T23:44:10+02:00 nezha kernel: audit: type=1300 audit(1787089450.244:11235): arch=c000003e syscall=46 success=yes exit=296 a0=3 a1=7ffc84fec4e0 a2=0 a3=0 items=0 ppid=1669414 pid=3110808 auid=1000 uid=1000 gid=1000 euid=1000 suid=1000 fsuid=1000 egid=1000 sgid=1000 fsgid=1000 tty=(none) ses=19 comm="iptables" exe="/usr/sbin/xtables-nft-multi" key=(null)
2026-08-18T23:44:10+02:00 nezha kernel: audit: type=1327 audit(1787089450.244:11235): proctitle=69707461626C6573002D740066696C746572002D44004F55545055540034
2026-08-18T23:44:10+02:00 nezha audit[3110810]: NETFILTER_CFG table=filter:9968 family=10 entries=1 op=nft_unregister_rule pid=3110810 comm="ip6tables"
2026-08-18T23:44:10+02:00 nezha audit[3110810]: SYSCALL arch=c000003e syscall=46 success=yes exit=296 a0=3 a1=7ffca596f850 a2=0 a3=0 items=0 ppid=1669414 pid=3110810 auid=1000 uid=1000 gid=1000 euid=1000 suid=1000 fsuid=1000 egid=1000 sgid=1000 fsgid=1000 tty=(none) ses=19 comm="ip6tables" exe="/usr/sbin/xtables-nft-multi" key=(null)
2026-08-18T23:44:10+02:00 nezha audit: PROCTITLE proctitle=6970367461626C6573002D740066696C746572002D44004F55545055540035
2026-08-18T23:44:10+02:00 nezha kernel: audit: type=1325 audit(1787089450.257:11236): table=filter:9968 family=10 entries=1 op=nft_unregister_rule pid=3110810 comm="ip6tables"
2026-08-18T23:44:10+02:00 nezha kernel: audit: type=1300 audit(1787089450.257:11236): arch=c000003e syscall=46 success=yes exit=296 a0=3 a1=7ffca596f850 a2=0 a3=0 items=0 ppid=1669414 pid=3110810 auid=1000 uid=1000 gid=1000 euid=1000 suid=1000 fsuid=1000 egid=1000 sgid=1000 fsgid=1000 tty=(none) ses=19 comm="ip6tables" exe="/usr/sbin/xtables-nft-multi" key=(null)
2026-08-18T23:44:10+02:00 nezha kernel: audit: type=1327 audit(1787089450.257:11236): proctitle=6970367461626C6573002D740066696C746572002D44004F55545055540035
2026-08-18T23:44:10+02:00 nezha audit[3110812]: NETFILTER_CFG table=filter:9969 family=2 entries=1 op=nft_register_rule pid=3110812 comm="iptables"
2026-08-18T23:44:10+02:00 nezha audit[3110812]: SYSCALL arch=c000003e syscall=46 success=yes exit=580 a0=3 a1=7ffeca174d80 a2=0 a3=0 items=0 ppid=1669414 pid=3110812 auid=1000 uid=1000 gid=1000 euid=1000 suid=1000 fsuid=1000 egid=1000 sgid=1000 fsgid=1000 tty=(none) ses=19 comm="iptables" exe="/usr/sbin/xtables-nft-multi" key=(null)
2026-08-18T23:44:10+02:00 nezha audit: PROCTITLE proctitle=69707461626C6573002D2D617070656E64004F5554505554002D64003130332E3133362E3134372E313239002D6F0065746830002D7000756470002D6D00756470002D2D64706F7274003531383230002D6A00414343455054
2026-08-18T23:44:10+02:00 nezha kernel: audit: type=1325 audit(1787089450.269:11237): table=filter:9969 family=2 entries=1 op=nft_register_rule pid=3110812 comm="iptables"
2026-08-18T23:44:10+02:00 nezha audit[3110815]: NETFILTER_CFG table=filter:9970 family=2 entries=1 op=nft_register_rule pid=3110815 comm="iptables"
2026-08-18T23:44:10+02:00 nezha audit[3110815]: SYSCALL arch=c000003e syscall=46 success=yes exit=292 a0=3 a1=7ffd40d78b80 a2=0 a3=0 items=0 ppid=1669414 pid=3110815 auid=1000 uid=1000 gid=1000 euid=1000 suid=1000 fsuid=1000 egid=1000 sgid=1000 fsgid=1000 tty=(none) ses=19 comm="iptables" exe="/usr/sbin/xtables-nft-multi" key=(null)
2026-08-18T23:44:10+02:00 nezha audit: PROCTITLE proctitle=69707461626C6573002D2D617070656E64004F5554505554002D6F0074756E30002D6A00414343455054
2026-08-18T23:44:10+02:00 nezha audit[3110816]: NETFILTER_CFG table=filter:9971 family=10 entries=1 op=nft_register_rule pid=3110816 comm="ip6tables"
2026-08-18T23:44:10+02:00 nezha audit[3110816]: SYSCALL arch=c000003e syscall=46 success=yes exit=292 a0=3 a1=7ffcce9d1fb0 a2=0 a3=0 items=0 ppid=1669414 pid=3110816 auid=1000 uid=1000 gid=1000 euid=1000 suid=1000 fsuid=1000 egid=1000 sgid=1000 fsgid=1000 tty=(none) ses=19 comm="ip6tables" exe="/usr/sbin/xtables-nft-multi" key=(null)
2026-08-18T23:44:10+02:00 nezha audit: PROCTITLE proctitle=6970367461626C6573002D2D617070656E64004F5554505554002D6F0074756E30002D6A00414343455054
2026-08-18T23:44:16+02:00 nezha audit[3111119]: NETFILTER_CFG table=filter:9972 family=2 entries=1 op=nft_unregister_rule pid=3111119 comm="iptables"
2026-08-18T23:44:16+02:00 nezha audit[3111119]: SYSCALL arch=c000003e syscall=46 success=yes exit=584 a0=3 a1=7fff52764150 a2=0 a3=0 items=0 ppid=1669414 pid=3111119 auid=1000 uid=1000 gid=1000 euid=1000 suid=1000 fsuid=1000 egid=1000 sgid=1000 fsgid=1000 tty=(none) ses=19 comm="iptables" exe="/usr/sbin/xtables-nft-multi" key=(null)
2026-08-18T23:44:16+02:00 nezha audit: PROCTITLE proctitle=69707461626C6573002D740066696C746572002D44004F55545055540034
2026-08-18T23:44:16+02:00 nezha kernel: kauditd_printk_skb: 8 callbacks suppressed
2026-08-18T23:44:16+02:00 nezha kernel: audit: type=1325 audit(1787089456.457:11240): table=filter:9972 family=2 entries=1 op=nft_unregister_rule pid=3111119 comm="iptables"
2026-08-18T23:44:16+02:00 nezha kernel: audit: type=1300 audit(1787089456.457:11240): arch=c000003e syscall=46 success=yes exit=584 a0=3 a1=7fff52764150 a2=0 a3=0 items=0 ppid=1669414 pid=3111119 auid=1000 uid=1000 gid=1000 euid=1000 suid=1000 fsuid=1000 egid=1000 sgid=1000 fsgid=1000 tty=(none) ses=19 comm="iptables" exe="/usr/sbin/xtables-nft-multi" key=(null)
2026-08-18T23:44:16+02:00 nezha kernel: audit: type=1327 audit(1787089456.457:11240): proctitle=69707461626C6573002D740066696C746572002D44004F55545055540034
2026-08-18T23:44:16+02:00 nezha audit[3111129]: NETFILTER_CFG table=filter:9973 family=2 entries=1 op=nft_unregister_rule pid=3111129 comm="iptables"
2026-08-18T23:44:16+02:00 nezha audit[3111129]: SYSCALL arch=c000003e syscall=46 success=yes exit=296 a0=3 a1=7ffdd04df6e0 a2=0 a3=0 items=0 ppid=1669414 pid=3111129 auid=1000 uid=1000 gid=1000 euid=1000 suid=1000 fsuid=1000 egid=1000 sgid=1000 fsgid=1000 tty=(none) ses=19 comm="iptables" exe="/usr/sbin/xtables-nft-multi" key=(null)
2026-08-18T23:44:16+02:00 nezha audit: PROCTITLE proctitle=69707461626C6573002D740066696C746572002D44004F55545055540034
2026-08-18T23:44:16+02:00 nezha kernel: audit: type=1325 audit(1787089456.469:11241): table=filter:9973 family=2 entries=1 op=nft_unregister_rule pid=3111129 comm="iptables"
2026-08-18T23:44:16+02:00 nezha kernel: audit: type=1300 audit(1787089456.469:11241): arch=c000003e syscall=46 success=yes exit=296 a0=3 a1=7ffdd04df6e0 a2=0 a3=0 items=0 ppid=1669414 pid=3111129 auid=1000 uid=1000 gid=1000 euid=1000 suid=1000 fsuid=1000 egid=1000 sgid=1000 fsgid=1000 tty=(none) ses=19 comm="iptables" exe="/usr/sbin/xtables-nft-multi" key=(null)
2026-08-18T23:44:16+02:00 nezha kernel: audit: type=1327 audit(1787089456.469:11241): proctitle=69707461626C6573002D740066696C746572002D44004F55545055540034
2026-08-18T23:44:16+02:00 nezha audit[3111133]: NETFILTER_CFG table=filter:9974 family=10 entries=1 op=nft_unregister_rule pid=3111133 comm="ip6tables"
2026-08-18T23:44:16+02:00 nezha audit[3111133]: SYSCALL arch=c000003e syscall=46 success=yes exit=296 a0=3 a1=7ffed30fbed0 a2=0 a3=0 items=0 ppid=1669414 pid=3111133 auid=1000 uid=1000 gid=1000 euid=1000 suid=1000 fsuid=1000 egid=1000 sgid=1000 fsgid=1000 tty=(none) ses=19 comm="ip6tables" exe="/usr/sbin/xtables-nft-multi" key=(null)
2026-08-18T23:44:16+02:00 nezha audit: PROCTITLE proctitle=6970367461626C6573002D740066696C746572002D44004F55545055540035
2026-08-18T23:44:16+02:00 nezha kernel: audit: type=1325 audit(1787089456.479:11242): table=filter:9974 family=10 entries=1 op=nft_unregister_rule pid=3111133 comm="ip6tables"
2026-08-18T23:44:16+02:00 nezha kernel: audit: type=1300 audit(1787089456.479:11242): arch=c000003e syscall=46 success=yes exit=296 a0=3 a1=7ffed30fbed0 a2=0 a3=0 items=0 ppid=1669414 pid=3111133 auid=1000 uid=1000 gid=1000 euid=1000 suid=1000 fsuid=1000 egid=1000 sgid=1000 fsgid=1000 tty=(none) ses=19 comm="ip6tables" exe="/usr/sbin/xtables-nft-multi" key=(null)
2026-08-18T23:44:16+02:00 nezha kernel: audit: type=1327 audit(1787089456.479:11242): proctitle=6970367461626C6573002D740066696C746572002D44004F55545055540035
2026-08-18T23:44:16+02:00 nezha audit[3111135]: NETFILTER_CFG table=filter:9975 family=2 entries=1 op=nft_register_rule pid=3111135 comm="iptables"
2026-08-18T23:44:16+02:00 nezha audit[3111135]: SYSCALL arch=c000003e syscall=46 success=yes exit=580 a0=3 a1=7ffe2f54ac30 a2=0 a3=0 items=0 ppid=1669414 pid=3111135 auid=1000 uid=1000 gid=1000 euid=1000 suid=1000 fsuid=1000 egid=1000 sgid=1000 fsgid=1000 tty=(none) ses=19 comm="iptables" exe="/usr/sbin/xtables-nft-multi" key=(null)
2026-08-18T23:44:16+02:00 nezha audit: PROCTITLE proctitle=69707461626C6573002D2D617070656E64004F5554505554002D640036382E3233352E34362E313236002D6F0065746830002D7000756470002D6D00756470002D2D64706F7274003531383230002D6A00414343455054
2026-08-18T23:44:16+02:00 nezha kernel: audit: type=1325 audit(1787089456.492:11243): table=filter:9975 family=2 entries=1 op=nft_register_rule pid=3111135 comm="iptables"
2026-08-18T23:44:16+02:00 nezha audit[3111138]: NETFILTER_CFG table=filter:9976 family=2 entries=1 op=nft_register_rule pid=3111138 comm="iptables"
2026-08-18T23:44:16+02:00 nezha audit[3111138]: SYSCALL arch=c000003e syscall=46 success=yes exit=292 a0=3 a1=7ffed896f6a0 a2=0 a3=0 items=0 ppid=1669414 pid=3111138 auid=1000 uid=1000 gid=1000 euid=1000 suid=1000 fsuid=1000 egid=1000 sgid=1000 fsgid=1000 tty=(none) ses=19 comm="iptables" exe="/usr/sbin/xtables-nft-multi" key=(null)
2026-08-18T23:44:16+02:00 nezha audit: PROCTITLE proctitle=69707461626C6573002D2D617070656E64004F5554505554002D6F0074756E30002D6A00414343455054
2026-08-18T23:44:16+02:00 nezha audit[3111139]: NETFILTER_CFG table=filter:9977 family=10 entries=1 op=nft_register_rule pid=3111139 comm="ip6tables"
2026-08-18T23:44:16+02:00 nezha audit[3111139]: SYSCALL arch=c000003e syscall=46 success=yes exit=292 a0=3 a1=7fff9064f880 a2=0 a3=0 items=0 ppid=1669414 pid=3111139 auid=1000 uid=1000 gid=1000 euid=1000 suid=1000 fsuid=1000 egid=1000 sgid=1000 fsgid=1000 tty=(none) ses=19 comm="ip6tables" exe="/usr/sbin/xtables-nft-multi" key=(null)
2026-08-18T23:44:16+02:00 nezha audit: PROCTITLE proctitle=6970367461626C6573002D2D617070656E64004F5554505554002D6F0074756E30002D6A00414343455054
2026-08-18T23:44:22+02:00 nezha audit[3111641]: NETFILTER_CFG table=filter:9978 family=2 entries=1 op=nft_unregister_rule pid=3111641 comm="iptables"
2026-08-18T23:44:22+02:00 nezha audit[3111641]: SYSCALL arch=c000003e syscall=46 success=yes exit=584 a0=3 a1=7fff21ccfef0 a2=0 a3=0 items=0 ppid=1669414 pid=3111641 auid=1000 uid=1000 gid=1000 euid=1000 suid=1000 fsuid=1000 egid=1000 sgid=1000 fsgid=1000 tty=(none) ses=19 comm="iptables" exe="/usr/sbin/xtables-nft-multi" key=(null)
2026-08-18T23:44:22+02:00 nezha audit: PROCTITLE proctitle=69707461626C6573002D740066696C746572002D44004F55545055540034
2026-08-18T23:44:22+02:00 nezha kernel: kauditd_printk_skb: 8 callbacks suppressed
2026-08-18T23:44:22+02:00 nezha kernel: audit: type=1325 audit(1787089462.664:11246): table=filter:9978 family=2 entries=1 op=nft_unregister_rule pid=3111641 comm="iptables"
2026-08-18T23:44:22+02:00 nezha kernel: audit: type=1300 audit(1787089462.664:11246): arch=c000003e syscall=46 success=yes exit=584 a0=3 a1=7fff21ccfef0 a2=0 a3=0 items=0 ppid=1669414 pid=3111641 auid=1000 uid=1000 gid=1000 euid=1000 suid=1000 fsuid=1000 egid=1000 sgid=1000 fsgid=1000 tty=(none) ses=19 comm="iptables" exe="/usr/sbin/xtables-nft-multi" key=(null)
2026-08-18T23:44:22+02:00 nezha kernel: audit: type=1327 audit(1787089462.664:11246): proctitle=69707461626C6573002D740066696C746572002D44004F55545055540034
2026-08-18T23:44:22+02:00 nezha audit[3111645]: NETFILTER_CFG table=filter:9979 family=2 entries=1 op=nft_unregister_rule pid=3111645 comm="iptables"
2026-08-18T23:44:22+02:00 nezha audit[3111645]: SYSCALL arch=c000003e syscall=46 success=yes exit=296 a0=3 a1=7ffea4f61090 a2=0 a3=0 items=0 ppid=1669414 pid=3111645 auid=1000 uid=1000 gid=1000 euid=1000 suid=1000 fsuid=1000 egid=1000 sgid=1000 fsgid=1000 tty=(none) ses=19 comm="iptables" exe="/usr/sbin/xtables-nft-multi" key=(null)
2026-08-18T23:44:22+02:00 nezha audit: PROCTITLE proctitle=69707461626C6573002D740066696C746572002D44004F55545055540034
2026-08-18T23:44:22+02:00 nezha kernel: audit: type=1325 audit(1787089462.676:11247): table=filter:9979 family=2 entries=1 op=nft_unregister_rule pid=3111645 comm="iptables"
2026-08-18T23:44:22+02:00 nezha kernel: audit: type=1300 audit(1787089462.676:11247): arch=c000003e syscall=46 success=yes exit=296 a0=3 a1=7ffea4f61090 a2=0 a3=0 items=0 ppid=1669414 pid=3111645 auid=1000 uid=1000 gid=1000 euid=1000 suid=1000 fsuid=1000 egid=1000 sgid=1000 fsgid=1000 tty=(none) ses=19 comm="iptables" exe="/usr/sbin/xtables-nft-multi" key=(null)
2026-08-18T23:44:22+02:00 nezha kernel: audit: type=1327 audit(1787089462.676:11247): proctitle=69707461626C6573002D740066696C746572002D44004F55545055540034
2026-08-18T23:44:22+02:00 nezha audit[3111647]: NETFILTER_CFG table=filter:9980 family=10 entries=1 op=nft_unregister_rule pid=3111647 comm="ip6tables"
2026-08-18T23:44:22+02:00 nezha audit[3111647]: SYSCALL arch=c000003e syscall=46 success=yes exit=296 a0=3 a1=7ffe214436a0 a2=0 a3=0 items=0 ppid=1669414 pid=3111647 auid=1000 uid=1000 gid=1000 euid=1000 suid=1000 fsuid=1000 egid=1000 sgid=1000 fsgid=1000 tty=(none) ses=19 comm="ip6tables" exe="/usr/sbin/xtables-nft-multi" key=(null)
2026-08-18T23:44:22+02:00 nezha audit: PROCTITLE proctitle=6970367461626C6573002D740066696C746572002D44004F55545055540035
2026-08-18T23:44:22+02:00 nezha kernel: audit: type=1325 audit(1787089462.686:11248): table=filter:9980 family=10 entries=1 op=nft_unregister_rule pid=3111647 comm="ip6tables"
2026-08-18T23:44:22+02:00 nezha kernel: audit: type=1300 audit(1787089462.686:11248): arch=c000003e syscall=46 success=yes exit=296 a0=3 a1=7ffe214436a0 a2=0 a3=0 items=0 ppid=1669414 pid=3111647 auid=1000 uid=1000 gid=1000 euid=1000 suid=1000 fsuid=1000 egid=1000 sgid=1000 fsgid=1000 tty=(none) ses=19 comm="ip6tables" exe="/usr/sbin/xtables-nft-multi" key=(null)
2026-08-18T23:44:22+02:00 nezha kernel: audit: type=1327 audit(1787089462.686:11248): proctitle=6970367461626C6573002D740066696C746572002D44004F55545055540035
2026-08-18T23:44:22+02:00 nezha audit[3111649]: NETFILTER_CFG table=filter:9981 family=2 entries=1 op=nft_register_rule pid=3111649 comm="iptables"
2026-08-18T23:44:22+02:00 nezha audit[3111649]: SYSCALL arch=c000003e syscall=46 success=yes exit=580 a0=3 a1=7ffed9aa2990 a2=0 a3=0 items=0 ppid=1669414 pid=3111649 auid=1000 uid=1000 gid=1000 euid=1000 suid=1000 fsuid=1000 egid=1000 sgid=1000 fsgid=1000 tty=(none) ses=19 comm="iptables" exe="/usr/sbin/xtables-nft-multi" key=(null)
2026-08-18T23:44:22+02:00 nezha audit: PROCTITLE proctitle=69707461626C6573002D2D617070656E64004F5554505554002D64003138352E3139352E3233322E3639002D6F0065746830002D7000756470002D6D00756470002D2D64706F7274003531383230002D6A00414343455054
2026-08-18T23:44:22+02:00 nezha kernel: audit: type=1325 audit(1787089462.699:11249): table=filter:9981 family=2 entries=1 op=nft_register_rule pid=3111649 comm="iptables"
2026-08-18T23:44:22+02:00 nezha audit[3111652]: NETFILTER_CFG table=filter:9982 family=2 entries=1 op=nft_register_rule pid=3111652 comm="iptables"
2026-08-18T23:44:22+02:00 nezha audit[3111652]: SYSCALL arch=c000003e syscall=46 success=yes exit=292 a0=3 a1=7ffd82fc1f90 a2=0 a3=0 items=0 ppid=1669414 pid=3111652 auid=1000 uid=1000 gid=1000 euid=1000 suid=1000 fsuid=1000 egid=1000 sgid=1000 fsgid=1000 tty=(none) ses=19 comm="iptables" exe="/usr/sbin/xtables-nft-multi" key=(null)
2026-08-18T23:44:22+02:00 nezha audit: PROCTITLE proctitle=69707461626C6573002D2D617070656E64004F5554505554002D6F0074756E30002D6A00414343455054
2026-08-18T23:44:22+02:00 nezha audit[3111653]: NETFILTER_CFG table=filter:9983 family=10 entries=1 op=nft_register_rule pid=3111653 comm="ip6tables"
2026-08-18T23:44:22+02:00 nezha audit[3111653]: SYSCALL arch=c000003e syscall=46 success=yes exit=292 a0=3 a1=7ffce5cf6250 a2=0 a3=0 items=0 ppid=1669414 pid=3111653 auid=1000 uid=1000 gid=1000 euid=1000 suid=1000 fsuid=1000 egid=1000 sgid=1000 fsgid=1000 tty=(none) ses=19 comm="ip6tables" exe="/usr/sbin/xtables-nft-multi" key=(null)
2026-08-18T23:44:22+02:00 nezha audit: PROCTITLE proctitle=6970367461626C6573002D2D617070656E64004F5554505554002D6F0074756E30002D6A00414343455054
2026-08-18T23:44:28+02:00 nezha audit[3111727]: NETFILTER_CFG table=filter:9984 family=2 entries=1 op=nft_unregister_rule pid=3111727 comm="iptables"
2026-08-18T23:44:28+02:00 nezha audit[3111727]: SYSCALL arch=c000003e syscall=46 success=yes exit=584 a0=3 a1=7ffc1f5408b0 a2=0 a3=0 items=0 ppid=1669414 pid=3111727 auid=1000 uid=1000 gid=1000 euid=1000 suid=1000 fsuid=1000 egid=1000 sgid=1000 fsgid=1000 tty=(none) ses=19 comm="iptables" exe="/usr/sbin/xtables-nft-multi" key=(null)
2026-08-18T23:44:28+02:00 nezha audit: PROCTITLE proctitle=69707461626C6573002D740066696C746572002D44004F55545055540034
2026-08-18T23:44:28+02:00 nezha kernel: kauditd_printk_skb: 8 callbacks suppressed
2026-08-18T23:44:28+02:00 nezha kernel: audit: type=1325 audit(1787089468.894:11252): table=filter:9984 family=2 entries=1 op=nft_unregister_rule pid=3111727 comm="iptables"
2026-08-18T23:44:28+02:00 nezha kernel: audit: type=1300 audit(1787089468.894:11252): arch=c000003e syscall=46 success=yes exit=584 a0=3 a1=7ffc1f5408b0 a2=0 a3=0 items=0 ppid=1669414 pid=3111727 auid=1000 uid=1000 gid=1000 euid=1000 suid=1000 fsuid=1000 egid=1000 sgid=1000 fsgid=1000 tty=(none) ses=19 comm="iptables" exe="/usr/sbin/xtables-nft-multi" key=(null)
2026-08-18T23:44:28+02:00 nezha kernel: audit: type=1327 audit(1787089468.894:11252): proctitle=69707461626C6573002D740066696C746572002D44004F55545055540034
2026-08-18T23:44:28+02:00 nezha audit[3111731]: NETFILTER_CFG table=filter:9985 family=2 entries=1 op=nft_unregister_rule pid=3111731 comm="iptables"
2026-08-18T23:44:28+02:00 nezha audit[3111731]: SYSCALL arch=c000003e syscall=46 success=yes exit=296 a0=3 a1=7fff0eb710c0 a2=0 a3=0 items=0 ppid=1669414 pid=3111731 auid=1000 uid=1000 gid=1000 euid=1000 suid=1000 fsuid=1000 egid=1000 sgid=1000 fsgid=1000 tty=(none) ses=19 comm="iptables" exe="/usr/sbin/xtables-nft-multi" key=(null)
2026-08-18T23:44:28+02:00 nezha audit: PROCTITLE proctitle=69707461626C6573002D740066696C746572002D44004F55545055540034
2026-08-18T23:44:28+02:00 nezha kernel: audit: type=1325 audit(1787089468.905:11253): table=filter:9985 family=2 entries=1 op=nft_unregister_rule pid=3111731 comm="iptables"
2026-08-18T23:44:28+02:00 nezha kernel: audit: type=1300 audit(1787089468.905:11253): arch=c000003e syscall=46 success=yes exit=296 a0=3 a1=7fff0eb710c0 a2=0 a3=0 items=0 ppid=1669414 pid=3111731 auid=1000 uid=1000 gid=1000 euid=1000 suid=1000 fsuid=1000 egid=1000 sgid=1000 fsgid=1000 tty=(none) ses=19 comm="iptables" exe="/usr/sbin/xtables-nft-multi" key=(null)
2026-08-18T23:44:28+02:00 nezha kernel: audit: type=1327 audit(1787089468.905:11253): proctitle=69707461626C6573002D740066696C746572002D44004F55545055540034
2026-08-18T23:44:28+02:00 nezha audit[3111733]: NETFILTER_CFG table=filter:9986 family=10 entries=1 op=nft_unregister_rule pid=3111733 comm="ip6tables"
2026-08-18T23:44:28+02:00 nezha audit[3111733]: SYSCALL arch=c000003e syscall=46 success=yes exit=296 a0=3 a1=7ffeca188e80 a2=0 a3=0 items=0 ppid=1669414 pid=3111733 auid=1000 uid=1000 gid=1000 euid=1000 suid=1000 fsuid=1000 egid=1000 sgid=1000 fsgid=1000 tty=(none) ses=19 comm="ip6tables" exe="/usr/sbin/xtables-nft-multi" key=(null)
2026-08-18T23:44:28+02:00 nezha audit: PROCTITLE proctitle=6970367461626C6573002D740066696C746572002D44004F55545055540035
2026-08-18T23:44:28+02:00 nezha kernel: audit: type=1325 audit(1787089468.918:11254): table=filter:9986 family=10 entries=1 op=nft_unregister_rule pid=3111733 comm="ip6tables"
2026-08-18T23:44:28+02:00 nezha kernel: audit: type=1300 audit(1787089468.918:11254): arch=c000003e syscall=46 success=yes exit=296 a0=3 a1=7ffeca188e80 a2=0 a3=0 items=0 ppid=1669414 pid=3111733 auid=1000 uid=1000 gid=1000 euid=1000 suid=1000 fsuid=1000 egid=1000 sgid=1000 fsgid=1000 tty=(none) ses=19 comm="ip6tables" exe="/usr/sbin/xtables-nft-multi" key=(null)
2026-08-18T23:44:28+02:00 nezha kernel: audit: type=1327 audit(1787089468.918:11254): proctitle=6970367461626C6573002D740066696C746572002D44004F55545055540035
2026-08-18T23:44:28+02:00 nezha audit[3111735]: NETFILTER_CFG table=filter:9987 family=2 entries=1 op=nft_register_rule pid=3111735 comm="iptables"
2026-08-18T23:44:28+02:00 nezha audit[3111735]: SYSCALL arch=c000003e syscall=46 success=yes exit=580 a0=3 a1=7ffe0364cdf0 a2=0 a3=0 items=0 ppid=1669414 pid=3111735 auid=1000 uid=1000 gid=1000 euid=1000 suid=1000 fsuid=1000 egid=1000 sgid=1000 fsgid=1000 tty=(none) ses=19 comm="iptables" exe="/usr/sbin/xtables-nft-multi" key=(null)
2026-08-18T23:44:28+02:00 nezha audit: PROCTITLE proctitle=69707461626C6573002D2D617070656E64004F5554505554002D640032332E3136382E3231362E313237002D6F0065746830002D7000756470002D6D00756470002D2D64706F7274003531383230002D6A00414343455054
2026-08-18T23:44:28+02:00 nezha kernel: audit: type=1325 audit(1787089468.927:11255): table=filter:9987 family=2 entries=1 op=nft_register_rule pid=3111735 comm="iptables"
2026-08-18T23:44:28+02:00 nezha audit[3111738]: NETFILTER_CFG table=filter:9988 family=2 entries=1 op=nft_register_rule pid=3111738 comm="iptables"
2026-08-18T23:44:28+02:00 nezha audit[3111738]: SYSCALL arch=c000003e syscall=46 success=yes exit=292 a0=3 a1=7fff1101ccb0 a2=0 a3=0 items=0 ppid=1669414 pid=3111738 auid=1000 uid=1000 gid=1000 euid=1000 suid=1000 fsuid=1000 egid=1000 sgid=1000 fsgid=1000 tty=(none) ses=19 comm="iptables" exe="/usr/sbin/xtables-nft-multi" key=(null)
2026-08-18T23:44:28+02:00 nezha audit: PROCTITLE proctitle=69707461626C6573002D2D617070656E64004F5554505554002D6F0074756E30002D6A00414343455054
2026-08-18T23:44:28+02:00 nezha audit[3111739]: NETFILTER_CFG table=filter:9989 family=10 entries=1 op=nft_register_rule pid=3111739 comm="ip6tables"
2026-08-18T23:44:28+02:00 nezha audit[3111739]: SYSCALL arch=c000003e syscall=46 success=yes exit=292 a0=3 a1=7fffd2bcfef0 a2=0 a3=0 items=0 ppid=1669414 pid=3111739 auid=1000 uid=1000 gid=1000 euid=1000 suid=1000 fsuid=1000 egid=1000 sgid=1000 fsgid=1000 tty=(none) ses=19 comm="ip6tables" exe="/usr/sbin/xtables-nft-multi" key=(null)
2026-08-18T23:44:28+02:00 nezha audit: PROCTITLE proctitle=6970367461626C6573002D2D617070656E64004F5554505554002D6F0074756E30002D6A00414343455054
2026-08-18T23:44:35+02:00 nezha audit[3111972]: NETFILTER_CFG table=filter:9990 family=2 entries=1 op=nft_unregister_rule pid=3111972 comm="iptables"
2026-08-18T23:44:35+02:00 nezha audit[3111972]: SYSCALL arch=c000003e syscall=46 success=yes exit=584 a0=3 a1=7fff49f6d140 a2=0 a3=0 items=0 ppid=1669414 pid=3111972 auid=1000 uid=1000 gid=1000 euid=1000 suid=1000 fsuid=1000 egid=1000 sgid=1000 fsgid=1000 tty=(none) ses=19 comm="iptables" exe="/usr/sbin/xtables-nft-multi" key=(null)
2026-08-18T23:44:35+02:00 nezha audit: PROCTITLE proctitle=69707461626C6573002D740066696C746572002D44004F55545055540034
2026-08-18T23:44:35+02:00 nezha kernel: kauditd_printk_skb: 8 callbacks suppressed
2026-08-18T23:44:35+02:00 nezha kernel: audit: type=1325 audit(1787089475.102:11258): table=filter:9990 family=2 entries=1 op=nft_unregister_rule pid=3111972 comm="iptables"
2026-08-18T23:44:35+02:00 nezha kernel: audit: type=1300 audit(1787089475.102:11258): arch=c000003e syscall=46 success=yes exit=584 a0=3 a1=7fff49f6d140 a2=0 a3=0 items=0 ppid=1669414 pid=3111972 auid=1000 uid=1000 gid=1000 euid=1000 suid=1000 fsuid=1000 egid=1000 sgid=1000 fsgid=1000 tty=(none) ses=19 comm="iptables" exe="/usr/sbin/xtables-nft-multi" key=(null)
2026-08-18T23:44:35+02:00 nezha kernel: audit: type=1327 audit(1787089475.102:11258): proctitle=69707461626C6573002D740066696C746572002D44004F55545055540034
2026-08-18T23:44:35+02:00 nezha audit[3111976]: NETFILTER_CFG table=filter:9991 family=2 entries=1 op=nft_unregister_rule pid=3111976 comm="iptables"
2026-08-18T23:44:35+02:00 nezha audit[3111976]: SYSCALL arch=c000003e syscall=46 success=yes exit=296 a0=3 a1=7fffb8558b50 a2=0 a3=0 items=0 ppid=1669414 pid=3111976 auid=1000 uid=1000 gid=1000 euid=1000 suid=1000 fsuid=1000 egid=1000 sgid=1000 fsgid=1000 tty=(none) ses=19 comm="iptables" exe="/usr/sbin/xtables-nft-multi" key=(null)
2026-08-18T23:44:35+02:00 nezha audit: PROCTITLE proctitle=69707461626C6573002D740066696C746572002D44004F55545055540034
2026-08-18T23:44:35+02:00 nezha kernel: audit: type=1325 audit(1787089475.114:11259): table=filter:9991 family=2 entries=1 op=nft_unregister_rule pid=3111976 comm="iptables"
2026-08-18T23:44:35+02:00 nezha kernel: audit: type=1300 audit(1787089475.114:11259): arch=c000003e syscall=46 success=yes exit=296 a0=3 a1=7fffb8558b50 a2=0 a3=0 items=0 ppid=1669414 pid=3111976 auid=1000 uid=1000 gid=1000 euid=1000 suid=1000 fsuid=1000 egid=1000 sgid=1000 fsgid=1000 tty=(none) ses=19 comm="iptables" exe="/usr/sbin/xtables-nft-multi" key=(null)
2026-08-18T23:44:35+02:00 nezha kernel: audit: type=1327 audit(1787089475.114:11259): proctitle=69707461626C6573002D740066696C746572002D44004F55545055540034
2026-08-18T23:44:35+02:00 nezha audit[3111978]: NETFILTER_CFG table=filter:9992 family=10 entries=1 op=nft_unregister_rule pid=3111978 comm="ip6tables"
2026-08-18T23:44:35+02:00 nezha audit[3111978]: SYSCALL arch=c000003e syscall=46 success=yes exit=296 a0=3 a1=7ffce9757730 a2=0 a3=0 items=0 ppid=1669414 pid=3111978 auid=1000 uid=1000 gid=1000 euid=1000 suid=1000 fsuid=1000 egid=1000 sgid=1000 fsgid=1000 tty=(none) ses=19 comm="ip6tables" exe="/usr/sbin/xtables-nft-multi" key=(null)
2026-08-18T23:44:35+02:00 nezha audit: PROCTITLE proctitle=6970367461626C6573002D740066696C746572002D44004F55545055540035
2026-08-18T23:44:35+02:00 nezha kernel: audit: type=1325 audit(1787089475.125:11260): table=filter:9992 family=10 entries=1 op=nft_unregister_rule pid=3111978 comm="ip6tables"
2026-08-18T23:44:35+02:00 nezha kernel: audit: type=1300 audit(1787089475.125:11260): arch=c000003e syscall=46 success=yes exit=296 a0=3 a1=7ffce9757730 a2=0 a3=0 items=0 ppid=1669414 pid=3111978 auid=1000 uid=1000 gid=1000 euid=1000 suid=1000 fsuid=1000 egid=1000 sgid=1000 fsgid=1000 tty=(none) ses=19 comm="ip6tables" exe="/usr/sbin/xtables-nft-multi" key=(null)
2026-08-18T23:44:35+02:00 nezha kernel: audit: type=1327 audit(1787089475.125:11260): proctitle=6970367461626C6573002D740066696C746572002D44004F55545055540035
2026-08-18T23:44:35+02:00 nezha audit[3111980]: NETFILTER_CFG table=filter:9993 family=2 entries=1 op=nft_register_rule pid=3111980 comm="iptables"
2026-08-18T23:44:35+02:00 nezha audit[3111980]: SYSCALL arch=c000003e syscall=46 success=yes exit=580 a0=3 a1=7fff68484700 a2=0 a3=0 items=0 ppid=1669414 pid=3111980 auid=1000 uid=1000 gid=1000 euid=1000 suid=1000 fsuid=1000 egid=1000 sgid=1000 fsgid=1000 tty=(none) ses=19 comm="iptables" exe="/usr/sbin/xtables-nft-multi" key=(null)
2026-08-18T23:44:35+02:00 nezha audit: PROCTITLE proctitle=69707461626C6573002D2D617070656E64004F5554505554002D640032332E3233342E37312E313237002D6F0065746830002D7000756470002D6D00756470002D2D64706F7274003531383230002D6A00414343455054
2026-08-18T23:44:35+02:00 nezha kernel: audit: type=1325 audit(1787089475.138:11261): table=filter:9993 family=2 entries=1 op=nft_register_rule pid=3111980 comm="iptables"
2026-08-18T23:44:35+02:00 nezha audit[3111983]: NETFILTER_CFG table=filter:9994 family=2 entries=1 op=nft_register_rule pid=3111983 comm="iptables"
2026-08-18T23:44:35+02:00 nezha audit[3111983]: SYSCALL arch=c000003e syscall=46 success=yes exit=292 a0=3 a1=7ffd831e6e50 a2=0 a3=0 items=0 ppid=1669414 pid=3111983 auid=1000 uid=1000 gid=1000 euid=1000 suid=1000 fsuid=1000 egid=1000 sgid=1000 fsgid=1000 tty=(none) ses=19 comm="iptables" exe="/usr/sbin/xtables-nft-multi" key=(null)
2026-08-18T23:44:35+02:00 nezha audit: PROCTITLE proctitle=69707461626C6573002D2D617070656E64004F5554505554002D6F0074756E30002D6A00414343455054
2026-08-18T23:44:35+02:00 nezha audit[3111984]: NETFILTER_CFG table=filter:9995 family=10 entries=1 op=nft_register_rule pid=3111984 comm="ip6tables"
2026-08-18T23:44:35+02:00 nezha audit[3111984]: SYSCALL arch=c000003e syscall=46 success=yes exit=292 a0=3 a1=7ffe5cfd11f0 a2=0 a3=0 items=0 ppid=1669414 pid=3111984 auid=1000 uid=1000 gid=1000 euid=1000 suid=1000 fsuid=1000 egid=1000 sgid=1000 fsgid=1000 tty=(none) ses=19 comm="ip6tables" exe="/usr/sbin/xtables-nft-multi" key=(null)
2026-08-18T23:44:35+02:00 nezha audit: PROCTITLE proctitle=6970367461626C6573002D2D617070656E64004F5554505554002D6F0074756E30002D6A00414343455054
2026-08-18T23:44:41+02:00 nezha audit[3112268]: NETFILTER_CFG table=filter:9996 family=2 entries=1 op=nft_unregister_rule pid=3112268 comm="iptables"
2026-08-18T23:44:41+02:00 nezha audit[3112268]: SYSCALL arch=c000003e syscall=46 success=yes exit=584 a0=3 a1=7ffd3e1340b0 a2=0 a3=0 items=0 ppid=1669414 pid=3112268 auid=1000 uid=1000 gid=1000 euid=1000 suid=1000 fsuid=1000 egid=1000 sgid=1000 fsgid=1000 tty=(none) ses=19 comm="iptables" exe="/usr/sbin/xtables-nft-multi" key=(null)
2026-08-18T23:44:41+02:00 nezha audit: PROCTITLE proctitle=69707461626C6573002D740066696C746572002D44004F55545055540034
2026-08-18T23:44:41+02:00 nezha kernel: kauditd_printk_skb: 8 callbacks suppressed
2026-08-18T23:44:41+02:00 nezha kernel: audit: type=1325 audit(1787089481.306:11264): table=filter:9996 family=2 entries=1 op=nft_unregister_rule pid=3112268 comm="iptables"
2026-08-18T23:44:41+02:00 nezha kernel: audit: type=1300 audit(1787089481.306:11264): arch=c000003e syscall=46 success=yes exit=584 a0=3 a1=7ffd3e1340b0 a2=0 a3=0 items=0 ppid=1669414 pid=3112268 auid=1000 uid=1000 gid=1000 euid=1000 suid=1000 fsuid=1000 egid=1000 sgid=1000 fsgid=1000 tty=(none) ses=19 comm="iptables" exe="/usr/sbin/xtables-nft-multi" key=(null)
2026-08-18T23:44:41+02:00 nezha kernel: audit: type=1327 audit(1787089481.306:11264): proctitle=69707461626C6573002D740066696C746572002D44004F55545055540034
2026-08-18T23:44:41+02:00 nezha audit[3112272]: NETFILTER_CFG table=filter:9997 family=2 entries=1 op=nft_unregister_rule pid=3112272 comm="iptables"
2026-08-18T23:44:41+02:00 nezha audit[3112272]: SYSCALL arch=c000003e syscall=46 success=yes exit=296 a0=3 a1=7ffc35ab6ed0 a2=0 a3=0 items=0 ppid=1669414 pid=3112272 auid=1000 uid=1000 gid=1000 euid=1000 suid=1000 fsuid=1000 egid=1000 sgid=1000 fsgid=1000 tty=(none) ses=19 comm="iptables" exe="/usr/sbin/xtables-nft-multi" key=(null)
2026-08-18T23:44:41+02:00 nezha audit: PROCTITLE proctitle=69707461626C6573002D740066696C746572002D44004F55545055540034
2026-08-18T23:44:41+02:00 nezha kernel: audit: type=1325 audit(1787089481.322:11265): table=filter:9997 family=2 entries=1 op=nft_unregister_rule pid=3112272 comm="iptables"
2026-08-18T23:44:41+02:00 nezha kernel: audit: type=1300 audit(1787089481.322:11265): arch=c000003e syscall=46 success=yes exit=296 a0=3 a1=7ffc35ab6ed0 a2=0 a3=0 items=0 ppid=1669414 pid=3112272 auid=1000 uid=1000 gid=1000 euid=1000 suid=1000 fsuid=1000 egid=1000 sgid=1000 fsgid=1000 tty=(none) ses=19 comm="iptables" exe="/usr/sbin/xtables-nft-multi" key=(null)
2026-08-18T23:44:41+02:00 nezha kernel: audit: type=1327 audit(1787089481.322:11265): proctitle=69707461626C6573002D740066696C746572002D44004F55545055540034
2026-08-18T23:44:41+02:00 nezha audit[3112274]: NETFILTER_CFG table=filter:9998 family=10 entries=1 op=nft_unregister_rule pid=3112274 comm="ip6tables"
2026-08-18T23:44:41+02:00 nezha audit[3112274]: SYSCALL arch=c000003e syscall=46 success=yes exit=296 a0=3 a1=7ffe94050b90 a2=0 a3=0 items=0 ppid=1669414 pid=3112274 auid=1000 uid=1000 gid=1000 euid=1000 suid=1000 fsuid=1000 egid=1000 sgid=1000 fsgid=1000 tty=(none) ses=19 comm="ip6tables" exe="/usr/sbin/xtables-nft-multi" key=(null)
2026-08-18T23:44:41+02:00 nezha audit: PROCTITLE proctitle=6970367461626C6573002D740066696C746572002D44004F55545055540035
2026-08-18T23:44:41+02:00 nezha kernel: audit: type=1325 audit(1787089481.328:11266): table=filter:9998 family=10 entries=1 op=nft_unregister_rule pid=3112274 comm="ip6tables"
2026-08-18T23:44:41+02:00 nezha kernel: audit: type=1300 audit(1787089481.328:11266): arch=c000003e syscall=46 success=yes exit=296 a0=3 a1=7ffe94050b90 a2=0 a3=0 items=0 ppid=1669414 pid=3112274 auid=1000 uid=1000 gid=1000 euid=1000 suid=1000 fsuid=1000 egid=1000 sgid=1000 fsgid=1000 tty=(none) ses=19 comm="ip6tables" exe="/usr/sbin/xtables-nft-multi" key=(null)
2026-08-18T23:44:41+02:00 nezha kernel: audit: type=1327 audit(1787089481.328:11266): proctitle=6970367461626C6573002D740066696C746572002D44004F55545055540035
2026-08-18T23:44:41+02:00 nezha audit[3112276]: NETFILTER_CFG table=filter:9999 family=2 entries=1 op=nft_register_rule pid=3112276 comm="iptables"
2026-08-18T23:44:41+02:00 nezha audit[3112276]: SYSCALL arch=c000003e syscall=46 success=yes exit=580 a0=3 a1=7ffdbfce9e30 a2=0 a3=0 items=0 ppid=1669414 pid=3112276 auid=1000 uid=1000 gid=1000 euid=1000 suid=1000 fsuid=1000 egid=1000 sgid=1000 fsgid=1000 tty=(none) ses=19 comm="iptables" exe="/usr/sbin/xtables-nft-multi" key=(null)
2026-08-18T23:44:41+02:00 nezha audit: PROCTITLE proctitle=69707461626C6573002D2D617070656E64004F5554505554002D64003130332E3235312E32372E33002D6F0065746830002D7000756470002D6D00756470002D2D64706F7274003531383230002D6A00414343455054
2026-08-18T23:44:41+02:00 nezha kernel: audit: type=1325 audit(1787089481.337:11267): table=filter:9999 family=2 entries=1 op=nft_register_rule pid=3112276 comm="iptables"
2026-08-18T23:44:41+02:00 nezha audit[3112279]: NETFILTER_CFG table=filter:10000 family=2 entries=1 op=nft_register_rule pid=3112279 comm="iptables"
2026-08-18T23:44:41+02:00 nezha audit[3112279]: SYSCALL arch=c000003e syscall=46 success=yes exit=292 a0=3 a1=7ffdb9fcb440 a2=0 a3=0 items=0 ppid=1669414 pid=3112279 auid=1000 uid=1000 gid=1000 euid=1000 suid=1000 fsuid=1000 egid=1000 sgid=1000 fsgid=1000 tty=(none) ses=19 comm="iptables" exe="/usr/sbin/xtables-nft-multi" key=(null)
2026-08-18T23:44:41+02:00 nezha audit: PROCTITLE proctitle=69707461626C6573002D2D617070656E64004F5554505554002D6F0074756E30002D6A00414343455054
2026-08-18T23:44:41+02:00 nezha audit[3112280]: NETFILTER_CFG table=filter:10001 family=10 entries=1 op=nft_register_rule pid=3112280 comm="ip6tables"
2026-08-18T23:44:41+02:00 nezha audit[3112280]: SYSCALL arch=c000003e syscall=46 success=yes exit=292 a0=3 a1=7ffd7f99ff60 a2=0 a3=0 items=0 ppid=1669414 pid=3112280 auid=1000 uid=1000 gid=1000 euid=1000 suid=1000 fsuid=1000 egid=1000 sgid=1000 fsgid=1000 tty=(none) ses=19 comm="ip6tables" exe="/usr/sbin/xtables-nft-multi" key=(null)
2026-08-18T23:44:41+02:00 nezha audit: PROCTITLE proctitle=6970367461626C6573002D2D617070656E64004F5554505554002D6F0074756E30002D6A00414343455054
2026-08-18T23:44:43+02:00 nezha charon[405357]: 15[NET] received packet: from 95.56.227.154[4500] to 10.130.97.20[4500] (92 bytes)
2026-08-18T23:44:43+02:00 nezha charon[405357]: 15[ENC] parsed INFORMATIONAL_V1 request 3557421640 [ HASH N(DPD) ]
2026-08-18T23:44:43+02:00 nezha charon[405357]: 15[ENC] generating INFORMATIONAL_V1 request 632504010 [ HASH N(DPD_ACK) ]
2026-08-18T23:44:43+02:00 nezha charon[405357]: 15[NET] sending packet: from 10.130.97.20[4500] to 95.56.227.154[4500] (92 bytes)
2026-08-18T23:44:47+02:00 nezha audit[3112433]: NETFILTER_CFG table=filter:10002 family=2 entries=1 op=nft_unregister_rule pid=3112433 comm="iptables"
2026-08-18T23:44:47+02:00 nezha audit[3112433]: SYSCALL arch=c000003e syscall=46 success=yes exit=584 a0=3 a1=7ffce4cfb9b0 a2=0 a3=0 items=0 ppid=1669414 pid=3112433 auid=1000 uid=1000 gid=1000 euid=1000 suid=1000 fsuid=1000 egid=1000 sgid=1000 fsgid=1000 tty=(none) ses=19 comm="iptables" exe="/usr/sbin/xtables-nft-multi" key=(null)
2026-08-18T23:44:47+02:00 nezha audit: PROCTITLE proctitle=69707461626C6573002D740066696C746572002D44004F55545055540034
2026-08-18T23:44:47+02:00 nezha kernel: kauditd_printk_skb: 8 callbacks suppressed
2026-08-18T23:44:47+02:00 nezha kernel: audit: type=1325 audit(1787089487.496:11270): table=filter:10002 family=2 entries=1 op=nft_unregister_rule pid=3112433 comm="iptables"
2026-08-18T23:44:47+02:00 nezha kernel: audit: type=1300 audit(1787089487.496:11270): arch=c000003e syscall=46 success=yes exit=584 a0=3 a1=7ffce4cfb9b0 a2=0 a3=0 items=0 ppid=1669414 pid=3112433 auid=1000 uid=1000 gid=1000 euid=1000 suid=1000 fsuid=1000 egid=1000 sgid=1000 fsgid=1000 tty=(none) ses=19 comm="iptables" exe="/usr/sbin/xtables-nft-multi" key=(null)
2026-08-18T23:44:47+02:00 nezha kernel: audit: type=1327 audit(1787089487.496:11270): proctitle=69707461626C6573002D740066696C746572002D44004F55545055540034
2026-08-18T23:44:47+02:00 nezha audit[3112437]: NETFILTER_CFG table=filter:10003 family=2 entries=1 op=nft_unregister_rule pid=3112437 comm="iptables"
2026-08-18T23:44:47+02:00 nezha audit[3112437]: SYSCALL arch=c000003e syscall=46 success=yes exit=296 a0=3 a1=7ffdf0142760 a2=0 a3=0 items=0 ppid=1669414 pid=3112437 auid=1000 uid=1000 gid=1000 euid=1000 suid=1000 fsuid=1000 egid=1000 sgid=1000 fsgid=1000 tty=(none) ses=19 comm="iptables" exe="/usr/sbin/xtables-nft-multi" key=(null)
2026-08-18T23:44:47+02:00 nezha audit: PROCTITLE proctitle=69707461626C6573002D740066696C746572002D44004F55545055540034
2026-08-18T23:44:47+02:00 nezha kernel: audit: type=1325 audit(1787089487.508:11271): table=filter:10003 family=2 entries=1 op=nft_unregister_rule pid=3112437 comm="iptables"
2026-08-18T23:44:47+02:00 nezha kernel: audit: type=1300 audit(1787089487.508:11271): arch=c000003e syscall=46 success=yes exit=296 a0=3 a1=7ffdf0142760 a2=0 a3=0 items=0 ppid=1669414 pid=3112437 auid=1000 uid=1000 gid=1000 euid=1000 suid=1000 fsuid=1000 egid=1000 sgid=1000 fsgid=1000 tty=(none) ses=19 comm="iptables" exe="/usr/sbin/xtables-nft-multi" key=(null)
2026-08-18T23:44:47+02:00 nezha kernel: audit: type=1327 audit(1787089487.508:11271): proctitle=69707461626C6573002D740066696C746572002D44004F55545055540034
2026-08-18T23:44:47+02:00 nezha audit[3112439]: NETFILTER_CFG table=filter:10004 family=10 entries=1 op=nft_unregister_rule pid=3112439 comm="ip6tables"
2026-08-18T23:44:47+02:00 nezha audit[3112439]: SYSCALL arch=c000003e syscall=46 success=yes exit=296 a0=3 a1=7ffd58c0ef00 a2=0 a3=0 items=0 ppid=1669414 pid=3112439 auid=1000 uid=1000 gid=1000 euid=1000 suid=1000 fsuid=1000 egid=1000 sgid=1000 fsgid=1000 tty=(none) ses=19 comm="ip6tables" exe="/usr/sbin/xtables-nft-multi" key=(null)
2026-08-18T23:44:47+02:00 nezha audit: PROCTITLE proctitle=6970367461626C6573002D740066696C746572002D44004F55545055540035
2026-08-18T23:44:47+02:00 nezha kernel: audit: type=1325 audit(1787089487.523:11272): table=filter:10004 family=10 entries=1 op=nft_unregister_rule pid=3112439 comm="ip6tables"
2026-08-18T23:44:47+02:00 nezha kernel: audit: type=1300 audit(1787089487.523:11272): arch=c000003e syscall=46 success=yes exit=296 a0=3 a1=7ffd58c0ef00 a2=0 a3=0 items=0 ppid=1669414 pid=3112439 auid=1000 uid=1000 gid=1000 euid=1000 suid=1000 fsuid=1000 egid=1000 sgid=1000 fsgid=1000 tty=(none) ses=19 comm="ip6tables" exe="/usr/sbin/xtables-nft-multi" key=(null)
2026-08-18T23:44:47+02:00 nezha kernel: audit: type=1327 audit(1787089487.523:11272): proctitle=6970367461626C6573002D740066696C746572002D44004F55545055540035
2026-08-18T23:44:47+02:00 nezha audit[3112441]: NETFILTER_CFG table=filter:10005 family=2 entries=1 op=nft_register_rule pid=3112441 comm="iptables"
2026-08-18T23:44:47+02:00 nezha audit[3112441]: SYSCALL arch=c000003e syscall=46 success=yes exit=580 a0=3 a1=7ffc6041d5f0 a2=0 a3=0 items=0 ppid=1669414 pid=3112441 auid=1000 uid=1000 gid=1000 euid=1000 suid=1000 fsuid=1000 egid=1000 sgid=1000 fsgid=1000 tty=(none) ses=19 comm="iptables" exe="/usr/sbin/xtables-nft-multi" key=(null)
2026-08-18T23:44:47+02:00 nezha audit: PROCTITLE proctitle=69707461626C6573002D2D617070656E64004F5554505554002D64003134332E3234342E34372E3738002D6F0065746830002D7000756470002D6D00756470002D2D64706F7274003531383230002D6A00414343455054
2026-08-18T23:44:47+02:00 nezha kernel: audit: type=1325 audit(1787089487.531:11273): table=filter:10005 family=2 entries=1 op=nft_register_rule pid=3112441 comm="iptables"
2026-08-18T23:44:47+02:00 nezha audit[3112444]: NETFILTER_CFG table=filter:10006 family=2 entries=1 op=nft_register_rule pid=3112444 comm="iptables"
2026-08-18T23:44:47+02:00 nezha audit[3112444]: SYSCALL arch=c000003e syscall=46 success=yes exit=292 a0=3 a1=7ffe4d98d790 a2=0 a3=0 items=0 ppid=1669414 pid=3112444 auid=1000 uid=1000 gid=1000 euid=1000 suid=1000 fsuid=1000 egid=1000 sgid=1000 fsgid=1000 tty=(none) ses=19 comm="iptables" exe="/usr/sbin/xtables-nft-multi" key=(null)
2026-08-18T23:44:47+02:00 nezha audit: PROCTITLE proctitle=69707461626C6573002D2D617070656E64004F5554505554002D6F0074756E30002D6A00414343455054
2026-08-18T23:44:47+02:00 nezha audit[3112445]: NETFILTER_CFG table=filter:10007 family=10 entries=1 op=nft_register_rule pid=3112445 comm="ip6tables"
2026-08-18T23:44:47+02:00 nezha audit[3112445]: SYSCALL arch=c000003e syscall=46 success=yes exit=292 a0=3 a1=7ffefe7bee10 a2=0 a3=0 items=0 ppid=1669414 pid=3112445 auid=1000 uid=1000 gid=1000 euid=1000 suid=1000 fsuid=1000 egid=1000 sgid=1000 fsgid=1000 tty=(none) ses=19 comm="ip6tables" exe="/usr/sbin/xtables-nft-multi" key=(null)
2026-08-18T23:44:47+02:00 nezha audit: PROCTITLE proctitle=6970367461626C6573002D2D617070656E64004F5554505554002D6F0074756E30002D6A00414343455054
2026-08-18T23:44:53+02:00 nezha audit[3112793]: NETFILTER_CFG table=filter:10008 family=2 entries=1 op=nft_unregister_rule pid=3112793 comm="iptables"
2026-08-18T23:44:53+02:00 nezha audit[3112793]: SYSCALL arch=c000003e syscall=46 success=yes exit=584 a0=3 a1=7fff105fe4b0 a2=0 a3=0 items=0 ppid=1669414 pid=3112793 auid=1000 uid=1000 gid=1000 euid=1000 suid=1000 fsuid=1000 egid=1000 sgid=1000 fsgid=1000 tty=(none) ses=19 comm="iptables" exe="/usr/sbin/xtables-nft-multi" key=(null)
2026-08-18T23:44:53+02:00 nezha audit: PROCTITLE proctitle=69707461626C6573002D740066696C746572002D44004F55545055540034
2026-08-18T23:44:53+02:00 nezha kernel: kauditd_printk_skb: 8 callbacks suppressed
2026-08-18T23:44:53+02:00 nezha kernel: audit: type=1325 audit(1787089493.695:11276): table=filter:10008 family=2 entries=1 op=nft_unregister_rule pid=3112793 comm="iptables"
2026-08-18T23:44:53+02:00 nezha kernel: audit: type=1300 audit(1787089493.695:11276): arch=c000003e syscall=46 success=yes exit=584 a0=3 a1=7fff105fe4b0 a2=0 a3=0 items=0 ppid=1669414 pid=3112793 auid=1000 uid=1000 gid=1000 euid=1000 suid=1000 fsuid=1000 egid=1000 sgid=1000 fsgid=1000 tty=(none) ses=19 comm="iptables" exe="/usr/sbin/xtables-nft-multi" key=(null)
2026-08-18T23:44:53+02:00 nezha kernel: audit: type=1327 audit(1787089493.695:11276): proctitle=69707461626C6573002D740066696C746572002D44004F55545055540034
2026-08-18T23:44:53+02:00 nezha audit[3112797]: NETFILTER_CFG table=filter:10009 family=2 entries=1 op=nft_unregister_rule pid=3112797 comm="iptables"
2026-08-18T23:44:53+02:00 nezha audit[3112797]: SYSCALL arch=c000003e syscall=46 success=yes exit=296 a0=3 a1=7ffd6cf506b0 a2=0 a3=0 items=0 ppid=1669414 pid=3112797 auid=1000 uid=1000 gid=1000 euid=1000 suid=1000 fsuid=1000 egid=1000 sgid=1000 fsgid=1000 tty=(none) ses=19 comm="iptables" exe="/usr/sbin/xtables-nft-multi" key=(null)
2026-08-18T23:44:53+02:00 nezha audit: PROCTITLE proctitle=69707461626C6573002D740066696C746572002D44004F55545055540034
2026-08-18T23:44:53+02:00 nezha kernel: audit: type=1325 audit(1787089493.709:11277): table=filter:10009 family=2 entries=1 op=nft_unregister_rule pid=3112797 comm="iptables"
2026-08-18T23:44:53+02:00 nezha kernel: audit: type=1300 audit(1787089493.709:11277): arch=c000003e syscall=46 success=yes exit=296 a0=3 a1=7ffd6cf506b0 a2=0 a3=0 items=0 ppid=1669414 pid=3112797 auid=1000 uid=1000 gid=1000 euid=1000 suid=1000 fsuid=1000 egid=1000 sgid=1000 fsgid=1000 tty=(none) ses=19 comm="iptables" exe="/usr/sbin/xtables-nft-multi" key=(null)
2026-08-18T23:44:53+02:00 nezha kernel: audit: type=1327 audit(1787089493.709:11277): proctitle=69707461626C6573002D740066696C746572002D44004F55545055540034
2026-08-18T23:44:53+02:00 nezha audit[3112799]: NETFILTER_CFG table=filter:10010 family=10 entries=1 op=nft_unregister_rule pid=3112799 comm="ip6tables"
2026-08-18T23:44:53+02:00 nezha audit[3112799]: SYSCALL arch=c000003e syscall=46 success=yes exit=296 a0=3 a1=7ffe509d8050 a2=0 a3=0 items=0 ppid=1669414 pid=3112799 auid=1000 uid=1000 gid=1000 euid=1000 suid=1000 fsuid=1000 egid=1000 sgid=1000 fsgid=1000 tty=(none) ses=19 comm="ip6tables" exe="/usr/sbin/xtables-nft-multi" key=(null)
2026-08-18T23:44:53+02:00 nezha audit: PROCTITLE proctitle=6970367461626C6573002D740066696C746572002D44004F55545055540035
2026-08-18T23:44:53+02:00 nezha kernel: audit: type=1325 audit(1787089493.718:11278): table=filter:10010 family=10 entries=1 op=nft_unregister_rule pid=3112799 comm="ip6tables"
2026-08-18T23:44:53+02:00 nezha kernel: audit: type=1300 audit(1787089493.718:11278): arch=c000003e syscall=46 success=yes exit=296 a0=3 a1=7ffe509d8050 a2=0 a3=0 items=0 ppid=1669414 pid=3112799 auid=1000 uid=1000 gid=1000 euid=1000 suid=1000 fsuid=1000 egid=1000 sgid=1000 fsgid=1000 tty=(none) ses=19 comm="ip6tables" exe="/usr/sbin/xtables-nft-multi" key=(null)
2026-08-18T23:44:53+02:00 nezha kernel: audit: type=1327 audit(1787089493.718:11278): proctitle=6970367461626C6573002D740066696C746572002D44004F55545055540035
2026-08-18T23:44:53+02:00 nezha audit[3112801]: NETFILTER_CFG table=filter:10011 family=2 entries=1 op=nft_register_rule pid=3112801 comm="iptables"
2026-08-18T23:44:53+02:00 nezha audit[3112801]: SYSCALL arch=c000003e syscall=46 success=yes exit=580 a0=3 a1=7ffeb69f5670 a2=0 a3=0 items=0 ppid=1669414 pid=3112801 auid=1000 uid=1000 gid=1000 euid=1000 suid=1000 fsuid=1000 egid=1000 sgid=1000 fsgid=1000 tty=(none) ses=19 comm="iptables" exe="/usr/sbin/xtables-nft-multi" key=(null)
2026-08-18T23:44:53+02:00 nezha audit: PROCTITLE proctitle=69707461626C6573002D2D617070656E64004F5554505554002D640032332E3233342E37342E313237002D6F0065746830002D7000756470002D6D00756470002D2D64706F7274003531383230002D6A00414343455054
2026-08-18T23:44:53+02:00 nezha kernel: audit: type=1325 audit(1787089493.730:11279): table=filter:10011 family=2 entries=1 op=nft_register_rule pid=3112801 comm="iptables"
2026-08-18T23:44:53+02:00 nezha audit[3112804]: NETFILTER_CFG table=filter:10012 family=2 entries=1 op=nft_register_rule pid=3112804 comm="iptables"
2026-08-18T23:44:53+02:00 nezha audit[3112804]: SYSCALL arch=c000003e syscall=46 success=yes exit=292 a0=3 a1=7ffc0e2c5ea0 a2=0 a3=0 items=0 ppid=1669414 pid=3112804 auid=1000 uid=1000 gid=1000 euid=1000 suid=1000 fsuid=1000 egid=1000 sgid=1000 fsgid=1000 tty=(none) ses=19 comm="iptables" exe="/usr/sbin/xtables-nft-multi" key=(null)
2026-08-18T23:44:53+02:00 nezha audit: PROCTITLE proctitle=69707461626C6573002D2D617070656E64004F5554505554002D6F0074756E30002D6A00414343455054
2026-08-18T23:44:53+02:00 nezha audit[3112805]: NETFILTER_CFG table=filter:10013 family=10 entries=1 op=nft_register_rule pid=3112805 comm="ip6tables"
2026-08-18T23:44:53+02:00 nezha audit[3112805]: SYSCALL arch=c000003e syscall=46 success=yes exit=292 a0=3 a1=7ffef5d70810 a2=0 a3=0 items=0 ppid=1669414 pid=3112805 auid=1000 uid=1000 gid=1000 euid=1000 suid=1000 fsuid=1000 egid=1000 sgid=1000 fsgid=1000 tty=(none) ses=19 comm="ip6tables" exe="/usr/sbin/xtables-nft-multi" key=(null)
2026-08-18T23:44:53+02:00 nezha audit: PROCTITLE proctitle=6970367461626C6573002D2D617070656E64004F5554505554002D6F0074756E30002D6A00414343455054
2026-08-18T23:44:59+02:00 nezha audit[3112868]: NETFILTER_CFG table=filter:10014 family=2 entries=1 op=nft_unregister_rule pid=3112868 comm="iptables"
2026-08-18T23:44:59+02:00 nezha audit[3112868]: SYSCALL arch=c000003e syscall=46 success=yes exit=584 a0=3 a1=7fffb8733dd0 a2=0 a3=0 items=0 ppid=1669414 pid=3112868 auid=1000 uid=1000 gid=1000 euid=1000 suid=1000 fsuid=1000 egid=1000 sgid=1000 fsgid=1000 tty=(none) ses=19 comm="iptables" exe="/usr/sbin/xtables-nft-multi" key=(null)
2026-08-18T23:44:59+02:00 nezha audit: PROCTITLE proctitle=69707461626C6573002D740066696C746572002D44004F55545055540034
2026-08-18T23:44:59+02:00 nezha kernel: kauditd_printk_skb: 8 callbacks suppressed
2026-08-18T23:44:59+02:00 nezha kernel: audit: type=1325 audit(1787089499.908:11282): table=filter:10014 family=2 entries=1 op=nft_unregister_rule pid=3112868 comm="iptables"
2026-08-18T23:44:59+02:00 nezha kernel: audit: type=1300 audit(1787089499.908:11282): arch=c000003e syscall=46 success=yes exit=584 a0=3 a1=7fffb8733dd0 a2=0 a3=0 items=0 ppid=1669414 pid=3112868 auid=1000 uid=1000 gid=1000 euid=1000 suid=1000 fsuid=1000 egid=1000 sgid=1000 fsgid=1000 tty=(none) ses=19 comm="iptables" exe="/usr/sbin/xtables-nft-multi" key=(null)
2026-08-18T23:44:59+02:00 nezha kernel: audit: type=1327 audit(1787089499.908:11282): proctitle=69707461626C6573002D740066696C746572002D44004F55545055540034
2026-08-18T23:44:59+02:00 nezha audit[3112872]: NETFILTER_CFG table=filter:10015 family=2 entries=1 op=nft_unregister_rule pid=3112872 comm="iptables"
2026-08-18T23:44:59+02:00 nezha audit[3112872]: SYSCALL arch=c000003e syscall=46 success=yes exit=296 a0=3 a1=7ffdc70eeeb0 a2=0 a3=0 items=0 ppid=1669414 pid=3112872 auid=1000 uid=1000 gid=1000 euid=1000 suid=1000 fsuid=1000 egid=1000 sgid=1000 fsgid=1000 tty=(none) ses=19 comm="iptables" exe="/usr/sbin/xtables-nft-multi" key=(null)
2026-08-18T23:44:59+02:00 nezha audit: PROCTITLE proctitle=69707461626C6573002D740066696C746572002D44004F55545055540034
2026-08-18T23:44:59+02:00 nezha kernel: audit: type=1325 audit(1787089499.927:11283): table=filter:10015 family=2 entries=1 op=nft_unregister_rule pid=3112872 comm="iptables"
2026-08-18T23:44:59+02:00 nezha kernel: audit: type=1300 audit(1787089499.927:11283): arch=c000003e syscall=46 success=yes exit=296 a0=3 a1=7ffdc70eeeb0 a2=0 a3=0 items=0 ppid=1669414 pid=3112872 auid=1000 uid=1000 gid=1000 euid=1000 suid=1000 fsuid=1000 egid=1000 sgid=1000 fsgid=1000 tty=(none) ses=19 comm="iptables" exe="/usr/sbin/xtables-nft-multi" key=(null)
2026-08-18T23:44:59+02:00 nezha kernel: audit: type=1327 audit(1787089499.927:11283): proctitle=69707461626C6573002D740066696C746572002D44004F55545055540034
2026-08-18T23:44:59+02:00 nezha audit[3112874]: NETFILTER_CFG table=filter:10016 family=10 entries=1 op=nft_unregister_rule pid=3112874 comm="ip6tables"
2026-08-18T23:44:59+02:00 nezha audit[3112874]: SYSCALL arch=c000003e syscall=46 success=yes exit=296 a0=3 a1=7ffd7b076960 a2=0 a3=0 items=0 ppid=1669414 pid=3112874 auid=1000 uid=1000 gid=1000 euid=1000 suid=1000 fsuid=1000 egid=1000 sgid=1000 fsgid=1000 tty=(none) ses=19 comm="ip6tables" exe="/usr/sbin/xtables-nft-multi" key=(null)
2026-08-18T23:44:59+02:00 nezha audit: PROCTITLE proctitle=6970367461626C6573002D740066696C746572002D44004F55545055540035
2026-08-18T23:44:59+02:00 nezha kernel: audit: type=1325 audit(1787089499.940:11284): table=filter:10016 family=10 entries=1 op=nft_unregister_rule pid=3112874 comm="ip6tables"
2026-08-18T23:44:59+02:00 nezha kernel: audit: type=1300 audit(1787089499.940:11284): arch=c000003e syscall=46 success=yes exit=296 a0=3 a1=7ffd7b076960 a2=0 a3=0 items=0 ppid=1669414 pid=3112874 auid=1000 uid=1000 gid=1000 euid=1000 suid=1000 fsuid=1000 egid=1000 sgid=1000 fsgid=1000 tty=(none) ses=19 comm="ip6tables" exe="/usr/sbin/xtables-nft-multi" key=(null)
2026-08-18T23:44:59+02:00 nezha kernel: audit: type=1327 audit(1787089499.940:11284): proctitle=6970367461626C6573002D740066696C746572002D44004F55545055540035
2026-08-18T23:44:59+02:00 nezha audit[3112876]: NETFILTER_CFG table=filter:10017 family=2 entries=1 op=nft_register_rule pid=3112876 comm="iptables"
2026-08-18T23:44:59+02:00 nezha audit[3112876]: SYSCALL arch=c000003e syscall=46 success=yes exit=580 a0=3 a1=7ffd89c088b0 a2=0 a3=0 items=0 ppid=1669414 pid=3112876 auid=1000 uid=1000 gid=1000 euid=1000 suid=1000 fsuid=1000 egid=1000 sgid=1000 fsgid=1000 tty=(none) ses=19 comm="iptables" exe="/usr/sbin/xtables-nft-multi" key=(null)
2026-08-18T23:44:59+02:00 nezha audit: PROCTITLE proctitle=69707461626C6573002D2D617070656E64004F5554505554002D64003134362E37302E3232342E32002D6F0065746830002D7000756470002D6D00756470002D2D64706F7274003531383230002D6A00414343455054
2026-08-18T23:44:59+02:00 nezha kernel: audit: type=1325 audit(1787089499.958:11285): table=filter:10017 family=2 entries=1 op=nft_register_rule pid=3112876 comm="iptables"
2026-08-18T23:44:59+02:00 nezha audit[3112879]: NETFILTER_CFG table=filter:10018 family=2 entries=1 op=nft_register_rule pid=3112879 comm="iptables"
2026-08-18T23:44:59+02:00 nezha audit[3112879]: SYSCALL arch=c000003e syscall=46 success=yes exit=292 a0=3 a1=7fffe256ef50 a2=0 a3=0 items=0 ppid=1669414 pid=3112879 auid=1000 uid=1000 gid=1000 euid=1000 suid=1000 fsuid=1000 egid=1000 sgid=1000 fsgid=1000 tty=(none) ses=19 comm="iptables" exe="/usr/sbin/xtables-nft-multi" key=(null)
2026-08-18T23:44:59+02:00 nezha audit: PROCTITLE proctitle=69707461626C6573002D2D617070656E64004F5554505554002D6F0074756E30002D6A00414343455054
2026-08-18T23:44:59+02:00 nezha audit[3112880]: NETFILTER_CFG table=filter:10019 family=10 entries=1 op=nft_register_rule pid=3112880 comm="ip6tables"
2026-08-18T23:44:59+02:00 nezha audit[3112880]: SYSCALL arch=c000003e syscall=46 success=yes exit=292 a0=3 a1=7ffce44e47d0 a2=0 a3=0 items=0 ppid=1669414 pid=3112880 auid=1000 uid=1000 gid=1000 euid=1000 suid=1000 fsuid=1000 egid=1000 sgid=1000 fsgid=1000 tty=(none) ses=19 comm="ip6tables" exe="/usr/sbin/xtables-nft-multi" key=(null)
2026-08-18T23:44:59+02:00 nezha audit: PROCTITLE proctitle=6970367461626C6573002D2D617070656E64004F5554505554002D6F0074756E30002D6A00414343455054
2026-08-18T23:45:06+02:00 nezha audit[3113006]: NETFILTER_CFG table=filter:10020 family=2 entries=1 op=nft_unregister_rule pid=3113006 comm="iptables"
2026-08-18T23:45:06+02:00 nezha audit[3113006]: SYSCALL arch=c000003e syscall=46 success=yes exit=584 a0=3 a1=7ffde2b8f510 a2=0 a3=0 items=0 ppid=1669414 pid=3113006 auid=1000 uid=1000 gid=1000 euid=1000 suid=1000 fsuid=1000 egid=1000 sgid=1000 fsgid=1000 tty=(none) ses=19 comm="iptables" exe="/usr/sbin/xtables-nft-multi" key=(null)
2026-08-18T23:45:06+02:00 nezha audit: PROCTITLE proctitle=69707461626C6573002D740066696C746572002D44004F55545055540034
2026-08-18T23:45:06+02:00 nezha kernel: kauditd_printk_skb: 8 callbacks suppressed
2026-08-18T23:45:06+02:00 nezha kernel: audit: type=1325 audit(1787089506.123:11288): table=filter:10020 family=2 entries=1 op=nft_unregister_rule pid=3113006 comm="iptables"
2026-08-18T23:45:06+02:00 nezha kernel: audit: type=1300 audit(1787089506.123:11288): arch=c000003e syscall=46 success=yes exit=584 a0=3 a1=7ffde2b8f510 a2=0 a3=0 items=0 ppid=1669414 pid=3113006 auid=1000 uid=1000 gid=1000 euid=1000 suid=1000 fsuid=1000 egid=1000 sgid=1000 fsgid=1000 tty=(none) ses=19 comm="iptables" exe="/usr/sbin/xtables-nft-multi" key=(null)
2026-08-18T23:45:06+02:00 nezha kernel: audit: type=1327 audit(1787089506.123:11288): proctitle=69707461626C6573002D740066696C746572002D44004F55545055540034
2026-08-18T23:45:06+02:00 nezha audit[3113012]: NETFILTER_CFG table=filter:10021 family=2 entries=1 op=nft_unregister_rule pid=3113012 comm="iptables"
2026-08-18T23:45:06+02:00 nezha audit[3113012]: SYSCALL arch=c000003e syscall=46 success=yes exit=296 a0=3 a1=7ffd77ac54e0 a2=0 a3=0 items=0 ppid=1669414 pid=3113012 auid=1000 uid=1000 gid=1000 euid=1000 suid=1000 fsuid=1000 egid=1000 sgid=1000 fsgid=1000 tty=(none) ses=19 comm="iptables" exe="/usr/sbin/xtables-nft-multi" key=(null)
2026-08-18T23:45:06+02:00 nezha audit: PROCTITLE proctitle=69707461626C6573002D740066696C746572002D44004F55545055540034
2026-08-18T23:45:06+02:00 nezha kernel: audit: type=1325 audit(1787089506.139:11289): table=filter:10021 family=2 entries=1 op=nft_unregister_rule pid=3113012 comm="iptables"
2026-08-18T23:45:06+02:00 nezha kernel: audit: type=1300 audit(1787089506.139:11289): arch=c000003e syscall=46 success=yes exit=296 a0=3 a1=7ffd77ac54e0 a2=0 a3=0 items=0 ppid=1669414 pid=3113012 auid=1000 uid=1000 gid=1000 euid=1000 suid=1000 fsuid=1000 egid=1000 sgid=1000 fsgid=1000 tty=(none) ses=19 comm="iptables" exe="/usr/sbin/xtables-nft-multi" key=(null)
2026-08-18T23:45:06+02:00 nezha kernel: audit: type=1327 audit(1787089506.139:11289): proctitle=69707461626C6573002D740066696C746572002D44004F55545055540034
2026-08-18T23:45:06+02:00 nezha audit[3113014]: NETFILTER_CFG table=filter:10022 family=10 entries=1 op=nft_unregister_rule pid=3113014 comm="ip6tables"
2026-08-18T23:45:06+02:00 nezha audit[3113014]: SYSCALL arch=c000003e syscall=46 success=yes exit=296 a0=3 a1=7ffd4e020010 a2=0 a3=0 items=0 ppid=1669414 pid=3113014 auid=1000 uid=1000 gid=1000 euid=1000 suid=1000 fsuid=1000 egid=1000 sgid=1000 fsgid=1000 tty=(none) ses=19 comm="ip6tables" exe="/usr/sbin/xtables-nft-multi" key=(null)
2026-08-18T23:45:06+02:00 nezha audit: PROCTITLE proctitle=6970367461626C6573002D740066696C746572002D44004F55545055540035
2026-08-18T23:45:06+02:00 nezha kernel: audit: type=1325 audit(1787089506.158:11290): table=filter:10022 family=10 entries=1 op=nft_unregister_rule pid=3113014 comm="ip6tables"
2026-08-18T23:45:06+02:00 nezha kernel: audit: type=1300 audit(1787089506.158:11290): arch=c000003e syscall=46 success=yes exit=296 a0=3 a1=7ffd4e020010 a2=0 a3=0 items=0 ppid=1669414 pid=3113014 auid=1000 uid=1000 gid=1000 euid=1000 suid=1000 fsuid=1000 egid=1000 sgid=1000 fsgid=1000 tty=(none) ses=19 comm="ip6tables" exe="/usr/sbin/xtables-nft-multi" key=(null)
2026-08-18T23:45:06+02:00 nezha kernel: audit: type=1327 audit(1787089506.158:11290): proctitle=6970367461626C6573002D740066696C746572002D44004F55545055540035
2026-08-18T23:45:06+02:00 nezha audit[3113016]: NETFILTER_CFG table=filter:10023 family=2 entries=1 op=nft_register_rule pid=3113016 comm="iptables"
2026-08-18T23:45:06+02:00 nezha audit[3113016]: SYSCALL arch=c000003e syscall=46 success=yes exit=580 a0=3 a1=7ffc2229ab40 a2=0 a3=0 items=0 ppid=1669414 pid=3113016 auid=1000 uid=1000 gid=1000 euid=1000 suid=1000 fsuid=1000 egid=1000 sgid=1000 fsgid=1000 tty=(none) ses=19 comm="iptables" exe="/usr/sbin/xtables-nft-multi" key=(null)
2026-08-18T23:45:06+02:00 nezha audit: PROCTITLE proctitle=69707461626C6573002D2D617070656E64004F5554505554002D64003134362E37302E3131372E32002D6F0065746830002D7000756470002D6D00756470002D2D64706F7274003531383230002D6A00414343455054
2026-08-18T23:45:06+02:00 nezha kernel: audit: type=1325 audit(1787089506.174:11291): table=filter:10023 family=2 entries=1 op=nft_register_rule pid=3113016 comm="iptables"
2026-08-18T23:45:06+02:00 nezha audit[3113019]: NETFILTER_CFG table=filter:10024 family=2 entries=1 op=nft_register_rule pid=3113019 comm="iptables"
2026-08-18T23:45:06+02:00 nezha audit[3113019]: SYSCALL arch=c000003e syscall=46 success=yes exit=292 a0=3 a1=7ffc8b611720 a2=0 a3=0 items=0 ppid=1669414 pid=3113019 auid=1000 uid=1000 gid=1000 euid=1000 suid=1000 fsuid=1000 egid=1000 sgid=1000 fsgid=1000 tty=(none) ses=19 comm="iptables" exe="/usr/sbin/xtables-nft-multi" key=(null)
2026-08-18T23:45:06+02:00 nezha audit: PROCTITLE proctitle=69707461626C6573002D2D617070656E64004F5554505554002D6F0074756E30002D6A00414343455054
2026-08-18T23:45:06+02:00 nezha audit[3113020]: NETFILTER_CFG table=filter:10025 family=10 entries=1 op=nft_register_rule pid=3113020 comm="ip6tables"
2026-08-18T23:45:06+02:00 nezha audit[3113020]: SYSCALL arch=c000003e syscall=46 success=yes exit=292 a0=3 a1=7ffc46cfc110 a2=0 a3=0 items=0 ppid=1669414 pid=3113020 auid=1000 uid=1000 gid=1000 euid=1000 suid=1000 fsuid=1000 egid=1000 sgid=1000 fsgid=1000 tty=(none) ses=19 comm="ip6tables" exe="/usr/sbin/xtables-nft-multi" key=(null)
2026-08-18T23:45:06+02:00 nezha audit: PROCTITLE proctitle=6970367461626C6573002D2D617070656E64004F5554505554002D6F0074756E30002D6A00414343455054
2026-08-18T23:45:12+02:00 nezha audit[3113162]: NETFILTER_CFG table=filter:10026 family=2 entries=1 op=nft_unregister_rule pid=3113162 comm="iptables"
2026-08-18T23:45:12+02:00 nezha audit[3113162]: SYSCALL arch=c000003e syscall=46 success=yes exit=584 a0=3 a1=7fff9ebc2ed0 a2=0 a3=0 items=0 ppid=1669414 pid=3113162 auid=1000 uid=1000 gid=1000 euid=1000 suid=1000 fsuid=1000 egid=1000 sgid=1000 fsgid=1000 tty=(none) ses=19 comm="iptables" exe="/usr/sbin/xtables-nft-multi" key=(null)
2026-08-18T23:45:12+02:00 nezha audit: PROCTITLE proctitle=69707461626C6573002D740066696C746572002D44004F55545055540034
2026-08-18T23:45:12+02:00 nezha kernel: kauditd_printk_skb: 8 callbacks suppressed
2026-08-18T23:45:12+02:00 nezha kernel: audit: type=1325 audit(1787089512.349:11294): table=filter:10026 family=2 entries=1 op=nft_unregister_rule pid=3113162 comm="iptables"
2026-08-18T23:45:12+02:00 nezha kernel: audit: type=1300 audit(1787089512.349:11294): arch=c000003e syscall=46 success=yes exit=584 a0=3 a1=7fff9ebc2ed0 a2=0 a3=0 items=0 ppid=1669414 pid=3113162 auid=1000 uid=1000 gid=1000 euid=1000 suid=1000 fsuid=1000 egid=1000 sgid=1000 fsgid=1000 tty=(none) ses=19 comm="iptables" exe="/usr/sbin/xtables-nft-multi" key=(null)
2026-08-18T23:45:12+02:00 nezha kernel: audit: type=1327 audit(1787089512.349:11294): proctitle=69707461626C6573002D740066696C746572002D44004F55545055540034
2026-08-18T23:45:12+02:00 nezha audit[3113166]: NETFILTER_CFG table=filter:10027 family=2 entries=1 op=nft_unregister_rule pid=3113166 comm="iptables"
2026-08-18T23:45:12+02:00 nezha audit[3113166]: SYSCALL arch=c000003e syscall=46 success=yes exit=296 a0=3 a1=7ffd92e47530 a2=0 a3=0 items=0 ppid=1669414 pid=3113166 auid=1000 uid=1000 gid=1000 euid=1000 suid=1000 fsuid=1000 egid=1000 sgid=1000 fsgid=1000 tty=(none) ses=19 comm="iptables" exe="/usr/sbin/xtables-nft-multi" key=(null)
2026-08-18T23:45:12+02:00 nezha audit: PROCTITLE proctitle=69707461626C6573002D740066696C746572002D44004F55545055540034
2026-08-18T23:45:12+02:00 nezha kernel: audit: type=1325 audit(1787089512.369:11295): table=filter:10027 family=2 entries=1 op=nft_unregister_rule pid=3113166 comm="iptables"
2026-08-18T23:45:12+02:00 nezha kernel: audit: type=1300 audit(1787089512.369:11295): arch=c000003e syscall=46 success=yes exit=296 a0=3 a1=7ffd92e47530 a2=0 a3=0 items=0 ppid=1669414 pid=3113166 auid=1000 uid=1000 gid=1000 euid=1000 suid=1000 fsuid=1000 egid=1000 sgid=1000 fsgid=1000 tty=(none) ses=19 comm="iptables" exe="/usr/sbin/xtables-nft-multi" key=(null)
2026-08-18T23:45:12+02:00 nezha kernel: audit: type=1327 audit(1787089512.369:11295): proctitle=69707461626C6573002D740066696C746572002D44004F55545055540034
2026-08-18T23:45:12+02:00 nezha audit[3113168]: NETFILTER_CFG table=filter:10028 family=10 entries=1 op=nft_unregister_rule pid=3113168 comm="ip6tables"
2026-08-18T23:45:12+02:00 nezha audit[3113168]: SYSCALL arch=c000003e syscall=46 success=yes exit=296 a0=3 a1=7ffc9fc5b5e0 a2=0 a3=0 items=0 ppid=1669414 pid=3113168 auid=1000 uid=1000 gid=1000 euid=1000 suid=1000 fsuid=1000 egid=1000 sgid=1000 fsgid=1000 tty=(none) ses=19 comm="ip6tables" exe="/usr/sbin/xtables-nft-multi" key=(null)
2026-08-18T23:45:12+02:00 nezha audit: PROCTITLE proctitle=6970367461626C6573002D740066696C746572002D44004F55545055540035
2026-08-18T23:45:12+02:00 nezha kernel: audit: type=1325 audit(1787089512.381:11296): table=filter:10028 family=10 entries=1 op=nft_unregister_rule pid=3113168 comm="ip6tables"
2026-08-18T23:45:12+02:00 nezha kernel: audit: type=1300 audit(1787089512.381:11296): arch=c000003e syscall=46 success=yes exit=296 a0=3 a1=7ffc9fc5b5e0 a2=0 a3=0 items=0 ppid=1669414 pid=3113168 auid=1000 uid=1000 gid=1000 euid=1000 suid=1000 fsuid=1000 egid=1000 sgid=1000 fsgid=1000 tty=(none) ses=19 comm="ip6tables" exe="/usr/sbin/xtables-nft-multi" key=(null)
2026-08-18T23:45:12+02:00 nezha kernel: audit: type=1327 audit(1787089512.381:11296): proctitle=6970367461626C6573002D740066696C746572002D44004F55545055540035
2026-08-18T23:45:12+02:00 nezha audit[3113170]: NETFILTER_CFG table=filter:10029 family=2 entries=1 op=nft_register_rule pid=3113170 comm="iptables"
2026-08-18T23:45:12+02:00 nezha audit[3113170]: SYSCALL arch=c000003e syscall=46 success=yes exit=580 a0=3 a1=7ffc6d901490 a2=0 a3=0 items=0 ppid=1669414 pid=3113170 auid=1000 uid=1000 gid=1000 euid=1000 suid=1000 fsuid=1000 egid=1000 sgid=1000 fsgid=1000 tty=(none) ses=19 comm="iptables" exe="/usr/sbin/xtables-nft-multi" key=(null)
2026-08-18T23:45:12+02:00 nezha audit: PROCTITLE proctitle=69707461626C6573002D2D617070656E64004F5554505554002D64003138352E3235342E37352E33002D6F0065746830002D7000756470002D6D00756470002D2D64706F7274003531383230002D6A00414343455054
2026-08-18T23:45:12+02:00 nezha kernel: audit: type=1325 audit(1787089512.390:11297): table=filter:10029 family=2 entries=1 op=nft_register_rule pid=3113170 comm="iptables"
2026-08-18T23:45:12+02:00 nezha audit[3113173]: NETFILTER_CFG table=filter:10030 family=2 entries=1 op=nft_register_rule pid=3113173 comm="iptables"
2026-08-18T23:45:12+02:00 nezha audit[3113173]: SYSCALL arch=c000003e syscall=46 success=yes exit=292 a0=3 a1=7fffe8456a30 a2=0 a3=0 items=0 ppid=1669414 pid=3113173 auid=1000 uid=1000 gid=1000 euid=1000 suid=1000 fsuid=1000 egid=1000 sgid=1000 fsgid=1000 tty=(none) ses=19 comm="iptables" exe="/usr/sbin/xtables-nft-multi" key=(null)
2026-08-18T23:45:12+02:00 nezha audit: PROCTITLE proctitle=69707461626C6573002D2D617070656E64004F5554505554002D6F0074756E30002D6A00414343455054
2026-08-18T23:45:12+02:00 nezha audit[3113174]: NETFILTER_CFG table=filter:10031 family=10 entries=1 op=nft_register_rule pid=3113174 comm="ip6tables"
2026-08-18T23:45:12+02:00 nezha audit[3113174]: SYSCALL arch=c000003e syscall=46 success=yes exit=292 a0=3 a1=7fff71810260 a2=0 a3=0 items=0 ppid=1669414 pid=3113174 auid=1000 uid=1000 gid=1000 euid=1000 suid=1000 fsuid=1000 egid=1000 sgid=1000 fsgid=1000 tty=(none) ses=19 comm="ip6tables" exe="/usr/sbin/xtables-nft-multi" key=(null)
2026-08-18T23:45:12+02:00 nezha audit: PROCTITLE proctitle=6970367461626C6573002D2D617070656E64004F5554505554002D6F0074756E30002D6A00414343455054
2026-08-18T23:45:18+02:00 nezha audit[3113276]: NETFILTER_CFG table=filter:10032 family=2 entries=1 op=nft_unregister_rule pid=3113276 comm="iptables"
2026-08-18T23:45:18+02:00 nezha audit[3113276]: SYSCALL arch=c000003e syscall=46 success=yes exit=584 a0=3 a1=7fff5030cb40 a2=0 a3=0 items=0 ppid=1669414 pid=3113276 auid=1000 uid=1000 gid=1000 euid=1000 suid=1000 fsuid=1000 egid=1000 sgid=1000 fsgid=1000 tty=(none) ses=19 comm="iptables" exe="/usr/sbin/xtables-nft-multi" key=(null)
2026-08-18T23:45:18+02:00 nezha audit: PROCTITLE proctitle=69707461626C6573002D740066696C746572002D44004F55545055540034
2026-08-18T23:45:18+02:00 nezha kernel: kauditd_printk_skb: 8 callbacks suppressed
2026-08-18T23:45:18+02:00 nezha kernel: audit: type=1325 audit(1787089518.560:11300): table=filter:10032 family=2 entries=1 op=nft_unregister_rule pid=3113276 comm="iptables"
2026-08-18T23:45:18+02:00 nezha kernel: audit: type=1300 audit(1787089518.560:11300): arch=c000003e syscall=46 success=yes exit=584 a0=3 a1=7fff5030cb40 a2=0 a3=0 items=0 ppid=1669414 pid=3113276 auid=1000 uid=1000 gid=1000 euid=1000 suid=1000 fsuid=1000 egid=1000 sgid=1000 fsgid=1000 tty=(none) ses=19 comm="iptables" exe="/usr/sbin/xtables-nft-multi" key=(null)
2026-08-18T23:45:18+02:00 nezha kernel: audit: type=1327 audit(1787089518.560:11300): proctitle=69707461626C6573002D740066696C746572002D44004F55545055540034
2026-08-18T23:45:18+02:00 nezha audit[3113280]: NETFILTER_CFG table=filter:10033 family=2 entries=1 op=nft_unregister_rule pid=3113280 comm="iptables"
2026-08-18T23:45:18+02:00 nezha audit[3113280]: SYSCALL arch=c000003e syscall=46 success=yes exit=296 a0=3 a1=7ffdea891760 a2=0 a3=0 items=0 ppid=1669414 pid=3113280 auid=1000 uid=1000 gid=1000 euid=1000 suid=1000 fsuid=1000 egid=1000 sgid=1000 fsgid=1000 tty=(none) ses=19 comm="iptables" exe="/usr/sbin/xtables-nft-multi" key=(null)
2026-08-18T23:45:18+02:00 nezha audit: PROCTITLE proctitle=69707461626C6573002D740066696C746572002D44004F55545055540034
2026-08-18T23:45:18+02:00 nezha kernel: audit: type=1325 audit(1787089518.573:11301): table=filter:10033 family=2 entries=1 op=nft_unregister_rule pid=3113280 comm="iptables"
2026-08-18T23:45:18+02:00 nezha kernel: audit: type=1300 audit(1787089518.573:11301): arch=c000003e syscall=46 success=yes exit=296 a0=3 a1=7ffdea891760 a2=0 a3=0 items=0 ppid=1669414 pid=3113280 auid=1000 uid=1000 gid=1000 euid=1000 suid=1000 fsuid=1000 egid=1000 sgid=1000 fsgid=1000 tty=(none) ses=19 comm="iptables" exe="/usr/sbin/xtables-nft-multi" key=(null)
2026-08-18T23:45:18+02:00 nezha kernel: audit: type=1327 audit(1787089518.573:11301): proctitle=69707461626C6573002D740066696C746572002D44004F55545055540034
2026-08-18T23:45:18+02:00 nezha audit[3113282]: NETFILTER_CFG table=filter:10034 family=10 entries=1 op=nft_unregister_rule pid=3113282 comm="ip6tables"
2026-08-18T23:45:18+02:00 nezha audit[3113282]: SYSCALL arch=c000003e syscall=46 success=yes exit=296 a0=3 a1=7ffe0eeb58c0 a2=0 a3=0 items=0 ppid=1669414 pid=3113282 auid=1000 uid=1000 gid=1000 euid=1000 suid=1000 fsuid=1000 egid=1000 sgid=1000 fsgid=1000 tty=(none) ses=19 comm="ip6tables" exe="/usr/sbin/xtables-nft-multi" key=(null)
2026-08-18T23:45:18+02:00 nezha audit: PROCTITLE proctitle=6970367461626C6573002D740066696C746572002D44004F55545055540035
2026-08-18T23:45:18+02:00 nezha kernel: audit: type=1325 audit(1787089518.590:11302): table=filter:10034 family=10 entries=1 op=nft_unregister_rule pid=3113282 comm="ip6tables"
2026-08-18T23:45:18+02:00 nezha kernel: audit: type=1300 audit(1787089518.590:11302): arch=c000003e syscall=46 success=yes exit=296 a0=3 a1=7ffe0eeb58c0 a2=0 a3=0 items=0 ppid=1669414 pid=3113282 auid=1000 uid=1000 gid=1000 euid=1000 suid=1000 fsuid=1000 egid=1000 sgid=1000 fsgid=1000 tty=(none) ses=19 comm="ip6tables" exe="/usr/sbin/xtables-nft-multi" key=(null)
2026-08-18T23:45:18+02:00 nezha kernel: audit: type=1327 audit(1787089518.590:11302): proctitle=6970367461626C6573002D740066696C746572002D44004F55545055540035
2026-08-18T23:45:18+02:00 nezha audit[3113284]: NETFILTER_CFG table=filter:10035 family=2 entries=1 op=nft_register_rule pid=3113284 comm="iptables"
2026-08-18T23:45:18+02:00 nezha audit[3113284]: SYSCALL arch=c000003e syscall=46 success=yes exit=580 a0=3 a1=7ffdeefc21e0 a2=0 a3=0 items=0 ppid=1669414 pid=3113284 auid=1000 uid=1000 gid=1000 euid=1000 suid=1000 fsuid=1000 egid=1000 sgid=1000 fsgid=1000 tty=(none) ses=19 comm="iptables" exe="/usr/sbin/xtables-nft-multi" key=(null)
2026-08-18T23:45:18+02:00 nezha audit: PROCTITLE proctitle=69707461626C6573002D2D617070656E64004F5554505554002D640036382E3233352E34362E3935002D6F0065746830002D7000756470002D6D00756470002D2D64706F7274003531383230002D6A00414343455054
2026-08-18T23:45:18+02:00 nezha kernel: audit: type=1325 audit(1787089518.599:11303): table=filter:10035 family=2 entries=1 op=nft_register_rule pid=3113284 comm="iptables"
2026-08-18T23:45:18+02:00 nezha audit[3113287]: NETFILTER_CFG table=filter:10036 family=2 entries=1 op=nft_register_rule pid=3113287 comm="iptables"
2026-08-18T23:45:18+02:00 nezha audit[3113287]: SYSCALL arch=c000003e syscall=46 success=yes exit=292 a0=3 a1=7ffe4b98f3f0 a2=0 a3=0 items=0 ppid=1669414 pid=3113287 auid=1000 uid=1000 gid=1000 euid=1000 suid=1000 fsuid=1000 egid=1000 sgid=1000 fsgid=1000 tty=(none) ses=19 comm="iptables" exe="/usr/sbin/xtables-nft-multi" key=(null)
2026-08-18T23:45:18+02:00 nezha audit: PROCTITLE proctitle=69707461626C6573002D2D617070656E64004F5554505554002D6F0074756E30002D6A00414343455054
2026-08-18T23:45:18+02:00 nezha audit[3113288]: NETFILTER_CFG table=filter:10037 family=10 entries=1 op=nft_register_rule pid=3113288 comm="ip6tables"
2026-08-18T23:45:18+02:00 nezha audit[3113288]: SYSCALL arch=c000003e syscall=46 success=yes exit=292 a0=3 a1=7ffff0c1b850 a2=0 a3=0 items=0 ppid=1669414 pid=3113288 auid=1000 uid=1000 gid=1000 euid=1000 suid=1000 fsuid=1000 egid=1000 sgid=1000 fsgid=1000 tty=(none) ses=19 comm="ip6tables" exe="/usr/sbin/xtables-nft-multi" key=(null)
2026-08-18T23:45:18+02:00 nezha audit: PROCTITLE proctitle=6970367461626C6573002D2D617070656E64004F5554505554002D6F0074756E30002D6A00414343455054
2026-08-18T23:45:23+02:00 nezha drweb-update[2365]: Downloaded timestamp (10 bytes)
2026-08-18T23:45:24+02:00 nezha drweb-update[2365]: Downloaded drwtoday.vdb (169819 bytes)
2026-08-18T23:45:24+02:00 nezha audit[3113788]: NETFILTER_CFG table=filter:10038 family=2 entries=1 op=nft_unregister_rule pid=3113788 comm="iptables"
2026-08-18T23:45:24+02:00 nezha audit[3113788]: SYSCALL arch=c000003e syscall=46 success=yes exit=584 a0=3 a1=7ffd7bba06e0 a2=0 a3=0 items=0 ppid=1669414 pid=3113788 auid=1000 uid=1000 gid=1000 euid=1000 suid=1000 fsuid=1000 egid=1000 sgid=1000 fsgid=1000 tty=(none) ses=19 comm="iptables" exe="/usr/sbin/xtables-nft-multi" key=(null)
2026-08-18T23:45:24+02:00 nezha audit: PROCTITLE proctitle=69707461626C6573002D740066696C746572002D44004F55545055540034
2026-08-18T23:45:24+02:00 nezha kernel: kauditd_printk_skb: 8 callbacks suppressed
2026-08-18T23:45:24+02:00 nezha kernel: audit: type=1325 audit(1787089524.768:11306): table=filter:10038 family=2 entries=1 op=nft_unregister_rule pid=3113788 comm="iptables"
2026-08-18T23:45:24+02:00 nezha kernel: audit: type=1300 audit(1787089524.768:11306): arch=c000003e syscall=46 success=yes exit=584 a0=3 a1=7ffd7bba06e0 a2=0 a3=0 items=0 ppid=1669414 pid=3113788 auid=1000 uid=1000 gid=1000 euid=1000 suid=1000 fsuid=1000 egid=1000 sgid=1000 fsgid=1000 tty=(none) ses=19 comm="iptables" exe="/usr/sbin/xtables-nft-multi" key=(null)
2026-08-18T23:45:24+02:00 nezha kernel: audit: type=1327 audit(1787089524.768:11306): proctitle=69707461626C6573002D740066696C746572002D44004F55545055540034
2026-08-18T23:45:24+02:00 nezha audit[3113792]: NETFILTER_CFG table=filter:10039 family=2 entries=1 op=nft_unregister_rule pid=3113792 comm="iptables"
2026-08-18T23:45:24+02:00 nezha audit[3113792]: SYSCALL arch=c000003e syscall=46 success=yes exit=296 a0=3 a1=7fff01e918e0 a2=0 a3=0 items=0 ppid=1669414 pid=3113792 auid=1000 uid=1000 gid=1000 euid=1000 suid=1000 fsuid=1000 egid=1000 sgid=1000 fsgid=1000 tty=(none) ses=19 comm="iptables" exe="/usr/sbin/xtables-nft-multi" key=(null)
2026-08-18T23:45:24+02:00 nezha audit: PROCTITLE proctitle=69707461626C6573002D740066696C746572002D44004F55545055540034
2026-08-18T23:45:24+02:00 nezha kernel: audit: type=1325 audit(1787089524.780:11307): table=filter:10039 family=2 entries=1 op=nft_unregister_rule pid=3113792 comm="iptables"
2026-08-18T23:45:24+02:00 nezha kernel: audit: type=1300 audit(1787089524.780:11307): arch=c000003e syscall=46 success=yes exit=296 a0=3 a1=7fff01e918e0 a2=0 a3=0 items=0 ppid=1669414 pid=3113792 auid=1000 uid=1000 gid=1000 euid=1000 suid=1000 fsuid=1000 egid=1000 sgid=1000 fsgid=1000 tty=(none) ses=19 comm="iptables" exe="/usr/sbin/xtables-nft-multi" key=(null)
2026-08-18T23:45:24+02:00 nezha kernel: audit: type=1327 audit(1787089524.780:11307): proctitle=69707461626C6573002D740066696C746572002D44004F55545055540034
2026-08-18T23:45:24+02:00 nezha audit[3113794]: NETFILTER_CFG table=filter:10040 family=10 entries=1 op=nft_unregister_rule pid=3113794 comm="ip6tables"
2026-08-18T23:45:24+02:00 nezha audit[3113794]: SYSCALL arch=c000003e syscall=46 success=yes exit=296 a0=3 a1=7ffca602cf10 a2=0 a3=0 items=0 ppid=1669414 pid=3113794 auid=1000 uid=1000 gid=1000 euid=1000 suid=1000 fsuid=1000 egid=1000 sgid=1000 fsgid=1000 tty=(none) ses=19 comm="ip6tables" exe="/usr/sbin/xtables-nft-multi" key=(null)
2026-08-18T23:45:24+02:00 nezha audit: PROCTITLE proctitle=6970367461626C6573002D740066696C746572002D44004F55545055540035
2026-08-18T23:45:24+02:00 nezha kernel: audit: type=1325 audit(1787089524.791:11308): table=filter:10040 family=10 entries=1 op=nft_unregister_rule pid=3113794 comm="ip6tables"
2026-08-18T23:45:24+02:00 nezha kernel: audit: type=1300 audit(1787089524.791:11308): arch=c000003e syscall=46 success=yes exit=296 a0=3 a1=7ffca602cf10 a2=0 a3=0 items=0 ppid=1669414 pid=3113794 auid=1000 uid=1000 gid=1000 euid=1000 suid=1000 fsuid=1000 egid=1000 sgid=1000 fsgid=1000 tty=(none) ses=19 comm="ip6tables" exe="/usr/sbin/xtables-nft-multi" key=(null)
2026-08-18T23:45:24+02:00 nezha kernel: audit: type=1327 audit(1787089524.791:11308): proctitle=6970367461626C6573002D740066696C746572002D44004F55545055540035
2026-08-18T23:45:24+02:00 nezha audit[3113796]: NETFILTER_CFG table=filter:10041 family=2 entries=1 op=nft_register_rule pid=3113796 comm="iptables"
2026-08-18T23:45:24+02:00 nezha audit[3113796]: SYSCALL arch=c000003e syscall=46 success=yes exit=580 a0=3 a1=7ffe407634e0 a2=0 a3=0 items=0 ppid=1669414 pid=3113796 auid=1000 uid=1000 gid=1000 euid=1000 suid=1000 fsuid=1000 egid=1000 sgid=1000 fsgid=1000 tty=(none) ses=19 comm="iptables" exe="/usr/sbin/xtables-nft-multi" key=(null)
2026-08-18T23:45:24+02:00 nezha audit: PROCTITLE proctitle=69707461626C6573002D2D617070656E64004F5554505554002D64003130342E3139332E3133352E313030002D6F0065746830002D7000756470002D6D00756470002D2D64706F7274003531383230002D6A00414343455054
2026-08-18T23:45:24+02:00 nezha kernel: audit: type=1325 audit(1787089524.807:11309): table=filter:10041 family=2 entries=1 op=nft_register_rule pid=3113796 comm="iptables"
2026-08-18T23:45:24+02:00 nezha audit[3113799]: NETFILTER_CFG table=filter:10042 family=2 entries=1 op=nft_register_rule pid=3113799 comm="iptables"
2026-08-18T23:45:24+02:00 nezha audit[3113799]: SYSCALL arch=c000003e syscall=46 success=yes exit=292 a0=3 a1=7fff1ecc46e0 a2=0 a3=0 items=0 ppid=1669414 pid=3113799 auid=1000 uid=1000 gid=1000 euid=1000 suid=1000 fsuid=1000 egid=1000 sgid=1000 fsgid=1000 tty=(none) ses=19 comm="iptables" exe="/usr/sbin/xtables-nft-multi" key=(null)
2026-08-18T23:45:24+02:00 nezha audit: PROCTITLE proctitle=69707461626C6573002D2D617070656E64004F5554505554002D6F0074756E30002D6A00414343455054
2026-08-18T23:45:24+02:00 nezha audit[3113800]: NETFILTER_CFG table=filter:10043 family=10 entries=1 op=nft_register_rule pid=3113800 comm="ip6tables"
2026-08-18T23:45:24+02:00 nezha audit[3113800]: SYSCALL arch=c000003e syscall=46 success=yes exit=292 a0=3 a1=7ffd727e4b40 a2=0 a3=0 items=0 ppid=1669414 pid=3113800 auid=1000 uid=1000 gid=1000 euid=1000 suid=1000 fsuid=1000 egid=1000 sgid=1000 fsgid=1000 tty=(none) ses=19 comm="ip6tables" exe="/usr/sbin/xtables-nft-multi" key=(null)
2026-08-18T23:45:24+02:00 nezha audit: PROCTITLE proctitle=6970367461626C6573002D2D617070656E64004F5554505554002D6F0074756E30002D6A00414343455054
2026-08-18T23:45:25+02:00 nezha drweb-update[2365]: Downloaded dwmtoday.vdb (128600 bytes)
2026-08-18T23:45:25+02:00 nezha drweb-update[2365]: Downloaded dwntoday.vdb (26316 bytes)
2026-08-18T23:45:26+02:00 nezha drweb-update[2365]: Downloaded dwrtoday.vdb (138911 bytes)
2026-08-18T23:45:26+02:00 nezha drweb-update[2365]: All downloads finished
2026-08-18T23:45:26+02:00 nezha drweb-configd[1647]: Update: placed "/var/opt/drweb.com/bases/timestamp"
2026-08-18T23:45:26+02:00 nezha drweb-configd[1647]: Update: placed "/var/opt/drweb.com/bases/drwtoday.vdb"
2026-08-18T23:45:26+02:00 nezha drweb-configd[1647]: Update: placed "/var/opt/drweb.com/bases/dwmtoday.vdb"
2026-08-18T23:45:26+02:00 nezha drweb-configd[1647]: Update: placed "/var/opt/drweb.com/bases/dwntoday.vdb"
2026-08-18T23:45:26+02:00 nezha drweb-configd[1647]: Update: placed "/var/opt/drweb.com/bases/dwrtoday.vdb"
2026-08-18T23:45:26+02:00 nezha drweb-configd[1647]: Update: placed "/var/opt/drweb.com/drl/bases/version2.lst"
2026-08-18T23:45:30+02:00 nezha audit[3113913]: NETFILTER_CFG table=filter:10044 family=2 entries=1 op=nft_unregister_rule pid=3113913 comm="iptables"
2026-08-18T23:45:30+02:00 nezha audit[3113913]: SYSCALL arch=c000003e syscall=46 success=yes exit=584 a0=3 a1=7ffecee43710 a2=0 a3=0 items=0 ppid=1669414 pid=3113913 auid=1000 uid=1000 gid=1000 euid=1000 suid=1000 fsuid=1000 egid=1000 sgid=1000 fsgid=1000 tty=(none) ses=19 comm="iptables" exe="/usr/sbin/xtables-nft-multi" key=(null)
2026-08-18T23:45:30+02:00 nezha audit: PROCTITLE proctitle=69707461626C6573002D740066696C746572002D44004F55545055540034
2026-08-18T23:45:30+02:00 nezha kernel: kauditd_printk_skb: 8 callbacks suppressed
2026-08-18T23:45:30+02:00 nezha kernel: audit: type=1325 audit(1787089530.985:11312): table=filter:10044 family=2 entries=1 op=nft_unregister_rule pid=3113913 comm="iptables"
2026-08-18T23:45:30+02:00 nezha kernel: audit: type=1300 audit(1787089530.985:11312): arch=c000003e syscall=46 success=yes exit=584 a0=3 a1=7ffecee43710 a2=0 a3=0 items=0 ppid=1669414 pid=3113913 auid=1000 uid=1000 gid=1000 euid=1000 suid=1000 fsuid=1000 egid=1000 sgid=1000 fsgid=1000 tty=(none) ses=19 comm="iptables" exe="/usr/sbin/xtables-nft-multi" key=(null)
2026-08-18T23:45:30+02:00 nezha kernel: audit: type=1327 audit(1787089530.985:11312): proctitle=69707461626C6573002D740066696C746572002D44004F55545055540034
2026-08-18T23:45:30+02:00 nezha audit[3113917]: NETFILTER_CFG table=filter:10045 family=2 entries=1 op=nft_unregister_rule pid=3113917 comm="iptables"
2026-08-18T23:45:30+02:00 nezha audit[3113917]: SYSCALL arch=c000003e syscall=46 success=yes exit=296 a0=3 a1=7fff434a7820 a2=0 a3=0 items=0 ppid=1669414 pid=3113917 auid=1000 uid=1000 gid=1000 euid=1000 suid=1000 fsuid=1000 egid=1000 sgid=1000 fsgid=1000 tty=(none) ses=19 comm="iptables" exe="/usr/sbin/xtables-nft-multi" key=(null)
2026-08-18T23:45:30+02:00 nezha audit: PROCTITLE proctitle=69707461626C6573002D740066696C746572002D44004F55545055540034
2026-08-18T23:45:30+02:00 nezha kernel: audit: type=1325 audit(1787089530.996:11313): table=filter:10045 family=2 entries=1 op=nft_unregister_rule pid=3113917 comm="iptables"
2026-08-18T23:45:30+02:00 nezha kernel: audit: type=1300 audit(1787089530.996:11313): arch=c000003e syscall=46 success=yes exit=296 a0=3 a1=7fff434a7820 a2=0 a3=0 items=0 ppid=1669414 pid=3113917 auid=1000 uid=1000 gid=1000 euid=1000 suid=1000 fsuid=1000 egid=1000 sgid=1000 fsgid=1000 tty=(none) ses=19 comm="iptables" exe="/usr/sbin/xtables-nft-multi" key=(null)
2026-08-18T23:45:30+02:00 nezha kernel: audit: type=1327 audit(1787089530.996:11313): proctitle=69707461626C6573002D740066696C746572002D44004F55545055540034
2026-08-18T23:45:31+02:00 nezha audit[3113919]: NETFILTER_CFG table=filter:10046 family=10 entries=1 op=nft_unregister_rule pid=3113919 comm="ip6tables"
2026-08-18T23:45:31+02:00 nezha audit[3113919]: SYSCALL arch=c000003e syscall=46 success=yes exit=296 a0=3 a1=7fff8ff80ca0 a2=0 a3=0 items=0 ppid=1669414 pid=3113919 auid=1000 uid=1000 gid=1000 euid=1000 suid=1000 fsuid=1000 egid=1000 sgid=1000 fsgid=1000 tty=(none) ses=19 comm="ip6tables" exe="/usr/sbin/xtables-nft-multi" key=(null)
2026-08-18T23:45:31+02:00 nezha audit: PROCTITLE proctitle=6970367461626C6573002D740066696C746572002D44004F55545055540035
2026-08-18T23:45:31+02:00 nezha kernel: audit: type=1325 audit(1787089531.005:11314): table=filter:10046 family=10 entries=1 op=nft_unregister_rule pid=3113919 comm="ip6tables"
2026-08-18T23:45:31+02:00 nezha kernel: audit: type=1300 audit(1787089531.005:11314): arch=c000003e syscall=46 success=yes exit=296 a0=3 a1=7fff8ff80ca0 a2=0 a3=0 items=0 ppid=1669414 pid=3113919 auid=1000 uid=1000 gid=1000 euid=1000 suid=1000 fsuid=1000 egid=1000 sgid=1000 fsgid=1000 tty=(none) ses=19 comm="ip6tables" exe="/usr/sbin/xtables-nft-multi" key=(null)
2026-08-18T23:45:31+02:00 nezha kernel: audit: type=1327 audit(1787089531.005:11314): proctitle=6970367461626C6573002D740066696C746572002D44004F55545055540035
2026-08-18T23:45:31+02:00 nezha audit[3113921]: NETFILTER_CFG table=filter:10047 family=2 entries=1 op=nft_register_rule pid=3113921 comm="iptables"
2026-08-18T23:45:31+02:00 nezha audit[3113921]: SYSCALL arch=c000003e syscall=46 success=yes exit=580 a0=3 a1=7ffed034fa20 a2=0 a3=0 items=0 ppid=1669414 pid=3113921 auid=1000 uid=1000 gid=1000 euid=1000 suid=1000 fsuid=1000 egid=1000 sgid=1000 fsgid=1000 tty=(none) ses=19 comm="iptables" exe="/usr/sbin/xtables-nft-multi" key=(null)
2026-08-18T23:45:31+02:00 nezha audit: PROCTITLE proctitle=69707461626C6573002D2D617070656E64004F5554505554002D64003133382E3139392E32312E323339002D6F0065746830002D7000756470002D6D00756470002D2D64706F7274003531383230002D6A00414343455054
2026-08-18T23:45:31+02:00 nezha kernel: audit: type=1325 audit(1787089531.013:11315): table=filter:10047 family=2 entries=1 op=nft_register_rule pid=3113921 comm="iptables"
2026-08-18T23:45:31+02:00 nezha audit[3113924]: NETFILTER_CFG table=filter:10048 family=2 entries=1 op=nft_register_rule pid=3113924 comm="iptables"
2026-08-18T23:45:31+02:00 nezha audit[3113924]: SYSCALL arch=c000003e syscall=46 success=yes exit=292 a0=3 a1=7fff329b7a80 a2=0 a3=0 items=0 ppid=1669414 pid=3113924 auid=1000 uid=1000 gid=1000 euid=1000 suid=1000 fsuid=1000 egid=1000 sgid=1000 fsgid=1000 tty=(none) ses=19 comm="iptables" exe="/usr/sbin/xtables-nft-multi" key=(null)
2026-08-18T23:45:31+02:00 nezha audit: PROCTITLE proctitle=69707461626C6573002D2D617070656E64004F5554505554002D6F0074756E30002D6A00414343455054
2026-08-18T23:45:31+02:00 nezha audit[3113925]: NETFILTER_CFG table=filter:10049 family=10 entries=1 op=nft_register_rule pid=3113925 comm="ip6tables"
2026-08-18T23:45:31+02:00 nezha audit[3113925]: SYSCALL arch=c000003e syscall=46 success=yes exit=292 a0=3 a1=7fffde09ac80 a2=0 a3=0 items=0 ppid=1669414 pid=3113925 auid=1000 uid=1000 gid=1000 euid=1000 suid=1000 fsuid=1000 egid=1000 sgid=1000 fsgid=1000 tty=(none) ses=19 comm="ip6tables" exe="/usr/sbin/xtables-nft-multi" key=(null)
2026-08-18T23:45:31+02:00 nezha audit: PROCTITLE proctitle=6970367461626C6573002D2D617070656E64004F5554505554002D6F0074756E30002D6A00414343455054
2026-08-18T23:45:37+02:00 nezha audit[3114199]: NETFILTER_CFG table=filter:10050 family=2 entries=1 op=nft_unregister_rule pid=3114199 comm="iptables"
2026-08-18T23:45:37+02:00 nezha audit[3114199]: SYSCALL arch=c000003e syscall=46 success=yes exit=584 a0=3 a1=7ffe00cb3ac0 a2=0 a3=0 items=0 ppid=1669414 pid=3114199 auid=1000 uid=1000 gid=1000 euid=1000 suid=1000 fsuid=1000 egid=1000 sgid=1000 fsgid=1000 tty=(none) ses=19 comm="iptables" exe="/usr/sbin/xtables-nft-multi" key=(null)
2026-08-18T23:45:37+02:00 nezha audit: PROCTITLE proctitle=69707461626C6573002D740066696C746572002D44004F55545055540034
2026-08-18T23:45:37+02:00 nezha kernel: kauditd_printk_skb: 8 callbacks suppressed
2026-08-18T23:45:37+02:00 nezha kernel: audit: type=1325 audit(1787089537.201:11318): table=filter:10050 family=2 entries=1 op=nft_unregister_rule pid=3114199 comm="iptables"
2026-08-18T23:45:37+02:00 nezha kernel: audit: type=1300 audit(1787089537.201:11318): arch=c000003e syscall=46 success=yes exit=584 a0=3 a1=7ffe00cb3ac0 a2=0 a3=0 items=0 ppid=1669414 pid=3114199 auid=1000 uid=1000 gid=1000 euid=1000 suid=1000 fsuid=1000 egid=1000 sgid=1000 fsgid=1000 tty=(none) ses=19 comm="iptables" exe="/usr/sbin/xtables-nft-multi" key=(null)
2026-08-18T23:45:37+02:00 nezha kernel: audit: type=1327 audit(1787089537.201:11318): proctitle=69707461626C6573002D740066696C746572002D44004F55545055540034
2026-08-18T23:45:37+02:00 nezha audit[3114203]: NETFILTER_CFG table=filter:10051 family=2 entries=1 op=nft_unregister_rule pid=3114203 comm="iptables"
2026-08-18T23:45:37+02:00 nezha audit[3114203]: SYSCALL arch=c000003e syscall=46 success=yes exit=296 a0=3 a1=7ffde6bdde60 a2=0 a3=0 items=0 ppid=1669414 pid=3114203 auid=1000 uid=1000 gid=1000 euid=1000 suid=1000 fsuid=1000 egid=1000 sgid=1000 fsgid=1000 tty=(none) ses=19 comm="iptables" exe="/usr/sbin/xtables-nft-multi" key=(null)
2026-08-18T23:45:37+02:00 nezha audit: PROCTITLE proctitle=69707461626C6573002D740066696C746572002D44004F55545055540034
2026-08-18T23:45:37+02:00 nezha kernel: audit: type=1325 audit(1787089537.214:11319): table=filter:10051 family=2 entries=1 op=nft_unregister_rule pid=3114203 comm="iptables"
2026-08-18T23:45:37+02:00 nezha kernel: audit: type=1300 audit(1787089537.214:11319): arch=c000003e syscall=46 success=yes exit=296 a0=3 a1=7ffde6bdde60 a2=0 a3=0 items=0 ppid=1669414 pid=3114203 auid=1000 uid=1000 gid=1000 euid=1000 suid=1000 fsuid=1000 egid=1000 sgid=1000 fsgid=1000 tty=(none) ses=19 comm="iptables" exe="/usr/sbin/xtables-nft-multi" key=(null)
2026-08-18T23:45:37+02:00 nezha kernel: audit: type=1327 audit(1787089537.214:11319): proctitle=69707461626C6573002D740066696C746572002D44004F55545055540034
2026-08-18T23:45:37+02:00 nezha audit[3114205]: NETFILTER_CFG table=filter:10052 family=10 entries=1 op=nft_unregister_rule pid=3114205 comm="ip6tables"
2026-08-18T23:45:37+02:00 nezha audit[3114205]: SYSCALL arch=c000003e syscall=46 success=yes exit=296 a0=3 a1=7ffcde1e9380 a2=0 a3=0 items=0 ppid=1669414 pid=3114205 auid=1000 uid=1000 gid=1000 euid=1000 suid=1000 fsuid=1000 egid=1000 sgid=1000 fsgid=1000 tty=(none) ses=19 comm="ip6tables" exe="/usr/sbin/xtables-nft-multi" key=(null)
2026-08-18T23:45:37+02:00 nezha audit: PROCTITLE proctitle=6970367461626C6573002D740066696C746572002D44004F55545055540035
2026-08-18T23:45:37+02:00 nezha kernel: audit: type=1325 audit(1787089537.223:11320): table=filter:10052 family=10 entries=1 op=nft_unregister_rule pid=3114205 comm="ip6tables"
2026-08-18T23:45:37+02:00 nezha kernel: audit: type=1300 audit(1787089537.223:11320): arch=c000003e syscall=46 success=yes exit=296 a0=3 a1=7ffcde1e9380 a2=0 a3=0 items=0 ppid=1669414 pid=3114205 auid=1000 uid=1000 gid=1000 euid=1000 suid=1000 fsuid=1000 egid=1000 sgid=1000 fsgid=1000 tty=(none) ses=19 comm="ip6tables" exe="/usr/sbin/xtables-nft-multi" key=(null)
2026-08-18T23:45:37+02:00 nezha kernel: audit: type=1327 audit(1787089537.223:11320): proctitle=6970367461626C6573002D740066696C746572002D44004F55545055540035
2026-08-18T23:45:37+02:00 nezha audit[3114207]: NETFILTER_CFG table=filter:10053 family=2 entries=1 op=nft_register_rule pid=3114207 comm="iptables"
2026-08-18T23:45:37+02:00 nezha audit[3114207]: SYSCALL arch=c000003e syscall=46 success=yes exit=580 a0=3 a1=7ffc3ae2fa00 a2=0 a3=0 items=0 ppid=1669414 pid=3114207 auid=1000 uid=1000 gid=1000 euid=1000 suid=1000 fsuid=1000 egid=1000 sgid=1000 fsgid=1000 tty=(none) ses=19 comm="iptables" exe="/usr/sbin/xtables-nft-multi" key=(null)
2026-08-18T23:45:37+02:00 nezha audit: PROCTITLE proctitle=69707461626C6573002D2D617070656E64004F5554505554002D640032332E3233342E3130312E33002D6F0065746830002D7000756470002D6D00756470002D2D64706F7274003531383230002D6A00414343455054
2026-08-18T23:45:37+02:00 nezha kernel: audit: type=1325 audit(1787089537.239:11321): table=filter:10053 family=2 entries=1 op=nft_register_rule pid=3114207 comm="iptables"
2026-08-18T23:45:37+02:00 nezha audit[3114210]: NETFILTER_CFG table=filter:10054 family=2 entries=1 op=nft_register_rule pid=3114210 comm="iptables"
2026-08-18T23:45:37+02:00 nezha audit[3114210]: SYSCALL arch=c000003e syscall=46 success=yes exit=292 a0=3 a1=7ffde4698820 a2=0 a3=0 items=0 ppid=1669414 pid=3114210 auid=1000 uid=1000 gid=1000 euid=1000 suid=1000 fsuid=1000 egid=1000 sgid=1000 fsgid=1000 tty=(none) ses=19 comm="iptables" exe="/usr/sbin/xtables-nft-multi" key=(null)
2026-08-18T23:45:37+02:00 nezha audit: PROCTITLE proctitle=69707461626C6573002D2D617070656E64004F5554505554002D6F0074756E30002D6A00414343455054
2026-08-18T23:45:37+02:00 nezha audit[3114211]: NETFILTER_CFG table=filter:10055 family=10 entries=1 op=nft_register_rule pid=3114211 comm="ip6tables"
2026-08-18T23:45:37+02:00 nezha audit[3114211]: SYSCALL arch=c000003e syscall=46 success=yes exit=292 a0=3 a1=7ffd7968d800 a2=0 a3=0 items=0 ppid=1669414 pid=3114211 auid=1000 uid=1000 gid=1000 euid=1000 suid=1000 fsuid=1000 egid=1000 sgid=1000 fsgid=1000 tty=(none) ses=19 comm="ip6tables" exe="/usr/sbin/xtables-nft-multi" key=(null)
2026-08-18T23:45:37+02:00 nezha audit: PROCTITLE proctitle=6970367461626C6573002D2D617070656E64004F5554505554002D6F0074756E30002D6A00414343455054
2026-08-18T23:45:43+02:00 nezha audit[3114386]: NETFILTER_CFG table=filter:10056 family=2 entries=1 op=nft_unregister_rule pid=3114386 comm="iptables"
2026-08-18T23:45:43+02:00 nezha audit[3114386]: SYSCALL arch=c000003e syscall=46 success=yes exit=584 a0=3 a1=7ffe508fb8d0 a2=0 a3=0 items=0 ppid=1669414 pid=3114386 auid=1000 uid=1000 gid=1000 euid=1000 suid=1000 fsuid=1000 egid=1000 sgid=1000 fsgid=1000 tty=(none) ses=19 comm="iptables" exe="/usr/sbin/xtables-nft-multi" key=(null)
2026-08-18T23:45:43+02:00 nezha audit: PROCTITLE proctitle=69707461626C6573002D740066696C746572002D44004F55545055540034
2026-08-18T23:45:43+02:00 nezha kernel: kauditd_printk_skb: 8 callbacks suppressed
2026-08-18T23:45:43+02:00 nezha kernel: audit: type=1325 audit(1787089543.411:11324): table=filter:10056 family=2 entries=1 op=nft_unregister_rule pid=3114386 comm="iptables"
2026-08-18T23:45:43+02:00 nezha kernel: audit: type=1300 audit(1787089543.411:11324): arch=c000003e syscall=46 success=yes exit=584 a0=3 a1=7ffe508fb8d0 a2=0 a3=0 items=0 ppid=1669414 pid=3114386 auid=1000 uid=1000 gid=1000 euid=1000 suid=1000 fsuid=1000 egid=1000 sgid=1000 fsgid=1000 tty=(none) ses=19 comm="iptables" exe="/usr/sbin/xtables-nft-multi" key=(null)
2026-08-18T23:45:43+02:00 nezha kernel: audit: type=1327 audit(1787089543.411:11324): proctitle=69707461626C6573002D740066696C746572002D44004F55545055540034
2026-08-18T23:45:43+02:00 nezha audit[3114390]: NETFILTER_CFG table=filter:10057 family=2 entries=1 op=nft_unregister_rule pid=3114390 comm="iptables"
2026-08-18T23:45:43+02:00 nezha audit[3114390]: SYSCALL arch=c000003e syscall=46 success=yes exit=296 a0=3 a1=7ffd6bdfd8f0 a2=0 a3=0 items=0 ppid=1669414 pid=3114390 auid=1000 uid=1000 gid=1000 euid=1000 suid=1000 fsuid=1000 egid=1000 sgid=1000 fsgid=1000 tty=(none) ses=19 comm="iptables" exe="/usr/sbin/xtables-nft-multi" key=(null)
2026-08-18T23:45:43+02:00 nezha audit: PROCTITLE proctitle=69707461626C6573002D740066696C746572002D44004F55545055540034
2026-08-18T23:45:43+02:00 nezha kernel: audit: type=1325 audit(1787089543.420:11325): table=filter:10057 family=2 entries=1 op=nft_unregister_rule pid=3114390 comm="iptables"
2026-08-18T23:45:43+02:00 nezha kernel: audit: type=1300 audit(1787089543.420:11325): arch=c000003e syscall=46 success=yes exit=296 a0=3 a1=7ffd6bdfd8f0 a2=0 a3=0 items=0 ppid=1669414 pid=3114390 auid=1000 uid=1000 gid=1000 euid=1000 suid=1000 fsuid=1000 egid=1000 sgid=1000 fsgid=1000 tty=(none) ses=19 comm="iptables" exe="/usr/sbin/xtables-nft-multi" key=(null)
2026-08-18T23:45:43+02:00 nezha kernel: audit: type=1327 audit(1787089543.420:11325): proctitle=69707461626C6573002D740066696C746572002D44004F55545055540034
2026-08-18T23:45:43+02:00 nezha audit[3114394]: NETFILTER_CFG table=filter:10058 family=10 entries=1 op=nft_unregister_rule pid=3114394 comm="ip6tables"
2026-08-18T23:45:43+02:00 nezha audit[3114394]: SYSCALL arch=c000003e syscall=46 success=yes exit=296 a0=3 a1=7fff681a2a20 a2=0 a3=0 items=0 ppid=1669414 pid=3114394 auid=1000 uid=1000 gid=1000 euid=1000 suid=1000 fsuid=1000 egid=1000 sgid=1000 fsgid=1000 tty=(none) ses=19 comm="ip6tables" exe="/usr/sbin/xtables-nft-multi" key=(null)
2026-08-18T23:45:43+02:00 nezha audit: PROCTITLE proctitle=6970367461626C6573002D740066696C746572002D44004F55545055540035
2026-08-18T23:45:43+02:00 nezha kernel: audit: type=1325 audit(1787089543.432:11326): table=filter:10058 family=10 entries=1 op=nft_unregister_rule pid=3114394 comm="ip6tables"
2026-08-18T23:45:43+02:00 nezha kernel: audit: type=1300 audit(1787089543.432:11326): arch=c000003e syscall=46 success=yes exit=296 a0=3 a1=7fff681a2a20 a2=0 a3=0 items=0 ppid=1669414 pid=3114394 auid=1000 uid=1000 gid=1000 euid=1000 suid=1000 fsuid=1000 egid=1000 sgid=1000 fsgid=1000 tty=(none) ses=19 comm="ip6tables" exe="/usr/sbin/xtables-nft-multi" key=(null)
2026-08-18T23:45:43+02:00 nezha kernel: audit: type=1327 audit(1787089543.432:11326): proctitle=6970367461626C6573002D740066696C746572002D44004F55545055540035
2026-08-18T23:45:43+02:00 nezha audit[3114396]: NETFILTER_CFG table=filter:10059 family=2 entries=1 op=nft_register_rule pid=3114396 comm="iptables"
2026-08-18T23:45:43+02:00 nezha audit[3114396]: SYSCALL arch=c000003e syscall=46 success=yes exit=580 a0=3 a1=7ffec26efef0 a2=0 a3=0 items=0 ppid=1669414 pid=3114396 auid=1000 uid=1000 gid=1000 euid=1000 suid=1000 fsuid=1000 egid=1000 sgid=1000 fsgid=1000 tty=(none) ses=19 comm="iptables" exe="/usr/sbin/xtables-nft-multi" key=(null)
2026-08-18T23:45:43+02:00 nezha audit: PROCTITLE proctitle=69707461626C6573002D2D617070656E64004F5554505554002D64003138352E3134312E3131392E313631002D6F0065746830002D7000756470002D6D00756470002D2D64706F7274003531383230002D6A00414343455054
2026-08-18T23:45:43+02:00 nezha kernel: audit: type=1325 audit(1787089543.448:11327): table=filter:10059 family=2 entries=1 op=nft_register_rule pid=3114396 comm="iptables"
2026-08-18T23:45:43+02:00 nezha audit[3114399]: NETFILTER_CFG table=filter:10060 family=2 entries=1 op=nft_register_rule pid=3114399 comm="iptables"
2026-08-18T23:45:43+02:00 nezha audit[3114399]: SYSCALL arch=c000003e syscall=46 success=yes exit=292 a0=3 a1=7fffe5f03340 a2=0 a3=0 items=0 ppid=1669414 pid=3114399 auid=1000 uid=1000 gid=1000 euid=1000 suid=1000 fsuid=1000 egid=1000 sgid=1000 fsgid=1000 tty=(none) ses=19 comm="iptables" exe="/usr/sbin/xtables-nft-multi" key=(null)
2026-08-18T23:45:43+02:00 nezha audit: PROCTITLE proctitle=69707461626C6573002D2D617070656E64004F5554505554002D6F0074756E30002D6A00414343455054
2026-08-18T23:45:43+02:00 nezha audit[3114400]: NETFILTER_CFG table=filter:10061 family=10 entries=1 op=nft_register_rule pid=3114400 comm="ip6tables"
2026-08-18T23:45:43+02:00 nezha audit[3114400]: SYSCALL arch=c000003e syscall=46 success=yes exit=292 a0=3 a1=7ffdc13554d0 a2=0 a3=0 items=0 ppid=1669414 pid=3114400 auid=1000 uid=1000 gid=1000 euid=1000 suid=1000 fsuid=1000 egid=1000 sgid=1000 fsgid=1000 tty=(none) ses=19 comm="ip6tables" exe="/usr/sbin/xtables-nft-multi" key=(null)
2026-08-18T23:45:43+02:00 nezha audit: PROCTITLE proctitle=6970367461626C6573002D2D617070656E64004F5554505554002D6F0074756E30002D6A00414343455054
2026-08-18T23:45:49+02:00 nezha audit[3114503]: NETFILTER_CFG table=filter:10062 family=2 entries=1 op=nft_unregister_rule pid=3114503 comm="iptables"
2026-08-18T23:45:49+02:00 nezha audit[3114503]: SYSCALL arch=c000003e syscall=46 success=yes exit=584 a0=3 a1=7fff616c2cd0 a2=0 a3=0 items=0 ppid=1669414 pid=3114503 auid=1000 uid=1000 gid=1000 euid=1000 suid=1000 fsuid=1000 egid=1000 sgid=1000 fsgid=1000 tty=(none) ses=19 comm="iptables" exe="/usr/sbin/xtables-nft-multi" key=(null)
2026-08-18T23:45:49+02:00 nezha audit: PROCTITLE proctitle=69707461626C6573002D740066696C746572002D44004F55545055540034
2026-08-18T23:45:49+02:00 nezha kernel: kauditd_printk_skb: 8 callbacks suppressed
2026-08-18T23:45:49+02:00 nezha kernel: audit: type=1325 audit(1787089549.625:11330): table=filter:10062 family=2 entries=1 op=nft_unregister_rule pid=3114503 comm="iptables"
2026-08-18T23:45:49+02:00 nezha kernel: audit: type=1300 audit(1787089549.625:11330): arch=c000003e syscall=46 success=yes exit=584 a0=3 a1=7fff616c2cd0 a2=0 a3=0 items=0 ppid=1669414 pid=3114503 auid=1000 uid=1000 gid=1000 euid=1000 suid=1000 fsuid=1000 egid=1000 sgid=1000 fsgid=1000 tty=(none) ses=19 comm="iptables" exe="/usr/sbin/xtables-nft-multi" key=(null)
2026-08-18T23:45:49+02:00 nezha kernel: audit: type=1327 audit(1787089549.625:11330): proctitle=69707461626C6573002D740066696C746572002D44004F55545055540034
2026-08-18T23:45:49+02:00 nezha audit[3114507]: NETFILTER_CFG table=filter:10063 family=2 entries=1 op=nft_unregister_rule pid=3114507 comm="iptables"
2026-08-18T23:45:49+02:00 nezha audit[3114507]: SYSCALL arch=c000003e syscall=46 success=yes exit=296 a0=3 a1=7ffd8a570580 a2=0 a3=0 items=0 ppid=1669414 pid=3114507 auid=1000 uid=1000 gid=1000 euid=1000 suid=1000 fsuid=1000 egid=1000 sgid=1000 fsgid=1000 tty=(none) ses=19 comm="iptables" exe="/usr/sbin/xtables-nft-multi" key=(null)
2026-08-18T23:45:49+02:00 nezha audit: PROCTITLE proctitle=69707461626C6573002D740066696C746572002D44004F55545055540034
2026-08-18T23:45:49+02:00 nezha kernel: audit: type=1325 audit(1787089549.647:11331): table=filter:10063 family=2 entries=1 op=nft_unregister_rule pid=3114507 comm="iptables"
2026-08-18T23:45:49+02:00 nezha kernel: audit: type=1300 audit(1787089549.647:11331): arch=c000003e syscall=46 success=yes exit=296 a0=3 a1=7ffd8a570580 a2=0 a3=0 items=0 ppid=1669414 pid=3114507 auid=1000 uid=1000 gid=1000 euid=1000 suid=1000 fsuid=1000 egid=1000 sgid=1000 fsgid=1000 tty=(none) ses=19 comm="iptables" exe="/usr/sbin/xtables-nft-multi" key=(null)
2026-08-18T23:45:49+02:00 nezha kernel: audit: type=1327 audit(1787089549.647:11331): proctitle=69707461626C6573002D740066696C746572002D44004F55545055540034
2026-08-18T23:45:49+02:00 nezha audit[3114509]: NETFILTER_CFG table=filter:10064 family=10 entries=1 op=nft_unregister_rule pid=3114509 comm="ip6tables"
2026-08-18T23:45:49+02:00 nezha audit[3114509]: SYSCALL arch=c000003e syscall=46 success=yes exit=296 a0=3 a1=7ffdacd127d0 a2=0 a3=0 items=0 ppid=1669414 pid=3114509 auid=1000 uid=1000 gid=1000 euid=1000 suid=1000 fsuid=1000 egid=1000 sgid=1000 fsgid=1000 tty=(none) ses=19 comm="ip6tables" exe="/usr/sbin/xtables-nft-multi" key=(null)
2026-08-18T23:45:49+02:00 nezha audit: PROCTITLE proctitle=6970367461626C6573002D740066696C746572002D44004F55545055540035
2026-08-18T23:45:49+02:00 nezha kernel: audit: type=1325 audit(1787089549.660:11332): table=filter:10064 family=10 entries=1 op=nft_unregister_rule pid=3114509 comm="ip6tables"
2026-08-18T23:45:49+02:00 nezha kernel: audit: type=1300 audit(1787089549.660:11332): arch=c000003e syscall=46 success=yes exit=296 a0=3 a1=7ffdacd127d0 a2=0 a3=0 items=0 ppid=1669414 pid=3114509 auid=1000 uid=1000 gid=1000 euid=1000 suid=1000 fsuid=1000 egid=1000 sgid=1000 fsgid=1000 tty=(none) ses=19 comm="ip6tables" exe="/usr/sbin/xtables-nft-multi" key=(null)
2026-08-18T23:45:49+02:00 nezha kernel: audit: type=1327 audit(1787089549.660:11332): proctitle=6970367461626C6573002D740066696C746572002D44004F55545055540035
2026-08-18T23:45:49+02:00 nezha audit[3114511]: NETFILTER_CFG table=filter:10065 family=2 entries=1 op=nft_register_rule pid=3114511 comm="iptables"
2026-08-18T23:45:49+02:00 nezha audit[3114511]: SYSCALL arch=c000003e syscall=46 success=yes exit=580 a0=3 a1=7ffe83ec22c0 a2=0 a3=0 items=0 ppid=1669414 pid=3114511 auid=1000 uid=1000 gid=1000 euid=1000 suid=1000 fsuid=1000 egid=1000 sgid=1000 fsgid=1000 tty=(none) ses=19 comm="iptables" exe="/usr/sbin/xtables-nft-multi" key=(null)
2026-08-18T23:45:49+02:00 nezha audit: PROCTITLE proctitle=69707461626C6573002D2D617070656E64004F5554505554002D64003134362E37302E3139372E313330002D6F0065746830002D7000756470002D6D00756470002D2D64706F7274003531383230002D6A00414343455054
2026-08-18T23:45:49+02:00 nezha kernel: audit: type=1325 audit(1787089549.672:11333): table=filter:10065 family=2 entries=1 op=nft_register_rule pid=3114511 comm="iptables"
2026-08-18T23:45:49+02:00 nezha audit[3114514]: NETFILTER_CFG table=filter:10066 family=2 entries=1 op=nft_register_rule pid=3114514 comm="iptables"
2026-08-18T23:45:49+02:00 nezha audit[3114514]: SYSCALL arch=c000003e syscall=46 success=yes exit=292 a0=3 a1=7fffee0af0e0 a2=0 a3=0 items=0 ppid=1669414 pid=3114514 auid=1000 uid=1000 gid=1000 euid=1000 suid=1000 fsuid=1000 egid=1000 sgid=1000 fsgid=1000 tty=(none) ses=19 comm="iptables" exe="/usr/sbin/xtables-nft-multi" key=(null)
2026-08-18T23:45:49+02:00 nezha audit: PROCTITLE proctitle=69707461626C6573002D2D617070656E64004F5554505554002D6F0074756E30002D6A00414343455054
2026-08-18T23:45:49+02:00 nezha audit[3114515]: NETFILTER_CFG table=filter:10067 family=10 entries=1 op=nft_register_rule pid=3114515 comm="ip6tables"
2026-08-18T23:45:49+02:00 nezha audit[3114515]: SYSCALL arch=c000003e syscall=46 success=yes exit=292 a0=3 a1=7ffc39517620 a2=0 a3=0 items=0 ppid=1669414 pid=3114515 auid=1000 uid=1000 gid=1000 euid=1000 suid=1000 fsuid=1000 egid=1000 sgid=1000 fsgid=1000 tty=(none) ses=19 comm="ip6tables" exe="/usr/sbin/xtables-nft-multi" key=(null)
2026-08-18T23:45:49+02:00 nezha audit: PROCTITLE proctitle=6970367461626C6573002D2D617070656E64004F5554505554002D6F0074756E30002D6A00414343455054
2026-08-18T23:45:49+02:00 nezha gdm-password][1665334]: pam_tcb(gdm-password:session): Session closed for milosvasic
2026-08-18T23:45:49+02:00 nezha audit[1665334]: AUDIT1106 pid=1665334 uid=0 auid=1000 ses=18 msg='op=PAM:session_close grantors=pam_tcb,pam_mktemp,pam_limits,pam_loginuid,pam_systemd,pam_namespace,pam_gnome_keyring acct="milosvasic" exe="/usr/libexec/gdm-session-worker" hostname=nezha addr=? terminal=/dev/tty2 res=success'
2026-08-18T23:45:49+02:00 nezha audit[1665334]: AUDIT1113 pid=1665334 uid=0 auid=1000 ses=18 msg='uid=1000 exe="/usr/libexec/gdm-session-worker" hostname=? addr=? terminal=? res=success'
2026-08-18T23:45:49+02:00 nezha audit[1665334]: AUDIT1104 pid=1665334 uid=0 auid=1000 ses=18 msg='op=PAM:setcred grantors=pam_shells,pam_tcb,pam_gnome_keyring acct="milosvasic" exe="/usr/libexec/gdm-session-worker" hostname=nezha addr=? terminal=/dev/tty2 res=success'
2026-08-18T23:45:49+02:00 nezha kernel: rfkill: input handler enabled
2026-08-18T23:45:49+02:00 nezha systemd[1]: user@1000.service: Main process exited, code=killed, status=9/KILL
2026-08-18T23:45:49+02:00 nezha systemd-logind[1302]: Removed session 19.
2026-08-18T23:45:49+02:00 nezha systemd[1]: user@1000.service: Killing process 1666603 (gsd-media-keys) with signal SIGKILL.
2026-08-18T23:45:49+02:00 nezha systemd[1]: user@1000.service: Killing process 1666591 (gsd-datetime) with signal SIGKILL.
2026-08-18T23:45:49+02:00 nezha systemd[1]: user@1000.service: Killing process 1666531 (xdg-desktop-por) with signal SIGKILL.
2026-08-18T23:45:49+02:00 nezha systemd[1]: user@1000.service: Killing process 1666579 (ibus-daemon) with signal SIGKILL.
2026-08-18T23:45:49+02:00 nezha systemd[1]: user@1000.service: Killing process 1666599 (gsd-keyboard) with signal SIGKILL.
2026-08-18T23:45:49+02:00 nezha systemd[1]: user@1000.service: Killing process 1666580 (gsd-a11y-settin) with signal SIGKILL.
2026-08-18T23:45:49+02:00 nezha systemd[1]: user@1000.service: Killing process 1669206 (chrome_crashpad) with signal SIGKILL.
2026-08-18T23:45:49+02:00 nezha systemd[1]: user@1000.service: Killing process 1665848 (gnome-shell) with signal SIGKILL.
2026-08-18T23:45:49+02:00 nezha systemd[1]: user@1000.service: Killing process 1667867 (mutter-x11-fram) with signal SIGKILL.
2026-08-18T23:45:49+02:00 nezha systemd[1]: user@1000.service: Killing process 1667189 (Xwayland) with signal SIGKILL.
2026-08-18T23:45:49+02:00 nezha systemd[1]: user@1000.service: Killing process 1665868 (gvfsd) with signal SIGKILL.
2026-08-18T23:45:49+02:00 nezha systemd[1]: user@1000.service: Killing process 2166880 (gvfsd-recent) with signal SIGKILL.
2026-08-18T23:45:49+02:00 nezha systemd[1]: user@1000.service: Killing process 1839991 (ssh) with signal SIGKILL.
2026-08-18T23:45:49+02:00 nezha systemd[1]: user@1000.service: Killing process 1666618 (gsd-sharing) with signal SIGKILL.
2026-08-18T23:45:49+02:00 nezha systemd[1]: user@1000.service: Killing process 1666612 (gsd-screensaver) with signal SIGKILL.
2026-08-18T23:45:49+02:00 nezha systemd[1]: user@1000.service: Killing process 1667406 (gsd-printer) with signal SIGKILL.
2026-08-18T23:45:49+02:00 nezha systemd[1]: user@1000.service: Killing process 1667878 (ibus-x11) with signal SIGKILL.
2026-08-18T23:45:49+02:00 nezha systemd[1]: user@1000.service: Killing process 1666042 (at-spi2-registr) with signal SIGKILL.
2026-08-18T23:45:49+02:00 nezha systemd[1]: user@1000.service: Killing process 1665995 (at-spi-bus-laun) with signal SIGKILL.
2026-08-18T23:45:49+02:00 nezha systemd[1]: user@1000.service: Killing process 1665737 (dbus-daemon) with signal SIGKILL.
2026-08-18T23:45:49+02:00 nezha systemd[1]: user@1000.service: Killing process 1665855 (gnome-keyring-d) with signal SIGKILL.
2026-08-18T23:45:49+02:00 nezha systemd[1]: user@1000.service: Killing process 1666594 (goa-daemon) with signal SIGKILL.
2026-08-18T23:45:49+02:00 nezha systemd[1]: user@1000.service: Killing process 1671444 (kgx) with signal SIGKILL.
2026-08-18T23:45:49+02:00 nezha systemd[1]: user@1000.service: Killing process 1666535 (gjs) with signal SIGKILL.
2026-08-18T23:45:49+02:00 nezha systemd[1]: user@1000.service: Killing process 1666485 (pasta.avx2) with signal SIGKILL.
2026-08-18T23:45:49+02:00 nezha systemd[1]: user@1000.service: Killing process 1668930 (postgres) with signal SIGKILL.
2026-08-18T23:45:49+02:00 nezha systemd[1]: user@1000.service: Killing process 1668932 (postgres) with signal SIGKILL.
2026-08-18T23:45:49+02:00 nezha systemd[1]: user@1000.service: Killing process 1670233 (tail) with signal SIGKILL.
2026-08-18T23:45:49+02:00 nezha systemd[1]: user@1000.service: Killing process 2317019 (jackett) with signal SIGKILL.
2026-08-18T23:45:49+02:00 nezha systemd[1]: user@1000.service: Killing process 2316682 (s6-supervise) with signal SIGKILL.
2026-08-18T23:45:49+02:00 nezha systemd[1]: user@1000.service: Killing process 2316902 (qbittorrent-nox) with signal SIGKILL.
2026-08-18T23:45:49+02:00 nezha systemd[1]: user@1000.service: Killing process 1666255 (postgres) with signal SIGKILL.
2026-08-18T23:45:49+02:00 nezha systemd[1]: user@1000.service: Killing process 1666232 (pasta.avx2) with signal SIGKILL.
2026-08-18T23:45:49+02:00 nezha systemd[1]: user@1000.service: Killing process 1666662 (Telegram) with signal SIGKILL.
2026-08-18T23:45:49+02:00 nezha systemd[1]: user@1000.service: Killing process 1665875 (pasta.avx2) with signal SIGKILL.
2026-08-18T23:45:49+02:00 nezha systemd[1]: user@1000.service: Killing process 1833336 (crashpad_handle) with signal SIGKILL.
2026-08-18T23:45:49+02:00 nezha systemd[1]: user@1000.service: Killing process 1833361 (max-service) with signal SIGKILL.
2026-08-18T23:45:49+02:00 nezha systemd[1]: user@1000.service: Killing process 1716101 (uv) with signal SIGKILL.
2026-08-18T23:45:49+02:00 nezha systemd[1]: user@1000.service: Killing process 1716586 (lumen-linux-amd) with signal SIGKILL.
2026-08-18T23:45:49+02:00 nezha systemd[1]: user@1000.service: Killing process 1716630 (npm exec fireba) with signal SIGKILL.
2026-08-18T23:45:49+02:00 nezha systemd[1]: user@1000.service: Killing process 1716763 (node) with signal SIGKILL.
2026-08-18T23:45:49+02:00 nezha systemd[1]: user@1000.service: Killing process 1716947 (MainThread) with signal SIGKILL.
2026-08-18T23:45:49+02:00 nezha systemd[1]: user@1000.service: Killing process 1716964 (npm exec chrome) with signal SIGKILL.
2026-08-18T23:45:49+02:00 nezha systemd[1]: user@1000.service: Killing process 2319406 (conmon) with signal SIGKILL.
2026-08-18T23:45:49+02:00 nezha systemd[1]: user@1000.service: Killing process 3111634 (python) with signal SIGKILL.
2026-08-18T23:45:49+02:00 nezha systemd[1]: user@1000.service: Killing process 1717201 (chrome-devtools) with signal SIGKILL.
2026-08-18T23:45:49+02:00 nezha systemd[1]: user@1000.service: Killing process 1716853 (hook-linux-amd6) with signal SIGKILL.
2026-08-18T23:45:49+02:00 nezha systemd[1]: user@1000.service: Killing process 1715244 (claude) with signal SIGKILL.
2026-08-18T23:45:49+02:00 nezha systemd[1]: user@1000.service: Killing process 1716926 (MainThread) with signal SIGKILL.
2026-08-18T23:45:49+02:00 nezha systemd[1]: user@1000.service: Killing process 1716730 (npm exec @cap-j) with signal SIGKILL.
2026-08-18T23:45:49+02:00 nezha systemd[1]: user@1000.service: Killing process 1716807 (node) with signal SIGKILL.
2026-08-18T23:45:49+02:00 nezha systemd[1]: user@1000.service: Killing process 1716100 (npm exec convex) with signal SIGKILL.
2026-08-18T23:45:49+02:00 nezha systemd[1]: user@1000.service: Killing process 1716541 (node) with signal SIGKILL.
2026-08-18T23:45:49+02:00 nezha systemd[1]: user@1000.service: Killing process 1716099 (uv) with signal SIGKILL.
2026-08-18T23:45:49+02:00 nezha systemd[1]: user@1000.service: Killing process 1717222 (node) with signal SIGKILL.
2026-08-18T23:45:49+02:00 nezha systemd[1]: user@1000.service: Killing process 1666062 (caddy) with signal SIGKILL.
2026-08-18T23:45:49+02:00 nezha systemd[1]: user@1000.service: Killing process 1666035 (pasta.avx2) with signal SIGKILL.
2026-08-18T23:45:49+02:00 nezha systemd[1]: user@1000.service: Killing process 1669214 (yandex_browser) with signal SIGKILL.
2026-08-18T23:45:49+02:00 nezha systemd[1]: user@1000.service: Killing process 1669217 (yandex_browser) with signal SIGKILL.
2026-08-18T23:45:49+02:00 nezha systemd[1]: user@1000.service: Killing process 3113532 (yandex_browser) with signal SIGKILL.
2026-08-18T23:45:49+02:00 nezha systemd[1]: user@1000.service: Killing process 1669284 (yandex_browser) with signal SIGKILL.
2026-08-18T23:45:49+02:00 nezha systemd[1]: user@1000.service: Killing process 1669499 (yandex_browser) with signal SIGKILL.
2026-08-18T23:45:49+02:00 nezha systemd[1]: user@1000.service: Killing process 1766502 (yandex_browser) with signal SIGKILL.
2026-08-18T23:45:49+02:00 nezha systemd[1]: user@1000.service: Killing process 1729649 (yandex_browser) with signal SIGKILL.
2026-08-18T23:45:49+02:00 nezha systemd[1]: user@1000.service: Killing process 1669507 (yandex_browser) with signal SIGKILL.
2026-08-18T23:45:49+02:00 nezha systemd[1]: user@1000.service: Killing process 1991550 (yandex_browser) with signal SIGKILL.
2026-08-18T23:45:49+02:00 nezha systemd[1]: user@1000.service: Killing process 1956388 (yandex_browser) with signal SIGKILL.
2026-08-18T23:45:49+02:00 nezha systemd[1]: user@1000.service: Killing process 1766683 (yandex_browser) with signal SIGKILL.
2026-08-18T23:45:49+02:00 nezha systemd[1]: user@1000.service: Killing process 1994707 (yandex_browser) with signal SIGKILL.
2026-08-18T23:45:49+02:00 nezha systemd[1]: user@1000.service: Killing process 1669255 (yandex_browser) with signal SIGKILL.
2026-08-18T23:45:49+02:00 nezha systemd[1]: user@1000.service: Killing process 1669196 (yandex_browser) with signal SIGKILL.
2026-08-18T23:45:49+02:00 nezha systemd[1]: user@1000.service: Killing process 2160839 (yandex_browser) with signal SIGKILL.
2026-08-18T23:45:49+02:00 nezha systemd[1]: user@1000.service: Killing process 1667130 (evolution-addre) with signal SIGKILL.
2026-08-18T23:45:49+02:00 nezha bluetoothd[1291]: Endpoint unregistered: sender=:1.13612 path=/MediaEndpoint/A2DPSource/ldac
2026-08-18T23:45:49+02:00 nezha bluetoothd[1291]: Endpoint unregistered: sender=:1.13612 path=/MediaEndpoint/A2DPSink/aptx_hd
2026-08-18T23:45:49+02:00 nezha bluetoothd[1291]: Endpoint unregistered: sender=:1.13612 path=/MediaEndpoint/A2DPSource/aptx_hd
2026-08-18T23:45:49+02:00 nezha bluetoothd[1291]: Endpoint unregistered: sender=:1.13612 path=/MediaEndpoint/A2DPSink/aptx
2026-08-18T23:45:49+02:00 nezha bluetoothd[1291]: Endpoint unregistered: sender=:1.13612 path=/MediaEndpoint/A2DPSource/aptx
2026-08-18T23:45:49+02:00 nezha bluetoothd[1291]: Endpoint unregistered: sender=:1.13612 path=/MediaEndpoint/A2DPSink/aac
2026-08-18T23:45:49+02:00 nezha bluetoothd[1291]: Endpoint unregistered: sender=:1.13612 path=/MediaEndpoint/A2DPSource/aac
2026-08-18T23:45:49+02:00 nezha bluetoothd[1291]: Endpoint unregistered: sender=:1.13612 path=/MediaEndpoint/A2DPSink/opus_g
2026-08-18T23:45:49+02:00 nezha bluetoothd[1291]: Endpoint unregistered: sender=:1.13612 path=/MediaEndpoint/A2DPSource/opus_g
2026-08-18T23:45:49+02:00 nezha bluetoothd[1291]: Endpoint unregistered: sender=:1.13612 path=/MediaEndpoint/A2DPSink/sbc
2026-08-18T23:45:49+02:00 nezha bluetoothd[1291]: Endpoint unregistered: sender=:1.13612 path=/MediaEndpoint/A2DPSource/sbc
2026-08-18T23:45:49+02:00 nezha bluetoothd[1291]: Endpoint unregistered: sender=:1.13612 path=/MediaEndpoint/A2DPSource/aptx_ll_1
2026-08-18T23:45:49+02:00 nezha bluetoothd[1291]: Endpoint unregistered: sender=:1.13612 path=/MediaEndpoint/A2DPSource/aptx_ll_0
2026-08-18T23:45:49+02:00 nezha bluetoothd[1291]: Endpoint unregistered: sender=:1.13612 path=/MediaEndpoint/A2DPSource/aptx_ll_duplex_1
2026-08-18T23:45:49+02:00 nezha bluetoothd[1291]: Endpoint unregistered: sender=:1.13612 path=/MediaEndpoint/A2DPSource/aptx_ll_duplex_0
2026-08-18T23:45:49+02:00 nezha bluetoothd[1291]: Endpoint unregistered: sender=:1.13612 path=/MediaEndpoint/A2DPSource/faststream
2026-08-18T23:45:49+02:00 nezha bluetoothd[1291]: Endpoint unregistered: sender=:1.13612 path=/MediaEndpoint/A2DPSource/faststream_duplex
2026-08-18T23:45:49+02:00 nezha bluetoothd[1291]: Endpoint unregistered: sender=:1.13612 path=/MediaEndpoint/A2DPSink/opus_05
2026-08-18T23:45:49+02:00 nezha bluetoothd[1291]: Endpoint unregistered: sender=:1.13612 path=/MediaEndpoint/A2DPSource/opus_05
2026-08-18T23:45:49+02:00 nezha bluetoothd[1291]: Endpoint unregistered: sender=:1.13612 path=/MediaEndpoint/A2DPSink/opus_05_duplex
2026-08-18T23:45:49+02:00 nezha bluetoothd[1291]: Endpoint unregistered: sender=:1.13612 path=/MediaEndpoint/A2DPSource/opus_05_duplex
2026-08-18T23:45:49+02:00 nezha audit: ANOM_PROMISCUOUS dev=veth1 prom=0 old_prom=256 auid=4294967295 uid=0 gid=0 ses=4294967295
2026-08-18T23:45:49+02:00 nezha kernel: podman2: port 1(veth1) entered disabled state
2026-08-18T23:45:49+02:00 nezha kernel: veth1 (unregistering): left allmulticast mode
2026-08-18T23:45:49+02:00 nezha kernel: veth1 (unregistering): left promiscuous mode
2026-08-18T23:45:49+02:00 nezha kernel: podman2: port 1(veth1) entered disabled state
2026-08-18T23:45:49+02:00 nezha polkitd[1363]: Unregistered Authentication Agent for unix-session:18 (system bus name :1.13491, object path /org/freedesktop/PolicyKit1/AuthenticationAgent, locale en_US.UTF-8) (disconnected from bus)
2026-08-18T23:45:49+02:00 nezha systemd[1]: session-18.scope: Deactivated successfully.
2026-08-18T23:45:49+02:00 nezha audit: ANOM_PROMISCUOUS dev=veth5 prom=0 old_prom=256 auid=4294967295 uid=0 gid=0 ses=4294967295
2026-08-18T23:45:49+02:00 nezha audit: ANOM_PROMISCUOUS dev=veth0 prom=0 old_prom=256 auid=4294967295 uid=0 gid=0 ses=4294967295
2026-08-18T23:45:49+02:00 nezha kernel: veth5: left allmulticast mode
2026-08-18T23:45:49+02:00 nezha kernel: veth5: left promiscuous mode
2026-08-18T23:45:49+02:00 nezha kernel: podman2: port 6(veth5) entered disabled state
2026-08-18T23:45:49+02:00 nezha kernel: veth0: left allmulticast mode
2026-08-18T23:45:49+02:00 nezha kernel: veth0: left promiscuous mode
2026-08-18T23:45:49+02:00 nezha kernel: podman2: port 4(veth0) entered disabled state
2026-08-18T23:45:49+02:00 nezha audit: ANOM_PROMISCUOUS dev=veth3 prom=0 old_prom=256 auid=4294967295 uid=0 gid=0 ses=4294967295
2026-08-18T23:45:49+02:00 nezha kernel: veth3: left allmulticast mode
2026-08-18T23:45:49+02:00 nezha kernel: veth3: left promiscuous mode
2026-08-18T23:45:49+02:00 nezha kernel: podman2: port 3(veth3) entered disabled state
2026-08-18T23:45:49+02:00 nezha audit: ANOM_PROMISCUOUS dev=veth2 prom=0 old_prom=256 auid=4294967295 uid=0 gid=0 ses=4294967295
2026-08-18T23:45:50+02:00 nezha kernel: veth2: left allmulticast mode
2026-08-18T23:45:50+02:00 nezha kernel: veth2: left promiscuous mode
2026-08-18T23:45:50+02:00 nezha kernel: podman2: port 2(veth2) entered disabled state
2026-08-18T23:45:50+02:00 nezha audit[3114608]: AUDIT1100 pid=3114608 uid=0 auid=4294967295 ses=4294967295 msg='op=PAM:authentication grantors=pam_succeed_if,pam_permit acct="gdm-greeter" exe="/usr/libexec/gdm-session-worker" hostname=nezha addr=? terminal=/dev/tty1 res=success'
2026-08-18T23:45:50+02:00 nezha audit[3114608]: AUDIT1101 pid=3114608 uid=0 auid=4294967295 ses=4294967295 msg='op=PAM:accounting grantors=pam_succeed_if,pam_permit acct="gdm-greeter" exe="/usr/libexec/gdm-session-worker" hostname=nezha addr=? terminal=/dev/tty1 res=success'
2026-08-18T23:45:50+02:00 nezha audit[3114608]: AUDIT1103 pid=3114608 uid=0 auid=4294967295 ses=4294967295 msg='op=PAM:setcred grantors=pam_permit acct="gdm-greeter" exe="/usr/libexec/gdm-session-worker" hostname=nezha addr=? terminal=/dev/tty1 res=success'
2026-08-18T23:45:50+02:00 nezha systemd[1]: user@1000.service: Failed with result 'signal'.
2026-08-18T23:45:50+02:00 nezha audit[1]: SERVICE_STOP pid=1 uid=0 auid=4294967295 ses=4294967295 msg='unit=user@1000 comm="systemd" exe="/usr/lib/systemd/systemd" hostname=? addr=? terminal=? res=failed'
2026-08-18T23:45:50+02:00 nezha systemd[1]: user@1000.service: Consumed 3h 3min 5.492s CPU time, 27.5G memory peak, 216.2M memory swap peak.
2026-08-18T23:45:50+02:00 nezha gdm-launch-environment][3114608]: pam_tcb(gdm-launch-environment:session): Session opened for gdm-greeter by (uid=0)
2026-08-18T23:45:50+02:00 nezha systemd-logind[1302]: Removed session 18.
2026-08-18T23:45:50+02:00 nezha audit[3114608]: SYSCALL arch=c000003e syscall=1 success=yes exit=5 a0=9 a1=7ffcc208d790 a2=5 a3=0 items=0 ppid=1531 pid=3114608 auid=60580 uid=0 gid=47 euid=0 suid=0 fsuid=0 egid=47 sgid=47 fsgid=47 tty=(none) ses=23 comm="gdm-session-wor" exe="/usr/libexec/gdm-session-worker" key=(null)
2026-08-18T23:45:50+02:00 nezha audit: PROCTITLE proctitle=67646D2D73657373696F6E2D776F726B6572205B70616D2F67646D2D6C61756E63682D656E7669726F6E6D656E745D
2026-08-18T23:45:50+02:00 nezha systemd[1]: Created slice user-60580.slice - User Slice of UID 60580.
2026-08-18T23:45:50+02:00 nezha systemd[1]: Starting user-runtime-dir@60580.service - User Runtime Directory /run/user/60580...
2026-08-18T23:45:50+02:00 nezha systemd-logind[1302]: New session '23' of user 'gdm-greeter' with class 'greeter' and type 'wayland'.
2026-08-18T23:45:50+02:00 nezha systemd[1]: Finished user-runtime-dir@60580.service - User Runtime Directory /run/user/60580.
2026-08-18T23:45:50+02:00 nezha audit[1]: SERVICE_START pid=1 uid=0 auid=4294967295 ses=4294967295 msg='unit=user-runtime-dir@60580 comm="systemd" exe="/usr/lib/systemd/systemd" hostname=? addr=? terminal=? res=success'
2026-08-18T23:45:50+02:00 nezha systemd[1]: Starting user@60580.service - User Manager for UID 60580...
2026-08-18T23:45:50+02:00 nezha audit[3114653]: AUDIT1101 pid=3114653 uid=0 auid=4294967295 ses=4294967295 msg='op=PAM:accounting grantors=pam_tcb acct="gdm-greeter" exe="/usr/lib/systemd/systemd-executor" hostname=? addr=? terminal=? res=success'
2026-08-18T23:45:50+02:00 nezha audit[3114653]: AUDIT1103 pid=3114653 uid=0 auid=4294967295 ses=4294967295 msg='op=PAM:setcred grantors=? acct="gdm-greeter" exe="/usr/lib/systemd/systemd-executor" hostname=? addr=? terminal=? res=failed'
2026-08-18T23:45:50+02:00 nezha (systemd)[3114653]: pam_tcb(systemd-user:session): Session opened for gdm-greeter by (uid=0)
2026-08-18T23:45:50+02:00 nezha audit[3114653]: SYSCALL arch=c000003e syscall=1 success=yes exit=5 a0=8 a1=7ffd394e8f20 a2=5 a3=0 items=0 ppid=1 pid=3114653 auid=60580 uid=0 gid=0 euid=0 suid=0 fsuid=0 egid=0 sgid=0 fsgid=0 tty=(none) ses=24 comm="(systemd)" exe="/usr/lib/systemd/systemd-executor" key=(null)
2026-08-18T23:45:50+02:00 nezha audit: PROCTITLE proctitle="(systemd)"
2026-08-18T23:45:50+02:00 nezha systemd-logind[1302]: New session '24' of user 'gdm-greeter' with class 'manager-early' and type 'unspecified'.
2026-08-18T23:45:50+02:00 nezha audit[3114653]: AUDIT1105 pid=3114653 uid=0 auid=60580 ses=24 msg='op=PAM:session_open grantors=pam_selinux,pam_selinux,pam_tcb,pam_mktemp,pam_limits,pam_loginuid,pam_systemd,pam_loginuid,pam_keyinit,pam_namespace acct="gdm-greeter" exe="/usr/lib/systemd/systemd-executor" hostname=? addr=? terminal=? res=success'
2026-08-18T23:45:50+02:00 nezha systemd[3114653]: Queued start job for default target default.target.
2026-08-18T23:45:50+02:00 nezha systemd[3114653]: Created slice app.slice - User Application Slice.
2026-08-18T23:45:50+02:00 nezha systemd[3114653]: Started systemd-tmpfiles-clean.timer - Daily Cleanup of User's Temporary Directories.
2026-08-18T23:45:50+02:00 nezha systemd[3114653]: Reached target paths.target - Paths.
2026-08-18T23:45:50+02:00 nezha systemd[3114653]: Reached target timers.target - Timers.
2026-08-18T23:45:50+02:00 nezha systemd[3114653]: Starting dbus.socket - D-Bus User Message Bus Socket...
2026-08-18T23:45:50+02:00 nezha systemd[3114653]: Listening on pipewire-pulse.socket - PipeWire PulseAudio.
2026-08-18T23:45:50+02:00 nezha systemd[3114653]: Listening on pipewire.socket - PipeWire Multimedia System Sockets.
2026-08-18T23:45:50+02:00 nezha systemd[3114653]: Listening on systemd-ask-password.socket - Query the User Interactively for a Password.
2026-08-18T23:45:50+02:00 nezha systemd[3114653]: Starting systemd-tmpfiles-setup.service - Create User Files and Directories...
2026-08-18T23:45:50+02:00 nezha systemd[3114653]: Listening on dbus.socket - D-Bus User Message Bus Socket.
2026-08-18T23:45:50+02:00 nezha systemd[3114653]: Reached target sockets.target - Sockets.
2026-08-18T23:45:50+02:00 nezha systemd[3114653]: Finished systemd-tmpfiles-setup.service - Create User Files and Directories.
2026-08-18T23:45:50+02:00 nezha systemd[3114653]: Reached target basic.target - Basic System.
2026-08-18T23:45:50+02:00 nezha systemd[3114653]: Reached target default.target - Main User Target.
2026-08-18T23:45:50+02:00 nezha systemd[3114653]: Startup finished in 117ms.
2026-08-18T23:45:50+02:00 nezha systemd[1]: Started user@60580.service - User Manager for UID 60580.
2026-08-18T23:45:50+02:00 nezha audit[1]: SERVICE_START pid=1 uid=0 auid=4294967295 ses=4294967295 msg='unit=user@60580 comm="systemd" exe="/usr/lib/systemd/systemd" hostname=? addr=? terminal=? res=success'
2026-08-18T23:45:50+02:00 nezha systemd[1]: Started session-23.scope - Session 23 of User gdm-greeter.
2026-08-18T23:45:50+02:00 nezha audit[3114608]: AUDIT1105 pid=3114608 uid=0 auid=60580 ses=23 msg='op=PAM:session_open grantors=pam_succeed_if,pam_tcb,pam_mktemp,pam_limits,pam_loginuid,pam_systemd,pam_permit acct="gdm-greeter" exe="/usr/libexec/gdm-session-worker" hostname=nezha addr=? terminal=/dev/tty1 res=success'
2026-08-18T23:45:50+02:00 nezha systemd[3114653]: Created slice session.slice - User Core Session Slice.
2026-08-18T23:45:50+02:00 nezha systemd[3114653]: Starting dbus.service - D-Bus User Message Bus...
2026-08-18T23:45:50+02:00 nezha systemd[3114653]: Started dbus.service - D-Bus User Message Bus.
2026-08-18T23:45:50+02:00 nezha dbus-daemon[3114672]: [session uid=60580 pid=3114672 pidfd=5] Successfully activated service 'org.freedesktop.systemd1'
2026-08-18T23:45:50+02:00 nezha gnome-session-i[3114674]: Starting GNOME session target: gnome-session@gnome-login.target
2026-08-18T23:45:50+02:00 nezha systemd[3114653]: Created slice app-gnome\x2dsession\x2dmanager.slice - Slice /app/gnome-session-manager.
2026-08-18T23:45:50+02:00 nezha systemd[3114653]: Starting gnome-session-monitor.service - Monitor Session leader for GNOME Session...
2026-08-18T23:45:50+02:00 nezha systemd[3114653]: spice-vdagent.service - Spice guest session agent skipped, unmet condition check ConditionPathExists=/run/spice-vdagentd/spice-vdagent-sock
2026-08-18T23:45:50+02:00 nezha systemd[3114653]: Starting xdg-user-dirs.service - Well known user directories update...
2026-08-18T23:45:50+02:00 nezha systemd[3114653]: Finished xdg-user-dirs.service - Well known user directories update.
2026-08-18T23:45:50+02:00 nezha systemd[3114653]: Reached target graphical-session-pre.target - Session services which should run early before the graphical session is brought up.
2026-08-18T23:45:50+02:00 nezha systemd[3114653]: Started gnome-session-monitor.service - Monitor Session leader for GNOME Session.
2026-08-18T23:45:50+02:00 nezha systemd[3114653]: Reached target gnome-session-pre.target - Tasks to be run before GNOME Session starts.
2026-08-18T23:45:50+02:00 nezha systemd[3114653]: Starting gnome-session-manager@gnome-login.service - GNOME Session Manager (session: gnome-login)...
2026-08-18T23:45:50+02:00 nezha systemd[3114653]: Started gnome-session-manager@gnome-login.service - GNOME Session Manager (session: gnome-login).
2026-08-18T23:45:50+02:00 nezha systemd[3114653]: Reached target gnome-session-manager.target - GNOME Session Manager is ready.
2026-08-18T23:45:50+02:00 nezha systemd[3114653]: Starting org.gnome.Shell@gdm.service - GNOME Shell...
2026-08-18T23:45:50+02:00 nezha gnome-shell[3114692]: Running GNOME Shell (using mutter 50.1) as a Wayland display server
2026-08-18T23:45:50+02:00 nezha rtkit-daemon[1298]: Supervising 0 threads of 0 processes of 0 users.
2026-08-18T23:45:50+02:00 nezha rtkit-daemon[1298]: Successfully made thread 3114707 of process 3114692 owned by '60580' high priority at nice level -15.
2026-08-18T23:45:50+02:00 nezha rtkit-daemon[1298]: Supervising 1 threads of 1 processes of 1 users.
2026-08-18T23:45:50+02:00 nezha gnome-shell[3114692]: Thread 'KMS thread' will be using high priority scheduling
2026-08-18T23:45:50+02:00 nezha gnome-shell[3114692]: Device '/dev/dri/card1' prefers shadow buffer
2026-08-18T23:45:51+02:00 nezha gnome-shell[3114692]: Added device '/dev/dri/card1' (i915) using atomic mode setting.
2026-08-18T23:45:51+02:00 nezha gnome-shell[3114692]: Created gbm renderer for '/dev/dri/card1'
2026-08-18T23:45:51+02:00 nezha gnome-shell[3114692]: GPU /dev/dri/card1 selected primary from builtin panel presence
2026-08-18T23:45:51+02:00 nezha gnome-shell[3114692]: Obtained a high priority EGL context
2026-08-18T23:45:51+02:00 nezha dbus-daemon[3114672]: [session uid=60580 pid=3114672 pidfd=5] Activating via systemd: service name='org.a11y.Bus' unit='at-spi-dbus-bus.service' requested by ':1.7' (uid=60580 pid=3114692 comm="/usr/bin/gnome-shell --mode=gdm")
2026-08-18T23:45:51+02:00 nezha systemd[3114653]: Starting at-spi-dbus-bus.service - Accessibility services bus...
2026-08-18T23:45:51+02:00 nezha dbus-daemon[3114672]: [session uid=60580 pid=3114672 pidfd=5] Successfully activated service 'org.a11y.Bus'
2026-08-18T23:45:51+02:00 nezha systemd[3114653]: Started at-spi-dbus-bus.service - Accessibility services bus.
2026-08-18T23:45:51+02:00 nezha gnome-shell[3114692]: Using public X11 display :1024, (using unix:/tmp/.X11-unix/X1025 for managed services)
2026-08-18T23:45:51+02:00 nezha gnome-shell[3114692]: Using Wayland display name 'wayland-0'
2026-08-18T23:45:51+02:00 nezha at-spi-bus-launcher[3114734]: dbus-daemon[3114734]: Activating service name='org.a11y.atspi.Registry' requested by ':1.0' (uid=60580 pid=3114692 comm="/usr/bin/gnome-shell --mode=gdm")
2026-08-18T23:45:51+02:00 nezha at-spi-bus-launcher[3114734]: dbus-daemon[3114734]: Successfully activated service 'org.a11y.atspi.Registry'
2026-08-18T23:45:51+02:00 nezha at-spi-bus-launcher[3114736]: SpiRegistry daemon is running with well-known name - org.a11y.atspi.Registry
2026-08-18T23:45:51+02:00 nezha gnome-shell[3114692]: Unset XDG_SESSION_ID, getCurrentSessionProxy() called outside a user session. Asking logind directly.
2026-08-18T23:45:51+02:00 nezha dbus-daemon[1294]: [system] Activating via systemd: service name='org.freedesktop.locale1' unit='dbus-org.freedesktop.locale1.service' requested by ':1.23059' (uid=60580 pid=3114692 comm="/usr/bin/gnome-shell --mode=gdm")
2026-08-18T23:45:51+02:00 nezha audit: BPF prog-id=88 op=LOAD
2026-08-18T23:45:51+02:00 nezha audit: BPF prog-id=89 op=LOAD
2026-08-18T23:45:51+02:00 nezha audit: BPF prog-id=90 op=LOAD
2026-08-18T23:45:51+02:00 nezha systemd[1]: Starting systemd-localed.service - Locale Service...
2026-08-18T23:45:51+02:00 nezha dbus-daemon[3114672]: [session uid=60580 pid=3114672 pidfd=5] Activating service name='org.gnome.Shell.Screencast' requested by ':1.6' (uid=60580 pid=3114692 comm="/usr/bin/gnome-shell --mode=gdm")
2026-08-18T23:45:51+02:00 nezha dbus-daemon[3114672]: [session uid=60580 pid=3114672 pidfd=5] Activating via systemd: service name='org.freedesktop.impl.portal.PermissionStore' unit='xdg-permission-store.service' requested by ':1.6' (uid=60580 pid=3114692 comm="/usr/bin/gnome-shell --mode=gdm")
2026-08-18T23:45:51+02:00 nezha systemd[3114653]: Starting xdg-permission-store.service - sandboxed app permission store...
2026-08-18T23:45:51+02:00 nezha systemd[1]: Started systemd-localed.service - Locale Service.
2026-08-18T23:45:51+02:00 nezha dbus-daemon[1294]: [system] Successfully activated service 'org.freedesktop.locale1'
2026-08-18T23:45:51+02:00 nezha audit[1]: SERVICE_START pid=1 uid=0 auid=4294967295 ses=4294967295 msg='unit=systemd-localed comm="systemd" exe="/usr/lib/systemd/systemd" hostname=? addr=? terminal=? res=success'
2026-08-18T23:45:51+02:00 nezha dbus-daemon[3114672]: [session uid=60580 pid=3114672 pidfd=5] Successfully activated service 'org.freedesktop.impl.portal.PermissionStore'
2026-08-18T23:45:51+02:00 nezha systemd[3114653]: Started xdg-permission-store.service - sandboxed app permission store.
2026-08-18T23:45:51+02:00 nezha gnome-shell[3114692]: Registering session with GDM
2026-08-18T23:45:51+02:00 nezha dbus-daemon[3114672]: [session uid=60580 pid=3114672 pidfd=5] Activating service name='org.gnome.Shell.Notifications' requested by ':1.6' (uid=60580 pid=3114692 comm="/usr/bin/gnome-shell --mode=gdm")
2026-08-18T23:45:51+02:00 nezha gnome-shell[3114692]: Extension apps-menu@gnome-shell-extensions.gcampax.github.com already installed in /usr/share/gnome-shell/extensions/apps-menu@gnome-shell-extensions.gcampax.github.com. /usr/share/gnome-shell/extensions/apps-menu@gnome-shell-extensions.gcampax.github.com will not be loaded
2026-08-18T23:45:51+02:00 nezha gnome-shell[3114692]: Extension auto-move-windows@gnome-shell-extensions.gcampax.github.com already installed in /usr/share/gnome-shell/extensions/auto-move-windows@gnome-shell-extensions.gcampax.github.com. /usr/share/gnome-shell/extensions/auto-move-windows@gnome-shell-extensions.gcampax.github.com will not be loaded
2026-08-18T23:45:51+02:00 nezha gnome-shell[3114692]: Extension drive-menu@gnome-shell-extensions.gcampax.github.com already installed in /usr/share/gnome-shell/extensions/drive-menu@gnome-shell-extensions.gcampax.github.com. /usr/share/gnome-shell/extensions/drive-menu@gnome-shell-extensions.gcampax.github.com will not be loaded
2026-08-18T23:45:51+02:00 nezha gnome-shell[3114692]: Extension launch-new-instance@gnome-shell-extensions.gcampax.github.com already installed in /usr/share/gnome-shell/extensions/launch-new-instance@gnome-shell-extensions.gcampax.github.com. /usr/share/gnome-shell/extensions/launch-new-instance@gnome-shell-extensions.gcampax.github.com will not be loaded
2026-08-18T23:45:51+02:00 nezha gnome-shell[3114692]: Extension light-style@gnome-shell-extensions.gcampax.github.com already installed in /usr/share/gnome-shell/extensions/light-style@gnome-shell-extensions.gcampax.github.com. /usr/share/gnome-shell/extensions/light-style@gnome-shell-extensions.gcampax.github.com will not be loaded
2026-08-18T23:45:51+02:00 nezha gnome-shell[3114692]: Extension native-window-placement@gnome-shell-extensions.gcampax.github.com already installed in /usr/share/gnome-shell/extensions/native-window-placement@gnome-shell-extensions.gcampax.github.com. /usr/share/gnome-shell/extensions/native-window-placement@gnome-shell-extensions.gcampax.github.com will not be loaded
2026-08-18T23:45:51+02:00 nezha gnome-shell[3114692]: Extension places-menu@gnome-shell-extensions.gcampax.github.com already installed in /usr/share/gnome-shell/extensions/places-menu@gnome-shell-extensions.gcampax.github.com. /usr/share/gnome-shell/extensions/places-menu@gnome-shell-extensions.gcampax.github.com will not be loaded
2026-08-18T23:45:51+02:00 nezha gnome-shell[3114692]: Extension screenshot-window-sizer@gnome-shell-extensions.gcampax.github.com already installed in /usr/share/gnome-shell/extensions/screenshot-window-sizer@gnome-shell-extensions.gcampax.github.com. /usr/share/gnome-shell/extensions/screenshot-window-sizer@gnome-shell-extensions.gcampax.github.com will not be loaded
2026-08-18T23:45:51+02:00 nezha gnome-shell[3114692]: Extension status-icons@gnome-shell-extensions.gcampax.github.com already installed in /usr/share/gnome-shell/extensions/status-icons@gnome-shell-extensions.gcampax.github.com. /usr/share/gnome-shell/extensions/status-icons@gnome-shell-extensions.gcampax.github.com will not be loaded
2026-08-18T23:45:51+02:00 nezha gnome-shell[3114692]: Extension system-monitor@gnome-shell-extensions.gcampax.github.com already installed in /usr/share/gnome-shell/extensions/system-monitor@gnome-shell-extensions.gcampax.github.com. /usr/share/gnome-shell/extensions/system-monitor@gnome-shell-extensions.gcampax.github.com will not be loaded
2026-08-18T23:45:51+02:00 nezha gnome-shell[3114692]: Extension user-theme@gnome-shell-extensions.gcampax.github.com already installed in /usr/share/gnome-shell/extensions/user-theme@gnome-shell-extensions.gcampax.github.com. /usr/share/gnome-shell/extensions/user-theme@gnome-shell-extensions.gcampax.github.com will not be loaded
2026-08-18T23:45:51+02:00 nezha gnome-shell[3114692]: Extension window-list@gnome-shell-extensions.gcampax.github.com already installed in /usr/share/gnome-shell/extensions/window-list@gnome-shell-extensions.gcampax.github.com. /usr/share/gnome-shell/extensions/window-list@gnome-shell-extensions.gcampax.github.com will not be loaded
2026-08-18T23:45:51+02:00 nezha gnome-shell[3114692]: Extension windowsNavigator@gnome-shell-extensions.gcampax.github.com already installed in /usr/share/gnome-shell/extensions/windowsNavigator@gnome-shell-extensions.gcampax.github.com. /usr/share/gnome-shell/extensions/windowsNavigator@gnome-shell-extensions.gcampax.github.com will not be loaded
2026-08-18T23:45:51+02:00 nezha gnome-shell[3114692]: Extension workspace-indicator@gnome-shell-extensions.gcampax.github.com already installed in /usr/share/gnome-shell/extensions/workspace-indicator@gnome-shell-extensions.gcampax.github.com. /usr/share/gnome-shell/extensions/workspace-indicator@gnome-shell-extensions.gcampax.github.com will not be loaded
2026-08-18T23:45:51+02:00 nezha gnome-shell[3114692]: Extension pipewire-settings@gaheldev.github.com already installed in /usr/share/gnome-shell/extensions/pipewire-settings@gaheldev.github.com. /usr/share/gnome-shell/extensions/pipewire-settings@gaheldev.github.com will not be loaded
2026-08-18T23:45:51+02:00 nezha systemd[3114653]: Started org.gnome.Shell@gdm.service - GNOME Shell.
2026-08-18T23:45:51+02:00 nezha systemd[3114653]: Reached target gnome-session-initialized.target - GNOME Session is initialized.
2026-08-18T23:45:51+02:00 nezha systemd[3114653]: Reached target gnome-session-basic-services.target - GNOME basic session services.
2026-08-18T23:45:51+02:00 nezha systemd[3114653]: Reached target gnome-session@gnome-login.target - GNOME Session (session: gnome-login).
2026-08-18T23:45:51+02:00 nezha systemd[3114653]: Starting gnome-session-signal-init.service - Signal initialization done to GNOME Session Manager...
2026-08-18T23:45:51+02:00 nezha systemd[3114653]: Starting org.freedesktop.IBus.session.GNOME.service - IBus Daemon for GNOME...
2026-08-18T23:45:51+02:00 nezha systemd[3114653]: Starting org.gnome.SettingsDaemon.A11ySettings.service - GNOME accessibility service...
2026-08-18T23:45:51+02:00 nezha systemd[3114653]: Starting org.gnome.SettingsDaemon.Keyboard.service - GNOME keyboard configuration service...
2026-08-18T23:45:51+02:00 nezha systemd[3114653]: Starting org.gnome.SettingsDaemon.MediaKeys.service - GNOME keyboard shortcuts service...
2026-08-18T23:45:51+02:00 nezha systemd[3114653]: Starting org.gnome.SettingsDaemon.Power.service - GNOME power management service...
2026-08-18T23:45:51+02:00 nezha gnome-session-service[3114686]: Entering running state
2026-08-18T23:45:51+02:00 nezha systemd[3114653]: Starting org.gnome.SettingsDaemon.Rfkill.service - GNOME RFKill support service...
2026-08-18T23:45:51+02:00 nezha systemd[3114653]: Starting org.gnome.SettingsDaemon.Sharing.service - GNOME file sharing service...
2026-08-18T23:45:51+02:00 nezha systemd[3114653]: Starting org.gnome.SettingsDaemon.Smartcard.service - GNOME smartcard service...
2026-08-18T23:45:51+02:00 nezha systemd[3114653]: Starting org.gnome.SettingsDaemon.UsbProtection.service - GNOME USB protection service...
2026-08-18T23:45:51+02:00 nezha systemd[3114653]: Finished gnome-session-signal-init.service - Signal initialization done to GNOME Session Manager.
2026-08-18T23:45:51+02:00 nezha systemd[3114653]: Started org.gnome.SettingsDaemon.A11ySettings.service - GNOME accessibility service.
2026-08-18T23:45:51+02:00 nezha systemd[3114653]: Reached target org.gnome.SettingsDaemon.A11ySettings.target - GNOME accessibility target.
2026-08-18T23:45:51+02:00 nezha gsd-a11y-settings[3114780]: Failed to stop orca.service: GDBus.Error:org.freedesktop.systemd1.NoSuchUnit: Unit orca.service not loaded.
2026-08-18T23:45:51+02:00 nezha gsd-a11y-settings[3114780]: Failed to disable orca.service: GDBus.Error:org.freedesktop.systemd1.NoSuchUnit: Unit orca.service does not exist
2026-08-18T23:45:51+02:00 nezha systemd[3114653]: Started org.gnome.SettingsDaemon.Keyboard.service - GNOME keyboard configuration service.
2026-08-18T23:45:51+02:00 nezha systemd[3114653]: Reached target org.gnome.SettingsDaemon.Keyboard.target - GNOME keyboard configuration target.
2026-08-18T23:45:51+02:00 nezha systemd[3114653]: Started org.gnome.SettingsDaemon.Rfkill.service - GNOME RFKill support service.
2026-08-18T23:45:51+02:00 nezha systemd[3114653]: Reached target org.gnome.SettingsDaemon.Rfkill.target - GNOME RFKill support target.
2026-08-18T23:45:51+02:00 nezha dbus-daemon[1294]: [system] Activating via systemd: service name='org.freedesktop.hostname1' unit='dbus-org.freedesktop.hostname1.service' requested by ':1.23065' (uid=60580 pid=3114795 comm="/usr/libexec/gsd-rfkill")
2026-08-18T23:45:51+02:00 nezha audit: BPF prog-id=86 op=UNLOAD
2026-08-18T23:45:51+02:00 nezha audit: BPF prog-id=85 op=UNLOAD
2026-08-18T23:45:51+02:00 nezha systemd[3114653]: Started org.gnome.SettingsDaemon.UsbProtection.service - GNOME USB protection service.
2026-08-18T23:45:51+02:00 nezha systemd[3114653]: Reached target org.gnome.SettingsDaemon.UsbProtection.target - GNOME USB protection target.
2026-08-18T23:45:51+02:00 nezha audit: BPF prog-id=91 op=LOAD
2026-08-18T23:45:51+02:00 nezha audit: BPF prog-id=92 op=LOAD
2026-08-18T23:45:51+02:00 nezha audit: BPF prog-id=93 op=LOAD
2026-08-18T23:45:51+02:00 nezha systemd[1]: Starting systemd-hostnamed.service - Hostname Service...
2026-08-18T23:45:51+02:00 nezha systemd[3114653]: Started org.gnome.SettingsDaemon.Smartcard.service - GNOME smartcard service.
2026-08-18T23:45:51+02:00 nezha systemd[3114653]: Reached target org.gnome.SettingsDaemon.Smartcard.target - GNOME smartcard target.
2026-08-18T23:45:51+02:00 nezha systemd[3114653]: Started org.gnome.SettingsDaemon.Sharing.service - GNOME file sharing service.
2026-08-18T23:45:51+02:00 nezha systemd[3114653]: Reached target org.gnome.SettingsDaemon.Sharing.target - GNOME file sharing target.
2026-08-18T23:45:51+02:00 nezha systemd[3114653]: Started org.gnome.SettingsDaemon.Power.service - GNOME power management service.
2026-08-18T23:45:51+02:00 nezha systemd[3114653]: Reached target org.gnome.SettingsDaemon.Power.target - GNOME power management target.
2026-08-18T23:45:51+02:00 nezha dbus-daemon[3114672]: [session uid=60580 pid=3114672 pidfd=5] Activating service name='org.freedesktop.portal.IBus' requested by ':1.22' (uid=60580 pid=3114779 comm="/usr/bin/ibus-daemon --panel disable")
2026-08-18T23:45:51+02:00 nezha systemd[3114653]: Started org.freedesktop.IBus.session.GNOME.service - IBus Daemon for GNOME.
2026-08-18T23:45:51+02:00 nezha dbus-daemon[3114672]: [session uid=60580 pid=3114672 pidfd=5] Activating service name='org.gnome.ScreenSaver' requested by ':1.17' (uid=60580 pid=3114811 comm="/usr/libexec/gsd-usb-protection")
2026-08-18T23:45:51+02:00 nezha dbus-daemon[3114672]: [session uid=60580 pid=3114672 pidfd=5] Successfully activated service 'org.gnome.Shell.Notifications'
2026-08-18T23:45:51+02:00 nezha systemd[3114653]: Started org.gnome.SettingsDaemon.MediaKeys.service - GNOME keyboard shortcuts service.
2026-08-18T23:45:51+02:00 nezha systemd[3114653]: Reached target org.gnome.SettingsDaemon.MediaKeys.target - GNOME keyboard shortcuts target.
2026-08-18T23:45:51+02:00 nezha systemd[3114653]: Reached target gnome-session.target - GNOME Session.
2026-08-18T23:45:51+02:00 nezha systemd[3114653]: Reached target graphical-session.target - Current graphical user session.
2026-08-18T23:45:51+02:00 nezha dbus-daemon[3114672]: [session uid=60580 pid=3114672 pidfd=5] Successfully activated service 'org.freedesktop.portal.IBus'
2026-08-18T23:45:51+02:00 nezha systemd[3114653]: Started pipewire.service - PipeWire Multimedia Service.
2026-08-18T23:45:51+02:00 nezha systemd[3114653]: Started wireplumber.service - Multimedia Service Session Manager.
2026-08-18T23:45:51+02:00 nezha systemd[3114653]: Started pipewire-pulse.service - PipeWire PulseAudio.
2026-08-18T23:45:51+02:00 nezha rtkit-daemon[1298]: Supervising 1 threads of 1 processes of 1 users.
2026-08-18T23:45:51+02:00 nezha rtkit-daemon[1298]: Supervising 1 threads of 1 processes of 1 users.
2026-08-18T23:45:51+02:00 nezha rtkit-daemon[1298]: Supervising 1 threads of 1 processes of 1 users.
2026-08-18T23:45:51+02:00 nezha rtkit-daemon[1298]: Supervising 1 threads of 1 processes of 1 users.
2026-08-18T23:45:51+02:00 nezha audit[1]: SERVICE_START pid=1 uid=0 auid=4294967295 ses=4294967295 msg='unit=systemd-hostnamed comm="systemd" exe="/usr/lib/systemd/systemd" hostname=? addr=? terminal=? res=success'
2026-08-18T23:45:51+02:00 nezha systemd[1]: Started systemd-hostnamed.service - Hostname Service.
2026-08-18T23:45:51+02:00 nezha dbus-daemon[1294]: [system] Successfully activated service 'org.freedesktop.hostname1'
2026-08-18T23:45:51+02:00 nezha gnome-shell[3114692]: Unset XDG_SESSION_ID, getCurrentSessionProxy() called outside a user session. Asking logind directly.
2026-08-18T23:45:51+02:00 nezha dbus-daemon[1294]: [system] Activating via systemd: service name='org.freedesktop.realmd' unit='realmd.service' requested by ':1.23059' (uid=60580 pid=3114692 comm="/usr/bin/gnome-shell --mode=gdm")
2026-08-18T23:45:51+02:00 nezha audit: BPF prog-id=94 op=LOAD
2026-08-18T23:45:51+02:00 nezha systemd[1]: Starting realmd.service - Realm and Domain Configuration...
2026-08-18T23:45:51+02:00 nezha kernel: rfkill: input handler disabled
2026-08-18T23:45:51+02:00 nezha dbus-daemon[3114672]: [session uid=60580 pid=3114672 pidfd=5] Successfully activated service 'org.gnome.ScreenSaver'
2026-08-18T23:45:51+02:00 nezha rtkit-daemon[1298]: Successfully made thread 3114863 of process 3114863 owned by '60580' high priority at nice level -11.
2026-08-18T23:45:51+02:00 nezha rtkit-daemon[1298]: Supervising 2 threads of 2 processes of 1 users.
2026-08-18T23:45:51+02:00 nezha rtkit-daemon[1298]: Successfully made thread 3114888 of process 3114863 owned by '60580' RT at priority 20.
2026-08-18T23:45:51+02:00 nezha rtkit-daemon[1298]: Supervising 3 threads of 2 processes of 1 users.
2026-08-18T23:45:51+02:00 nezha rtkit-daemon[1298]: Supervising 3 threads of 2 processes of 1 users.
2026-08-18T23:45:51+02:00 nezha rtkit-daemon[1298]: Supervising 3 threads of 2 processes of 1 users.
2026-08-18T23:45:51+02:00 nezha rtkit-daemon[1298]: Supervising 3 threads of 2 processes of 1 users.
2026-08-18T23:45:51+02:00 nezha rtkit-daemon[1298]: Supervising 3 threads of 2 processes of 1 users.
2026-08-18T23:45:51+02:00 nezha rtkit-daemon[1298]: Supervising 3 threads of 2 processes of 1 users.
2026-08-18T23:45:51+02:00 nezha rtkit-daemon[1298]: Successfully made thread 3114857 of process 3114857 owned by '60580' high priority at nice level -11.
2026-08-18T23:45:51+02:00 nezha rtkit-daemon[1298]: Supervising 4 threads of 3 processes of 1 users.
2026-08-18T23:45:51+02:00 nezha rtkit-daemon[1298]: Successfully made thread 3114885 of process 3114857 owned by '60580' RT at priority 20.
2026-08-18T23:45:51+02:00 nezha rtkit-daemon[1298]: Supervising 5 threads of 3 processes of 1 users.
2026-08-18T23:45:51+02:00 nezha rtkit-daemon[1298]: Successfully made thread 3114860 of process 3114860 owned by '60580' high priority at nice level -11.
2026-08-18T23:45:51+02:00 nezha rtkit-daemon[1298]: Supervising 6 threads of 4 processes of 1 users.
2026-08-18T23:45:51+02:00 nezha realmd[3114898]: Loaded settings from: /usr/lib/realmd/realmd-defaults.conf /usr/lib/realmd/realmd-distro.conf /etc/realmd.conf
2026-08-18T23:45:51+02:00 nezha realmd[3114898]: holding daemon: startup
2026-08-18T23:45:51+02:00 nezha realmd[3114898]: starting service
2026-08-18T23:45:51+02:00 nezha realmd[3114898]: connected to bus
2026-08-18T23:45:51+02:00 nezha realmd[3114898]: GLib-GIO: _g_io_module_get_default: Found default implementation local (GLocalVfs) for ‘gio-vfs’
2026-08-18T23:45:51+02:00 nezha realmd[3114898]: released daemon: startup
2026-08-18T23:45:51+02:00 nezha dbus-daemon[1294]: [system] Successfully activated service 'org.freedesktop.realmd'
2026-08-18T23:45:51+02:00 nezha realmd[3114898]: claimed name on bus: org.freedesktop.realmd
2026-08-18T23:45:51+02:00 nezha audit[1]: SERVICE_START pid=1 uid=0 auid=4294967295 ses=4294967295 msg='unit=realmd comm="systemd" exe="/usr/lib/systemd/systemd" hostname=? addr=? terminal=? res=success'
2026-08-18T23:45:51+02:00 nezha systemd[1]: Started realmd.service - Realm and Domain Configuration.
2026-08-18T23:45:51+02:00 nezha dbus-daemon[1294]: [system] Activating via systemd: service name='net.reactivated.Fprint' unit='fprintd.service' requested by ':1.23059' (uid=60580 pid=3114692 comm="/usr/bin/gnome-shell --mode=gdm")
2026-08-18T23:45:51+02:00 nezha gsd-usb-protection[3114811]: Failed to fetch USBGuard parameters: GDBus.Error:org.freedesktop.DBus.Error.ServiceUnknown: The name org.usbguard1 was not provided by any .service files
2026-08-18T23:45:51+02:00 nezha gnome-shell[3114692]: Will monitor session 23
2026-08-18T23:45:51+02:00 nezha audit: BPF prog-id=95 op=LOAD
2026-08-18T23:45:51+02:00 nezha systemd[1]: Starting fprintd.service - Fingerprint Authentication Daemon...
2026-08-18T23:45:51+02:00 nezha gnome-shell[3114692]: Will monitor session 23
2026-08-18T23:45:51+02:00 nezha gsd-media-keys[3114789]: Failed to grab accelerator for keybinding settings:hibernate
2026-08-18T23:45:51+02:00 nezha gsd-media-keys[3114789]: Failed to grab accelerator for keybinding settings:playback-repeat
2026-08-18T23:45:51+02:00 nezha dbus-daemon[1294]: [system] Successfully activated service 'net.reactivated.Fprint'
2026-08-18T23:45:51+02:00 nezha systemd[1]: Started fprintd.service - Fingerprint Authentication Daemon.
2026-08-18T23:45:51+02:00 nezha audit[1]: SERVICE_START pid=1 uid=0 auid=4294967295 ses=4294967295 msg='unit=fprintd comm="systemd" exe="/usr/lib/systemd/systemd" hostname=? addr=? terminal=? res=success'
2026-08-18T23:45:52+02:00 nezha gnome-shell[3114692]: Error looking up permission: GDBus.Error:org.freedesktop.portal.Error.NotFound: No entry for geolocation
2026-08-18T23:45:52+02:00 nezha dbus-daemon[1294]: [system] Activating via systemd: service name='org.freedesktop.MalcontentTimer1' unit='malcontent-timerd.service' requested by ':1.23059' (uid=60580 pid=3114692 comm="/usr/bin/gnome-shell --mode=gdm")
2026-08-18T23:45:52+02:00 nezha audit: BPF prog-id=96 op=LOAD
2026-08-18T23:45:52+02:00 nezha audit: BPF prog-id=97 op=LOAD
2026-08-18T23:45:52+02:00 nezha audit: BPF prog-id=98 op=LOAD
2026-08-18T23:45:52+02:00 nezha systemd[1]: Starting malcontent-timerd.service - Parental Controls Timer Daemon...
2026-08-18T23:45:52+02:00 nezha polkitd[1363]: Registered Authentication Agent for unix-session:23 (system bus name :1.23059 [/usr/bin/gnome-shell --mode=gdm], object path /org/freedesktop/PolicyKit1/AuthenticationAgent, locale en_US.UTF-8)
2026-08-18T23:45:52+02:00 nezha NetworkManager[1385]: <info>  [1787089552.1838] agent-manager: agent[ebb165ae2bd9bf30,:1.23059/org.gnome.Shell.NetworkAgent/60580]: agent registered
2026-08-18T23:45:52+02:00 nezha rtkit-daemon[1298]: Supervising 6 threads of 4 processes of 1 users.
2026-08-18T23:45:52+02:00 nezha rtkit-daemon[1298]: Supervising 6 threads of 4 processes of 1 users.
2026-08-18T23:45:52+02:00 nezha rtkit-daemon[1298]: Supervising 6 threads of 4 processes of 1 users.
2026-08-18T23:45:52+02:00 nezha dbus-daemon[1294]: [system] Successfully activated service 'org.freedesktop.MalcontentTimer1'
2026-08-18T23:45:52+02:00 nezha systemd[1]: Started malcontent-timerd.service - Parental Controls Timer Daemon.
2026-08-18T23:45:52+02:00 nezha audit[1]: SERVICE_START pid=1 uid=0 auid=4294967295 ses=4294967295 msg='unit=malcontent-timerd comm="systemd" exe="/usr/lib/systemd/systemd" hostname=? addr=? terminal=? res=success'
2026-08-18T23:45:52+02:00 nezha dbus-daemon[1294]: [system] Activating via systemd: service name='org.freedesktop.GeoClue2' unit='geoclue.service' requested by ':1.23059' (uid=60580 pid=3114692 comm="/usr/bin/gnome-shell --mode=gdm")
2026-08-18T23:45:52+02:00 nezha systemd[1]: Starting geoclue.service - Location Lookup Service...
2026-08-18T23:45:52+02:00 nezha gnome-shell[3114692]: Failed to record usage: GDBus.Error:org.freedesktop.MalcontentTimer1.Child.Error.IdentifyingUser: Error identifying user: Invalid or unknown user
2026-08-18T23:45:52+02:00 nezha gnome-shell[3114692]: Failed to get PolKit permission: Polkit.Error: GDBus.Error:org.freedesktop.PolicyKit1.Error.Failed: Action org.freedesktop.bolt.enroll is not registered
2026-08-18T23:45:52+02:00 nezha dbus-daemon[3114672]: [session uid=60580 pid=3114672 pidfd=5] Activating via systemd: service name='ca.desrt.dconf' unit='dconf.service' requested by ':1.6' (uid=60580 pid=3114692 comm="/usr/bin/gnome-shell --mode=gdm")
2026-08-18T23:45:52+02:00 nezha systemd[3114653]: Starting dconf.service - User preferences database...
2026-08-18T23:45:52+02:00 nezha dbus-daemon[1294]: [system] Successfully activated service 'org.freedesktop.GeoClue2'
2026-08-18T23:45:52+02:00 nezha gnome-shell[3114692]: Type GITypeInfo of property NM.Object::client does not match return type GITypeInfo of getter get_client. Falling back to slow path
2026-08-18T23:45:52+02:00 nezha systemd[1]: Started geoclue.service - Location Lookup Service.
2026-08-18T23:45:52+02:00 nezha audit[1]: SERVICE_START pid=1 uid=0 auid=4294967295 ses=4294967295 msg='unit=geoclue comm="systemd" exe="/usr/lib/systemd/systemd" hostname=? addr=? terminal=? res=success'
2026-08-18T23:45:52+02:00 nezha dbus-daemon[3114672]: [session uid=60580 pid=3114672 pidfd=5] Successfully activated service 'ca.desrt.dconf'
2026-08-18T23:45:52+02:00 nezha systemd[3114653]: Started dconf.service - User preferences database.
2026-08-18T23:45:52+02:00 nezha gnome-shell[3114692]: Registering display with GDM
2026-08-18T23:45:52+02:00 nezha systemd[3114653]: Reached target gnome-session-x11-services.target - GNOME session X11 services.
2026-08-18T23:45:52+02:00 nezha systemd[3114653]: Starting org.gnome.SettingsDaemon.XSettings.service - GNOME XSettings service...
2026-08-18T23:45:52+02:00 nezha gnome-shell[3115006]: The XKEYBOARD keymap compiler (xkbcomp) reports:
2026-08-18T23:45:52+02:00 nezha gnome-shell[3115006]: > Warning:          Unsupported maximum keycode 708, clipping.
2026-08-18T23:45:52+02:00 nezha gnome-shell[3115006]: >                   X11 cannot support keycodes above 255.
2026-08-18T23:45:52+02:00 nezha gnome-shell[3115006]: > Warning:          Virtual modifier Hyper multiply defined
2026-08-18T23:45:52+02:00 nezha gnome-shell[3115006]: >                   Using 0, ignoring 0
2026-08-18T23:45:52+02:00 nezha gnome-shell[3115006]: > Warning:          Virtual modifier ScrollLock multiply defined
2026-08-18T23:45:52+02:00 nezha gnome-shell[3115006]: >                   Using 0, ignoring 0
2026-08-18T23:45:52+02:00 nezha gnome-shell[3115006]: Errors from xkbcomp are not fatal to the X server
2026-08-18T23:45:52+02:00 nezha systemd[3114653]: Started org.gnome.SettingsDaemon.XSettings.service - GNOME XSettings service.
2026-08-18T23:45:52+02:00 nezha systemd[3114653]: Reached target gnome-session-x11-services-ready.target - GNOME session X11 services.
2026-08-18T23:45:52+02:00 nezha systemd[3114653]: org.gnome.SettingsDaemon.XSettings.target - GNOME XSettings target is inactive.
2026-08-18T23:45:52+02:00 nezha gsd-xsettings[3115007]: Failed to get current UI scaling factor: GDBus.Error:org.freedesktop.DBus.Error.NameHasNoOwner: Name "org.gnome.Mutter.X11" does not exist
2026-08-18T23:45:52+02:00 nezha rtkit-daemon[1298]: Successfully made thread 3115023 of process 3114860 owned by '60580' RT at priority 20.
2026-08-18T23:45:52+02:00 nezha rtkit-daemon[1298]: Supervising 7 threads of 4 processes of 1 users.
2026-08-18T23:45:52+02:00 nezha dbus-daemon[3114672]: [session uid=60580 pid=3114672 pidfd=5] Activating via systemd: service name='org.freedesktop.portal.Desktop' unit='xdg-desktop-portal.service' requested by ':1.38' (uid=60580 pid=3114745 comm="/usr/bin/gjs -m /usr/share/gnome-shell/org.gnome.S")
2026-08-18T23:45:52+02:00 nezha systemd[3114653]: Starting xdg-desktop-portal.service - Portal service...
2026-08-18T23:45:52+02:00 nezha dbus-daemon[3114672]: [session uid=60580 pid=3114672 pidfd=5] Activating via systemd: service name='org.freedesktop.portal.Documents' unit='xdg-document-portal.service' requested by ':1.39' (uid=60580 pid=3115037 comm="/usr/libexec/xdg-desktop-portal")
2026-08-18T23:45:52+02:00 nezha systemd[3114653]: Starting xdg-document-portal.service - flatpak document portal service...
2026-08-18T23:45:52+02:00 nezha dbus-daemon[3114672]: [session uid=60580 pid=3114672 pidfd=5] Successfully activated service 'org.freedesktop.portal.Documents'
2026-08-18T23:45:52+02:00 nezha systemd[3114653]: Started xdg-document-portal.service - flatpak document portal service.
2026-08-18T23:45:52+02:00 nezha dbus-daemon[3114672]: [session uid=60580 pid=3114672 pidfd=5] Activating via systemd: service name='org.freedesktop.impl.portal.desktop.gnome' unit='xdg-desktop-portal-gnome.service' requested by ':1.39' (uid=60580 pid=3115037 comm="/usr/libexec/xdg-desktop-portal")
2026-08-18T23:45:52+02:00 nezha systemd[3114653]: Starting xdg-desktop-portal-gnome.service - Portal service (GNOME implementation)...
2026-08-18T23:45:52+02:00 nezha bluetoothd[1291]: Endpoint registered: sender=:1.23083 path=/MediaEndpoint/A2DPSource/ldac
2026-08-18T23:45:52+02:00 nezha bluetoothd[1291]: Endpoint registered: sender=:1.23083 path=/MediaEndpoint/A2DPSink/aptx_hd
2026-08-18T23:45:52+02:00 nezha bluetoothd[1291]: Endpoint registered: sender=:1.23083 path=/MediaEndpoint/A2DPSource/aptx_hd
2026-08-18T23:45:52+02:00 nezha bluetoothd[1291]: Endpoint registered: sender=:1.23083 path=/MediaEndpoint/A2DPSink/aptx
2026-08-18T23:45:52+02:00 nezha bluetoothd[1291]: Endpoint registered: sender=:1.23083 path=/MediaEndpoint/A2DPSource/aptx
2026-08-18T23:45:52+02:00 nezha bluetoothd[1291]: Endpoint registered: sender=:1.23083 path=/MediaEndpoint/A2DPSink/aac
2026-08-18T23:45:52+02:00 nezha bluetoothd[1291]: Endpoint registered: sender=:1.23083 path=/MediaEndpoint/A2DPSource/aac
2026-08-18T23:45:52+02:00 nezha bluetoothd[1291]: Endpoint registered: sender=:1.23083 path=/MediaEndpoint/A2DPSink/opus_g
2026-08-18T23:45:52+02:00 nezha bluetoothd[1291]: Endpoint registered: sender=:1.23083 path=/MediaEndpoint/A2DPSource/opus_g
2026-08-18T23:45:52+02:00 nezha bluetoothd[1291]: Endpoint registered: sender=:1.23083 path=/MediaEndpoint/A2DPSink/sbc
2026-08-18T23:45:52+02:00 nezha bluetoothd[1291]: Endpoint registered: sender=:1.23083 path=/MediaEndpoint/A2DPSource/sbc
2026-08-18T23:45:52+02:00 nezha bluetoothd[1291]: Endpoint registered: sender=:1.23083 path=/MediaEndpoint/A2DPSource/aptx_ll_1
2026-08-18T23:45:52+02:00 nezha bluetoothd[1291]: Endpoint registered: sender=:1.23083 path=/MediaEndpoint/A2DPSource/aptx_ll_0
2026-08-18T23:45:52+02:00 nezha bluetoothd[1291]: Endpoint registered: sender=:1.23083 path=/MediaEndpoint/A2DPSource/aptx_ll_duplex_1
2026-08-18T23:45:52+02:00 nezha bluetoothd[1291]: Endpoint registered: sender=:1.23083 path=/MediaEndpoint/A2DPSource/aptx_ll_duplex_0
2026-08-18T23:45:52+02:00 nezha bluetoothd[1291]: Endpoint registered: sender=:1.23083 path=/MediaEndpoint/A2DPSource/faststream
2026-08-18T23:45:52+02:00 nezha bluetoothd[1291]: Endpoint registered: sender=:1.23083 path=/MediaEndpoint/A2DPSource/faststream_duplex
2026-08-18T23:45:52+02:00 nezha bluetoothd[1291]: Endpoint registered: sender=:1.23083 path=/MediaEndpoint/A2DPSink/opus_05
2026-08-18T23:45:52+02:00 nezha bluetoothd[1291]: Endpoint registered: sender=:1.23083 path=/MediaEndpoint/A2DPSource/opus_05
2026-08-18T23:45:52+02:00 nezha bluetoothd[1291]: Endpoint registered: sender=:1.23083 path=/MediaEndpoint/A2DPSink/opus_05_duplex
2026-08-18T23:45:52+02:00 nezha bluetoothd[1291]: Endpoint registered: sender=:1.23083 path=/MediaEndpoint/A2DPSource/opus_05_duplex
2026-08-18T23:45:52+02:00 nezha gsd-media-keys[3114789]: Unable to get default sink
2026-08-18T23:45:52+02:00 nezha wireplumber[3114860]: [12:37:31.890151207] [3114860]  INFO Camera camera_manager.cpp:340 libcamera v0.7.1
2026-08-18T23:45:52+02:00 nezha wireplumber[3114860]: [12:37:31.894608238] [3115067]  INFO Camera camera_manager.cpp:223 Adding camera '\_SB_.PC00.XHCI.RHUB.HS07-7:1.0-04f2:b6f9' for pipeline handler uvcvideo
2026-08-18T23:45:52+02:00 nezha wireplumber[3114860]: [12:37:31.894817611] [3115067]  INFO Camera camera_manager.cpp:223 Adding camera '\_SB_.PC00.XHCI.RHUB.HS07-7:1.2-04f2:b6f9' for pipeline handler uvcvideo
2026-08-18T23:45:52+02:00 nezha dbus-daemon[3114672]: [session uid=60580 pid=3114672 pidfd=5] Activating service name='org.gnome.Settings.GlobalShortcutsProvider' requested by ':1.42' (uid=60580 pid=3115059 comm="/usr/libexec/xdg-desktop-portal-gnome")
2026-08-18T23:45:52+02:00 nezha dbus-daemon[3114672]: [session uid=60580 pid=3114672 pidfd=5] Successfully activated service 'org.gnome.Settings.GlobalShortcutsProvider'
2026-08-18T23:45:52+02:00 nezha dbus-daemon[3114672]: [session uid=60580 pid=3114672 pidfd=5] Successfully activated service 'org.freedesktop.impl.portal.desktop.gnome'
2026-08-18T23:45:52+02:00 nezha systemd[3114653]: Started xdg-desktop-portal-gnome.service - Portal service (GNOME implementation).
2026-08-18T23:45:52+02:00 nezha xdg-desktop-portal-gnome[3115059]: Monitor 'Built-in display' has no configuration which is-current!
2026-08-18T23:45:52+02:00 nezha rtkit-daemon[1298]: Supervising 7 threads of 4 processes of 1 users.
2026-08-18T23:45:52+02:00 nezha rtkit-daemon[1298]: Supervising 7 threads of 4 processes of 1 users.
2026-08-18T23:45:52+02:00 nezha rtkit-daemon[1298]: Supervising 7 threads of 4 processes of 1 users.
2026-08-18T23:45:52+02:00 nezha dbus-daemon[3114672]: [session uid=60580 pid=3114672 pidfd=5] Activating via systemd: service name='org.freedesktop.impl.portal.desktop.gtk' unit='xdg-desktop-portal-gtk.service' requested by ':1.39' (uid=60580 pid=3115037 comm="/usr/libexec/xdg-desktop-portal")
2026-08-18T23:45:52+02:00 nezha systemd[3114653]: Starting xdg-desktop-portal-gtk.service - Portal service (GTK/GNOME implementation)...
2026-08-18T23:45:52+02:00 nezha dbus-daemon[3114672]: [session uid=60580 pid=3114672 pidfd=5] Successfully activated service 'org.freedesktop.impl.portal.desktop.gtk'
2026-08-18T23:45:52+02:00 nezha systemd[3114653]: Started xdg-desktop-portal-gtk.service - Portal service (GTK/GNOME implementation).
2026-08-18T23:45:52+02:00 nezha rtkit-daemon[1298]: Supervising 7 threads of 4 processes of 1 users.
2026-08-18T23:45:52+02:00 nezha rtkit-daemon[1298]: Supervising 7 threads of 4 processes of 1 users.
2026-08-18T23:45:52+02:00 nezha rtkit-daemon[1298]: Supervising 7 threads of 4 processes of 1 users.
2026-08-18T23:45:52+02:00 nezha dbus-daemon[3114672]: [session uid=60580 pid=3114672 pidfd=5] Activating service name='org.freedesktop.secrets' requested by ':1.39' (uid=60580 pid=3115037 comm="/usr/libexec/xdg-desktop-portal")
2026-08-18T23:45:52+02:00 nezha gnome-keyring-daemon[3115091]: couldn't access control socket: /run/user/60580/keyring/control: No such file or directory
2026-08-18T23:45:52+02:00 nezha gnome-keyring-daemon[3115091]: couldn't access control socket: /run/user/60580/keyring/control: No such file or directory
2026-08-18T23:45:52+02:00 nezha gnome-keyring-daemon[3115091]: discover_other_daemon: 0
2026-08-18T23:45:52+02:00 nezha dbus-daemon[3114672]: [session uid=60580 pid=3114672 pidfd=5] Successfully activated service 'org.freedesktop.secrets'
2026-08-18T23:45:52+02:00 nezha dbus-daemon[3114672]: [session uid=60580 pid=3114672 pidfd=5] Successfully activated service 'org.freedesktop.portal.Desktop'
2026-08-18T23:45:52+02:00 nezha systemd[3114653]: Started xdg-desktop-portal.service - Portal service.
2026-08-18T23:45:52+02:00 nezha dbus-daemon[3114672]: [session uid=60580 pid=3114672 pidfd=5] Successfully activated service 'org.gnome.Shell.Screencast'
2026-08-18T23:46:20+02:00 nezha drweb-configd[1647]: FileCheck idle state detected
2026-08-18T23:46:20+02:00 nezha drweb-filecheck[5151]: Termination signal received, exiting...
2026-08-18T23:46:20+02:00 nezha drweb-filecheck[5151]: Exit with status 107 (Process terminated by signal)
2026-08-18T23:46:21+02:00 nezha systemd[1]: systemd-localed.service: Deactivated successfully.
2026-08-18T23:46:21+02:00 nezha audit[1]: SERVICE_STOP pid=1 uid=0 auid=4294967295 ses=4294967295 msg='unit=systemd-localed comm="systemd" exe="/usr/lib/systemd/systemd" hostname=? addr=? terminal=? res=success'
2026-08-18T23:46:21+02:00 nezha kernel: kauditd_printk_skb: 51 callbacks suppressed
2026-08-18T23:46:21+02:00 nezha kernel: audit: type=1131 audit(1787089581.646:11375): pid=1 uid=0 auid=4294967295 ses=4294967295 msg='unit=systemd-localed comm="systemd" exe="/usr/lib/systemd/systemd" hostname=? addr=? terminal=? res=success'
2026-08-18T23:46:21+02:00 nezha audit: BPF prog-id=90 op=UNLOAD
2026-08-18T23:46:21+02:00 nezha audit: BPF prog-id=89 op=UNLOAD
2026-08-18T23:46:21+02:00 nezha audit: BPF prog-id=88 op=UNLOAD
2026-08-18T23:46:21+02:00 nezha kernel: audit: type=1334 audit(1787089581.663:11376): prog-id=90 op=UNLOAD
2026-08-18T23:46:21+02:00 nezha kernel: audit: type=1334 audit(1787089581.663:11377): prog-id=89 op=UNLOAD
2026-08-18T23:46:21+02:00 nezha kernel: audit: type=1334 audit(1787089581.663:11378): prog-id=88 op=UNLOAD
2026-08-18T23:46:21+02:00 nezha systemd[1]: systemd-hostnamed.service: Deactivated successfully.
2026-08-18T23:46:21+02:00 nezha audit[1]: SERVICE_STOP pid=1 uid=0 auid=4294967295 ses=4294967295 msg='unit=systemd-hostnamed comm="systemd" exe="/usr/lib/systemd/systemd" hostname=? addr=? terminal=? res=success'
2026-08-18T23:46:21+02:00 nezha kernel: audit: type=1131 audit(1787089581.731:11379): pid=1 uid=0 auid=4294967295 ses=4294967295 msg='unit=systemd-hostnamed comm="systemd" exe="/usr/lib/systemd/systemd" hostname=? addr=? terminal=? res=success'
2026-08-18T23:46:21+02:00 nezha systemd[1]: fprintd.service: Deactivated successfully.
2026-08-18T23:46:21+02:00 nezha audit[1]: SERVICE_STOP pid=1 uid=0 auid=4294967295 ses=4294967295 msg='unit=fprintd comm="systemd" exe="/usr/lib/systemd/systemd" hostname=? addr=? terminal=? res=success'
2026-08-18T23:46:21+02:00 nezha kernel: audit: type=1131 audit(1787089581.768:11380): pid=1 uid=0 auid=4294967295 ses=4294967295 msg='unit=fprintd comm="systemd" exe="/usr/lib/systemd/systemd" hostname=? addr=? terminal=? res=success'
2026-08-18T23:46:21+02:00 nezha audit: BPF prog-id=91 op=UNLOAD
2026-08-18T23:46:21+02:00 nezha kernel: audit: type=1334 audit(1787089581.769:11381): prog-id=91 op=UNLOAD
2026-08-18T23:46:21+02:00 nezha audit: BPF prog-id=95 op=UNLOAD
2026-08-18T23:46:21+02:00 nezha kernel: audit: type=1334 audit(1787089581.780:11382): prog-id=95 op=UNLOAD
2026-08-18T23:46:22+02:00 nezha malcontent-timerd[3114952]: Exiting due to reaching inactivity timeout
2026-08-18T23:46:22+02:00 nezha systemd[1]: malcontent-timerd.service: Deactivated successfully.
2026-08-18T23:46:22+02:00 nezha audit[1]: SERVICE_STOP pid=1 uid=0 auid=4294967295 ses=4294967295 msg='unit=malcontent-timerd comm="systemd" exe="/usr/lib/systemd/systemd" hostname=? addr=? terminal=? res=success'
2026-08-18T23:46:22+02:00 nezha kernel: audit: type=1131 audit(1787089582.769:11383): pid=1 uid=0 auid=4294967295 ses=4294967295 msg='unit=malcontent-timerd comm="systemd" exe="/usr/lib/systemd/systemd" hostname=? addr=? terminal=? res=success'
2026-08-18T23:46:22+02:00 nezha audit: BPF prog-id=98 op=UNLOAD
2026-08-18T23:46:22+02:00 nezha audit: BPF prog-id=97 op=UNLOAD
2026-08-18T23:46:22+02:00 nezha audit: BPF prog-id=96 op=UNLOAD
2026-08-18T23:46:22+02:00 nezha kernel: audit: type=1334 audit(1787089582.800:11384): prog-id=98 op=UNLOAD
2026-08-18T23:46:43+02:00 nezha charon[405357]: 12[NET] received packet: from 95.56.227.154[4500] to 10.130.97.20[4500] (92 bytes)
2026-08-18T23:46:43+02:00 nezha charon[405357]: 12[ENC] parsed INFORMATIONAL_V1 request 4287114209 [ HASH N(DPD) ]
2026-08-18T23:46:43+02:00 nezha charon[405357]: 12[ENC] generating INFORMATIONAL_V1 request 1908419149 [ HASH N(DPD_ACK) ]
2026-08-18T23:46:43+02:00 nezha charon[405357]: 12[NET] sending packet: from 10.130.97.20[4500] to 95.56.227.154[4500] (92 bytes)
2026-08-18T23:46:52+02:00 nezha geoclue[3114974]: Service not used for 60 seconds. Shutting down..
2026-08-18T23:46:52+02:00 nezha systemd[1]: geoclue.service: Deactivated successfully.
2026-08-18T23:46:52+02:00 nezha audit[1]: SERVICE_STOP pid=1 uid=0 auid=4294967295 ses=4294967295 msg='unit=geoclue comm="systemd" exe="/usr/lib/systemd/systemd" hostname=? addr=? terminal=? res=success'
2026-08-18T23:46:52+02:00 nezha kernel: kauditd_printk_skb: 2 callbacks suppressed
2026-08-18T23:46:52+02:00 nezha kernel: audit: type=1131 audit(1787089612.769:11387): pid=1 uid=0 auid=4294967295 ses=4294967295 msg='unit=geoclue comm="systemd" exe="/usr/lib/systemd/systemd" hostname=? addr=? terminal=? res=success'
2026-08-18T23:46:52+02:00 nezha realmd[3114898]: quitting realmd service after timeout
2026-08-18T23:46:52+02:00 nezha realmd[3114898]: stopping service
2026-08-18T23:46:52+02:00 nezha systemd[1]: realmd.service: Deactivated successfully.
2026-08-18T23:46:52+02:00 nezha audit[1]: SERVICE_STOP pid=1 uid=0 auid=4294967295 ses=4294967295 msg='unit=realmd comm="systemd" exe="/usr/lib/systemd/systemd" hostname=? addr=? terminal=? res=success'
2026-08-18T23:46:52+02:00 nezha kernel: audit: type=1131 audit(1787089612.799:11388): pid=1 uid=0 auid=4294967295 ses=4294967295 msg='unit=realmd comm="systemd" exe="/usr/lib/systemd/systemd" hostname=? addr=? terminal=? res=success'
2026-08-18T23:46:52+02:00 nezha audit: BPF prog-id=94 op=UNLOAD
2026-08-18T23:46:52+02:00 nezha kernel: audit: type=1334 audit(1787089612.811:11389): prog-id=94 op=UNLOAD
2026-08-18T23:47:03+02:00 nezha charon[405357]: 10[IKE] sending keep alive to 95.56.227.154[4500]
2026-08-18T23:47:38+02:00 nezha charon[405357]: 11[IKE] sending keep alive to 95.56.227.154[4500]
2026-08-18T23:48:08+02:00 nezha charon[405357]: 09[IKE] sending keep alive to 95.56.227.154[4500]
2026-08-18T23:48:38+02:00 nezha charon[405357]: 12[IKE] sending keep alive to 95.56.227.154[4500]
2026-08-18T23:48:43+02:00 nezha charon[405357]: 09[NET] received packet: from 95.56.227.154[4500] to 10.130.97.20[4500] (92 bytes)
2026-08-18T23:48:43+02:00 nezha charon[405357]: 09[ENC] parsed INFORMATIONAL_V1 request 2756470076 [ HASH N(DPD) ]
2026-08-18T23:48:43+02:00 nezha charon[405357]: 09[ENC] generating INFORMATIONAL_V1 request 3209564304 [ HASH N(DPD_ACK) ]
2026-08-18T23:48:43+02:00 nezha charon[405357]: 09[NET] sending packet: from 10.130.97.20[4500] to 95.56.227.154[4500] (92 bytes)
2026-08-18T23:48:53+02:00 nezha gdm-password][3115126]: pam_succeed_if(gdm-password:auth): requirement "user ingroup nopasswdlogin" not met by user "milosvasic"
2026-08-18T23:48:53+02:00 nezha gdm-fingerprint][3115127]: pam_succeed_if(gdm-fingerprint:auth): requirement "user ingroup nopasswdlogin" not met by user "milosvasic"
2026-08-18T23:48:53+02:00 nezha dbus-daemon[1294]: [system] Activating via systemd: service name='net.reactivated.Fprint' unit='fprintd.service' requested by ':1.23092' (uid=0 pid=3115127 comm="gdm-session-worker [pam/gdm-fingerprint]")
2026-08-18T23:48:53+02:00 nezha audit: BPF prog-id=99 op=LOAD
2026-08-18T23:48:53+02:00 nezha systemd[1]: Starting fprintd.service - Fingerprint Authentication Daemon...
2026-08-18T23:48:53+02:00 nezha kernel: audit: type=1334 audit(1787089733.668:11390): prog-id=99 op=LOAD
2026-08-18T23:48:53+02:00 nezha dbus-daemon[1294]: [system] Successfully activated service 'net.reactivated.Fprint'
2026-08-18T23:48:53+02:00 nezha systemd[1]: Started fprintd.service - Fingerprint Authentication Daemon.
2026-08-18T23:48:53+02:00 nezha audit[1]: SERVICE_START pid=1 uid=0 auid=4294967295 ses=4294967295 msg='unit=fprintd comm="systemd" exe="/usr/lib/systemd/systemd" hostname=? addr=? terminal=? res=success'
2026-08-18T23:48:53+02:00 nezha kernel: audit: type=1130 audit(1787089733.721:11391): pid=1 uid=0 auid=4294967295 ses=4294967295 msg='unit=fprintd comm="systemd" exe="/usr/lib/systemd/systemd" hostname=? addr=? terminal=? res=success'
2026-08-18T23:48:53+02:00 nezha gdm-fingerprint][3115127]: gkr-pam: no password is available for user
2026-08-18T23:48:53+02:00 nezha audit[3115127]: AUDIT1100 pid=3115127 uid=0 auid=4294967295 ses=4294967295 msg='op=PAM:authentication grantors=? acct="milosvasic" exe="/usr/libexec/gdm-session-worker" hostname=nezha addr=? terminal=/dev/tty1 res=failed'
2026-08-18T23:48:53+02:00 nezha audit[3115127]: AUDIT1112 pid=3115127 uid=0 auid=4294967295 ses=4294967295 msg='uid=1000 exe="/usr/libexec/gdm-session-worker" hostname=? addr=? terminal=? res=failed'
2026-08-18T23:48:53+02:00 nezha kernel: audit: type=1100 audit(1787089733.723:11392): pid=3115127 uid=0 auid=4294967295 ses=4294967295 msg='op=PAM:authentication grantors=? acct="milosvasic" exe="/usr/libexec/gdm-session-worker" hostname=nezha addr=? terminal=/dev/tty1 res=failed'
2026-08-18T23:48:53+02:00 nezha kernel: audit: type=1112 audit(1787089733.723:11393): pid=3115127 uid=0 auid=4294967295 ses=4294967295 msg='uid=1000 exe="/usr/libexec/gdm-session-worker" hostname=? addr=? terminal=? res=failed'
2026-08-18T23:49:00+02:00 nezha audit[3115126]: AUDIT1100 pid=3115126 uid=0 auid=4294967295 ses=4294967295 msg='op=PAM:authentication grantors=pam_shells,pam_succeed_if,pam_tcb,pam_gnome_keyring acct="milosvasic" exe="/usr/libexec/gdm-session-worker" hostname=nezha addr=? terminal=/dev/tty1 res=success'
2026-08-18T23:49:00+02:00 nezha gdm-password][3115126]: pam_tcb(gdm-password:auth): Authentication passed for milosvasic from (uid=0)
2026-08-18T23:49:00+02:00 nezha kernel: audit: type=1100 audit(1787089740.555:11394): pid=3115126 uid=0 auid=4294967295 ses=4294967295 msg='op=PAM:authentication grantors=pam_shells,pam_succeed_if,pam_tcb,pam_gnome_keyring acct="milosvasic" exe="/usr/libexec/gdm-session-worker" hostname=nezha addr=? terminal=/dev/tty1 res=success'
2026-08-18T23:49:00+02:00 nezha gdm-password][3115126]: gkr-pam: unable to locate daemon control file
2026-08-18T23:49:00+02:00 nezha gdm-password][3115126]: gkr-pam: stashed password to try later in open session
2026-08-18T23:49:00+02:00 nezha audit[3115126]: AUDIT1101 pid=3115126 uid=0 auid=4294967295 ses=4294967295 msg='op=PAM:accounting grantors=pam_tcb acct="milosvasic" exe="/usr/libexec/gdm-session-worker" hostname=nezha addr=? terminal=/dev/tty1 res=success'
2026-08-18T23:49:00+02:00 nezha audit[3115126]: AUDIT1103 pid=3115126 uid=0 auid=4294967295 ses=4294967295 msg='op=PAM:setcred grantors=pam_shells,pam_tcb,pam_gnome_keyring acct="milosvasic" exe="/usr/libexec/gdm-session-worker" hostname=nezha addr=? terminal=/dev/tty1 res=success'
2026-08-18T23:49:00+02:00 nezha gdm-password][3115126]: pam_tcb(gdm-password:session): Session opened for milosvasic by (uid=0)
2026-08-18T23:49:00+02:00 nezha kernel: audit: type=1101 audit(1787089740.557:11395): pid=3115126 uid=0 auid=4294967295 ses=4294967295 msg='op=PAM:accounting grantors=pam_tcb acct="milosvasic" exe="/usr/libexec/gdm-session-worker" hostname=nezha addr=? terminal=/dev/tty1 res=success'
2026-08-18T23:49:00+02:00 nezha kernel: audit: type=1103 audit(1787089740.557:11396): pid=3115126 uid=0 auid=4294967295 ses=4294967295 msg='op=PAM:setcred grantors=pam_shells,pam_tcb,pam_gnome_keyring acct="milosvasic" exe="/usr/libexec/gdm-session-worker" hostname=nezha addr=? terminal=/dev/tty1 res=success'
2026-08-18T23:49:00+02:00 nezha audit[3115126]: SYSCALL arch=c000003e syscall=1 success=yes exit=4 a0=a a1=7ffe0ffd9120 a2=4 a3=0 items=0 ppid=1531 pid=3115126 auid=1000 uid=0 gid=1000 euid=0 suid=0 fsuid=0 egid=1000 sgid=1000 fsgid=1000 tty=(none) ses=25 comm="gdm-session-wor" exe="/usr/libexec/gdm-session-worker" key=(null)
2026-08-18T23:49:00+02:00 nezha audit: PROCTITLE proctitle=67646D2D73657373696F6E2D776F726B6572205B70616D2F67646D2D70617373776F72645D
2026-08-18T23:49:00+02:00 nezha kernel: audit: type=1006 audit(1787089740.559:11397): pid=3115126 uid=0 old-auid=4294967295 auid=1000 tty=(none) old-ses=4294967295 ses=25 res=1
2026-08-18T23:49:00+02:00 nezha kernel: audit: type=1300 audit(1787089740.559:11397): arch=c000003e syscall=1 success=yes exit=4 a0=a a1=7ffe0ffd9120 a2=4 a3=0 items=0 ppid=1531 pid=3115126 auid=1000 uid=0 gid=1000 euid=0 suid=0 fsuid=0 egid=1000 sgid=1000 fsgid=1000 tty=(none) ses=25 comm="gdm-session-wor" exe="/usr/libexec/gdm-session-worker" key=(null)
2026-08-18T23:49:00+02:00 nezha kernel: audit: type=1327 audit(1787089740.559:11397): proctitle=67646D2D73657373696F6E2D776F726B6572205B70616D2F67646D2D70617373776F72645D
2026-08-18T23:49:00+02:00 nezha systemd-logind[1302]: New session '25' of user 'milosvasic' with class 'user' and type 'wayland'.
2026-08-18T23:49:00+02:00 nezha systemd[1]: Starting user@1000.service - User Manager for UID 1000...
2026-08-18T23:49:00+02:00 nezha audit[3115149]: AUDIT1101 pid=3115149 uid=0 auid=4294967295 ses=4294967295 msg='op=PAM:accounting grantors=pam_tcb acct="milosvasic" exe="/usr/lib/systemd/systemd-executor" hostname=? addr=? terminal=? res=success'
2026-08-18T23:49:00+02:00 nezha audit[3115149]: AUDIT1103 pid=3115149 uid=0 auid=4294967295 ses=4294967295 msg='op=PAM:setcred grantors=? acct="milosvasic" exe="/usr/lib/systemd/systemd-executor" hostname=? addr=? terminal=? res=failed'
2026-08-18T23:49:00+02:00 nezha (systemd)[3115149]: pam_tcb(systemd-user:session): Session opened for milosvasic by (uid=0)
2026-08-18T23:49:00+02:00 nezha kernel: audit: type=1101 audit(1787089740.578:11398): pid=3115149 uid=0 auid=4294967295 ses=4294967295 msg='op=PAM:accounting grantors=pam_tcb acct="milosvasic" exe="/usr/lib/systemd/systemd-executor" hostname=? addr=? terminal=? res=success'
2026-08-18T23:49:00+02:00 nezha kernel: audit: type=1103 audit(1787089740.578:11399): pid=3115149 uid=0 auid=4294967295 ses=4294967295 msg='op=PAM:setcred grantors=? acct="milosvasic" exe="/usr/lib/systemd/systemd-executor" hostname=? addr=? terminal=? res=failed'
2026-08-18T23:49:00+02:00 nezha audit[3115149]: SYSCALL arch=c000003e syscall=1 success=yes exit=4 a0=8 a1=7ffc56bc7aa0 a2=4 a3=0 items=0 ppid=1 pid=3115149 auid=1000 uid=0 gid=0 euid=0 suid=0 fsuid=0 egid=0 sgid=0 fsgid=0 tty=(none) ses=26 comm="(systemd)" exe="/usr/lib/systemd/systemd-executor" key=(null)
2026-08-18T23:49:00+02:00 nezha audit: PROCTITLE proctitle="(systemd)"
2026-08-18T23:49:00+02:00 nezha kernel: audit: type=1006 audit(1787089740.580:11400): pid=3115149 uid=0 old-auid=4294967295 auid=1000 tty=(none) old-ses=4294967295 ses=26 res=1
2026-08-18T23:49:00+02:00 nezha kernel: audit: type=1300 audit(1787089740.580:11400): arch=c000003e syscall=1 success=yes exit=4 a0=8 a1=7ffc56bc7aa0 a2=4 a3=0 items=0 ppid=1 pid=3115149 auid=1000 uid=0 gid=0 euid=0 suid=0 fsuid=0 egid=0 sgid=0 fsgid=0 tty=(none) ses=26 comm="(systemd)" exe="/usr/lib/systemd/systemd-executor" key=(null)
2026-08-18T23:49:00+02:00 nezha systemd-logind[1302]: New session '26' of user 'milosvasic' with class 'manager' and type 'unspecified'.
2026-08-18T23:49:00+02:00 nezha audit[3115149]: AUDIT1105 pid=3115149 uid=0 auid=1000 ses=26 msg='op=PAM:session_open grantors=pam_selinux,pam_selinux,pam_tcb,pam_mktemp,pam_limits,pam_loginuid,pam_systemd,pam_loginuid,pam_keyinit,pam_namespace acct="milosvasic" exe="/usr/lib/systemd/systemd-executor" hostname=? addr=? terminal=? res=success'
2026-08-18T23:49:00+02:00 nezha systemd[1]: Started user@1000.service - User Manager for UID 1000.
2026-08-18T23:49:00+02:00 nezha audit[1]: SERVICE_START pid=1 uid=0 auid=4294967295 ses=4294967295 msg='unit=user@1000 comm="systemd" exe="/usr/lib/systemd/systemd" hostname=? addr=? terminal=? res=success'
2026-08-18T23:49:00+02:00 nezha systemd[1]: Started session-25.scope - Session 25 of User milosvasic.
2026-08-18T23:49:00+02:00 nezha gdm-password][3115126]: gkr-pam: gnome-keyring-daemon started properly and unlocked keyring
2026-08-18T23:49:00+02:00 nezha audit[3115126]: AUDIT1105 pid=3115126 uid=0 auid=1000 ses=25 msg='op=PAM:session_open grantors=pam_tcb,pam_mktemp,pam_limits,pam_loginuid,pam_systemd,pam_namespace,pam_gnome_keyring acct="milosvasic" exe="/usr/libexec/gdm-session-worker" hostname=nezha addr=? terminal=/dev/tty2 res=success'
2026-08-18T23:49:00+02:00 nezha audit[3115126]: AUDIT1112 pid=3115126 uid=0 auid=1000 ses=25 msg='uid=1000 exe="/usr/libexec/gdm-session-worker" hostname=? addr=? terminal=? res=success'
2026-08-18T23:49:00+02:00 nezha kernel: rfkill: input handler enabled
2026-08-18T23:49:00+02:00 nezha bluetoothd[1291]: Endpoint unregistered: sender=:1.23083 path=/MediaEndpoint/A2DPSource/ldac
2026-08-18T23:49:00+02:00 nezha bluetoothd[1291]: Endpoint unregistered: sender=:1.23083 path=/MediaEndpoint/A2DPSink/aptx_hd
2026-08-18T23:49:00+02:00 nezha bluetoothd[1291]: Endpoint unregistered: sender=:1.23083 path=/MediaEndpoint/A2DPSource/aptx_hd
2026-08-18T23:49:00+02:00 nezha bluetoothd[1291]: Endpoint unregistered: sender=:1.23083 path=/MediaEndpoint/A2DPSink/aptx
2026-08-18T23:49:00+02:00 nezha bluetoothd[1291]: Endpoint unregistered: sender=:1.23083 path=/MediaEndpoint/A2DPSource/aptx
2026-08-18T23:49:00+02:00 nezha bluetoothd[1291]: Endpoint unregistered: sender=:1.23083 path=/MediaEndpoint/A2DPSink/aac
2026-08-18T23:49:00+02:00 nezha bluetoothd[1291]: Endpoint unregistered: sender=:1.23083 path=/MediaEndpoint/A2DPSource/aac
2026-08-18T23:49:00+02:00 nezha bluetoothd[1291]: Endpoint unregistered: sender=:1.23083 path=/MediaEndpoint/A2DPSink/opus_g
2026-08-18T23:49:00+02:00 nezha bluetoothd[1291]: Endpoint unregistered: sender=:1.23083 path=/MediaEndpoint/A2DPSource/opus_g
2026-08-18T23:49:00+02:00 nezha bluetoothd[1291]: Endpoint unregistered: sender=:1.23083 path=/MediaEndpoint/A2DPSink/sbc
2026-08-18T23:49:00+02:00 nezha bluetoothd[1291]: Endpoint unregistered: sender=:1.23083 path=/MediaEndpoint/A2DPSource/sbc
2026-08-18T23:49:00+02:00 nezha bluetoothd[1291]: Endpoint unregistered: sender=:1.23083 path=/MediaEndpoint/A2DPSource/aptx_ll_1
2026-08-18T23:49:00+02:00 nezha bluetoothd[1291]: Endpoint unregistered: sender=:1.23083 path=/MediaEndpoint/A2DPSource/aptx_ll_0
2026-08-18T23:49:00+02:00 nezha bluetoothd[1291]: Endpoint unregistered: sender=:1.23083 path=/MediaEndpoint/A2DPSource/aptx_ll_duplex_1
2026-08-18T23:49:00+02:00 nezha bluetoothd[1291]: Endpoint unregistered: sender=:1.23083 path=/MediaEndpoint/A2DPSource/aptx_ll_duplex_0
2026-08-18T23:49:00+02:00 nezha bluetoothd[1291]: Endpoint unregistered: sender=:1.23083 path=/MediaEndpoint/A2DPSource/faststream
2026-08-18T23:49:00+02:00 nezha bluetoothd[1291]: Endpoint unregistered: sender=:1.23083 path=/MediaEndpoint/A2DPSource/faststream_duplex
2026-08-18T23:49:00+02:00 nezha bluetoothd[1291]: Endpoint unregistered: sender=:1.23083 path=/MediaEndpoint/A2DPSink/opus_05
2026-08-18T23:49:00+02:00 nezha bluetoothd[1291]: Endpoint unregistered: sender=:1.23083 path=/MediaEndpoint/A2DPSource/opus_05
2026-08-18T23:49:00+02:00 nezha bluetoothd[1291]: Endpoint unregistered: sender=:1.23083 path=/MediaEndpoint/A2DPSink/opus_05_duplex
2026-08-18T23:49:00+02:00 nezha bluetoothd[1291]: Endpoint unregistered: sender=:1.23083 path=/MediaEndpoint/A2DPSource/opus_05_duplex
2026-08-18T23:49:00+02:00 nezha systemd[3114653]: Reached target sound.target - Sound Card.
2026-08-18T23:49:00+02:00 nezha gsd-media-keys[3114789]: Unable to get default source
2026-08-18T23:49:00+02:00 nezha gsd-media-keys[3114789]: Unable to get default sink
2026-08-18T23:49:01+02:00 nezha kernel: overlayfs: fs on '/home/milosvasic/.local/share/containers/storage/overlay/l/X5XJTKOYR3NHKZVDL3MLKG5K5H' does not support file handles, falling back to xino=off.
2026-08-18T23:49:01+02:00 nezha rtkit-daemon[1298]: Supervising 7 threads of 4 processes of 1 users.
2026-08-18T23:49:01+02:00 nezha rtkit-daemon[1298]: Successfully made thread 3115775 of process 3115689 owned by '1000' high priority at nice level -15.
2026-08-18T23:49:01+02:00 nezha rtkit-daemon[1298]: Supervising 8 threads of 5 processes of 2 users.
2026-08-18T23:49:01+02:00 nezha kernel: overlayfs: fs on '/home/milosvasic/.local/share/containers/storage/overlay/l/6VMWH7SDBIMTULBLFGGH4HASOX' does not support file handles, falling back to xino=off.
2026-08-18T23:49:01+02:00 nezha kernel: overlayfs: fs on '/home/milosvasic/.local/share/containers/storage/overlay/l/OPA7APGN3SQV56BVVLB7OKYWKY' does not support file handles, falling back to xino=off.
2026-08-18T23:49:01+02:00 nezha kernel: overlayfs: fs on '/home/milosvasic/.local/share/containers/storage/overlay/l/J2RHJJYJKF7Z6MNMHPKAW4PQAC' does not support file handles, falling back to xino=off.
2026-08-18T23:49:02+02:00 nezha dbus-daemon[1294]: [system] Activating via systemd: service name='org.freedesktop.locale1' unit='dbus-org.freedesktop.locale1.service' requested by ':1.23146' (uid=1000 pid=3116388 comm="/usr/libexec/gsd-keyboard")
2026-08-18T23:49:02+02:00 nezha audit: BPF prog-id=100 op=LOAD
2026-08-18T23:49:02+02:00 nezha audit: BPF prog-id=101 op=LOAD
2026-08-18T23:49:02+02:00 nezha audit: BPF prog-id=102 op=LOAD
2026-08-18T23:49:02+02:00 nezha systemd[1]: Starting systemd-localed.service - Locale Service...
2026-08-18T23:49:02+02:00 nezha rtkit-daemon[1298]: Supervising 8 threads of 5 processes of 2 users.
2026-08-18T23:49:02+02:00 nezha dbus-daemon[1294]: [system] Activating via systemd: service name='org.freedesktop.hostname1' unit='dbus-org.freedesktop.hostname1.service' requested by ':1.23158' (uid=1000 pid=3116395 comm="/usr/libexec/gsd-rfkill")
2026-08-18T23:49:02+02:00 nezha rtkit-daemon[1298]: Supervising 8 threads of 5 processes of 2 users.
2026-08-18T23:49:02+02:00 nezha audit: BPF prog-id=93 op=UNLOAD
2026-08-18T23:49:02+02:00 nezha audit: BPF prog-id=92 op=UNLOAD
2026-08-18T23:49:02+02:00 nezha audit: BPF prog-id=103 op=LOAD
2026-08-18T23:49:02+02:00 nezha audit: BPF prog-id=104 op=LOAD
2026-08-18T23:49:02+02:00 nezha audit: BPF prog-id=105 op=LOAD
2026-08-18T23:49:02+02:00 nezha systemd[1]: Starting systemd-hostnamed.service - Hostname Service...
2026-08-18T23:49:02+02:00 nezha rtkit-daemon[1298]: Supervising 8 threads of 5 processes of 2 users.
2026-08-18T23:49:02+02:00 nezha systemd[1]: Started systemd-hostnamed.service - Hostname Service.
2026-08-18T23:49:02+02:00 nezha audit[1]: SERVICE_START pid=1 uid=0 auid=4294967295 ses=4294967295 msg='unit=systemd-hostnamed comm="systemd" exe="/usr/lib/systemd/systemd" hostname=? addr=? terminal=? res=success'
2026-08-18T23:49:02+02:00 nezha systemd[1]: Started systemd-localed.service - Locale Service.
2026-08-18T23:49:02+02:00 nezha audit[1]: SERVICE_START pid=1 uid=0 auid=4294967295 ses=4294967295 msg='unit=systemd-localed comm="systemd" exe="/usr/lib/systemd/systemd" hostname=? addr=? terminal=? res=success'
2026-08-18T23:49:02+02:00 nezha dbus-daemon[1294]: [system] Successfully activated service 'org.freedesktop.hostname1'
2026-08-18T23:49:02+02:00 nezha dbus-daemon[1294]: [system] Successfully activated service 'org.freedesktop.locale1'
2026-08-18T23:49:02+02:00 nezha kernel: rfkill: input handler disabled
2026-08-18T23:49:02+02:00 nezha rtkit-daemon[1298]: Supervising 8 threads of 5 processes of 2 users.
2026-08-18T23:49:02+02:00 nezha rtkit-daemon[1298]: Supervising 8 threads of 5 processes of 2 users.
2026-08-18T23:49:02+02:00 nezha rtkit-daemon[1298]: Supervising 8 threads of 5 processes of 2 users.
2026-08-18T23:49:02+02:00 nezha systemd[1]: run-user-1000-doc.mount: Deactivated successfully.
2026-08-18T23:49:02+02:00 nezha kernel: overlayfs: fs on '/home/milosvasic/.local/share/containers/storage/overlay/l/PWWF65R4QCG4X66FT62LIGOA27' does not support file handles, falling back to xino=off.
2026-08-18T23:49:02+02:00 nezha rtkit-daemon[1298]: Successfully made thread 3116668 of process 3116668 owned by '1000' high priority at nice level -11.
2026-08-18T23:49:02+02:00 nezha rtkit-daemon[1298]: Supervising 9 threads of 6 processes of 2 users.
2026-08-18T23:49:02+02:00 nezha audit: ANOM_PROMISCUOUS dev=veth0 prom=256 old_prom=0 auid=1000 uid=1000 gid=1000 ses=26
2026-08-18T23:49:02+02:00 nezha audit[3116947]: SYSCALL arch=c000003e syscall=44 success=yes exit=132 a0=5 a1=7ffc38482ee0 a2=84 a3=0 items=0 ppid=3116796 pid=3116947 auid=1000 uid=1000 gid=1000 euid=1000 suid=1000 fsuid=1000 egid=1000 sgid=1000 fsgid=1000 tty=(none) ses=26 comm="netavark" exe="/usr/libexec/podman/netavark" key=(null)
2026-08-18T23:49:02+02:00 nezha audit: PROCTITLE proctitle=2F7573722F6C6962657865632F706F646D616E2F6E6574617661726B002D2D636F6E666967002F72756E2F757365722F313030302F636F6E7461696E6572732F6E6574776F726B73002D2D726F6F746C6573733D74727565002D2D616172647661726B2D62696E6172793D2F7573722F6C6962657865632F706F646D616E2F61
2026-08-18T23:49:02+02:00 nezha kernel: podman1: port 1(veth0) entered blocking state
2026-08-18T23:49:02+02:00 nezha kernel: podman1: port 1(veth0) entered disabled state
2026-08-18T23:49:02+02:00 nezha kernel: veth0: entered allmulticast mode
2026-08-18T23:49:02+02:00 nezha kernel: veth0: entered promiscuous mode
2026-08-18T23:49:02+02:00 nezha kernel: podman1: port 1(veth0) entered blocking state
2026-08-18T23:49:02+02:00 nezha kernel: podman1: port 1(veth0) entered forwarding state
2026-08-18T23:49:02+02:00 nezha dbus-daemon[1294]: [system] Activating via systemd: service name='org.freedesktop.timedate1' unit='dbus-org.freedesktop.timedate1.service' requested by ':1.23155' (uid=1000 pid=3116382 comm="/usr/libexec/gsd-datetime")
2026-08-18T23:49:02+02:00 nezha audit: BPF prog-id=106 op=LOAD
2026-08-18T23:49:02+02:00 nezha audit: BPF prog-id=107 op=LOAD
2026-08-18T23:49:02+02:00 nezha audit: BPF prog-id=108 op=LOAD
2026-08-18T23:49:02+02:00 nezha systemd[1]: Starting systemd-timedated.service - Time & Date Service...
2026-08-18T23:49:02+02:00 nezha rtkit-daemon[1298]: Successfully made thread 3116723 of process 3116668 owned by '1000' RT at priority 20.
2026-08-18T23:49:02+02:00 nezha rtkit-daemon[1298]: Supervising 10 threads of 6 processes of 2 users.
2026-08-18T23:49:02+02:00 nezha rtkit-daemon[1298]: Supervising 10 threads of 6 processes of 2 users.
2026-08-18T23:49:02+02:00 nezha rtkit-daemon[1298]: Supervising 10 threads of 6 processes of 2 users.
2026-08-18T23:49:02+02:00 nezha rtkit-daemon[1298]: Supervising 10 threads of 6 processes of 2 users.
2026-08-18T23:49:02+02:00 nezha rtkit-daemon[1298]: Supervising 10 threads of 6 processes of 2 users.
2026-08-18T23:49:02+02:00 nezha rtkit-daemon[1298]: Supervising 10 threads of 6 processes of 2 users.
2026-08-18T23:49:02+02:00 nezha rtkit-daemon[1298]: Supervising 10 threads of 6 processes of 2 users.
2026-08-18T23:49:02+02:00 nezha rtkit-daemon[1298]: Successfully made thread 3116666 of process 3116666 owned by '1000' high priority at nice level -11.
2026-08-18T23:49:02+02:00 nezha rtkit-daemon[1298]: Supervising 11 threads of 7 processes of 2 users.
2026-08-18T23:49:02+02:00 nezha audit[3116961]: NETFILTER_CFG table=netavark:2 family=1 entries=29 op=nft_register_chain pid=3116961 comm="nft"
2026-08-18T23:49:02+02:00 nezha audit[3116961]: SYSCALL arch=c000003e syscall=46 success=yes exit=4832 a0=3 a1=7ffc3fa3c290 a2=0 a3=0 items=0 ppid=3116947 pid=3116961 auid=1000 uid=1000 gid=1000 euid=1000 suid=1000 fsuid=1000 egid=1000 sgid=1000 fsgid=1000 tty=(none) ses=26 comm="nft" exe="/usr/sbin/nft" key=(null)
2026-08-18T23:49:02+02:00 nezha audit: PROCTITLE proctitle=6E6674002D6A002D66002D
2026-08-18T23:49:02+02:00 nezha systemd[1]: Started systemd-timedated.service - Time & Date Service.
2026-08-18T23:49:02+02:00 nezha audit[1]: SERVICE_START pid=1 uid=0 auid=4294967295 ses=4294967295 msg='unit=systemd-timedated comm="systemd" exe="/usr/lib/systemd/systemd" hostname=? addr=? terminal=? res=success'
2026-08-18T23:49:02+02:00 nezha dbus-daemon[1294]: [system] Successfully activated service 'org.freedesktop.timedate1'
2026-08-18T23:49:02+02:00 nezha rtkit-daemon[1298]: Successfully made thread 3116743 of process 3116666 owned by '1000' RT at priority 20.
2026-08-18T23:49:02+02:00 nezha rtkit-daemon[1298]: Supervising 12 threads of 7 processes of 2 users.
2026-08-18T23:49:02+02:00 nezha audit: ANOM_PROMISCUOUS dev=veth0 prom=0 old_prom=256 auid=1000 uid=1000 gid=1000 ses=26
2026-08-18T23:49:02+02:00 nezha kernel: podman1: port 1(veth0) entered disabled state
2026-08-18T23:49:02+02:00 nezha kernel: veth0 (unregistering): left allmulticast mode
2026-08-18T23:49:02+02:00 nezha kernel: veth0 (unregistering): left promiscuous mode
2026-08-18T23:49:02+02:00 nezha kernel: podman1: port 1(veth0) entered disabled state
2026-08-18T23:49:02+02:00 nezha rtkit-daemon[1298]: Successfully made thread 3116667 of process 3116667 owned by '1000' high priority at nice level -11.
2026-08-18T23:49:02+02:00 nezha rtkit-daemon[1298]: Supervising 13 threads of 8 processes of 2 users.
2026-08-18T23:49:02+02:00 nezha audit[3116947]: SYSCALL arch=c000003e syscall=44 success=yes exit=44 a0=6 a1=7ffc3847eec4 a2=2c a3=0 items=0 ppid=3116796 pid=3116947 auid=1000 uid=1000 gid=1000 euid=1000 suid=1000 fsuid=1000 egid=1000 sgid=1000 fsgid=1000 tty=(none) ses=26 comm="netavark" exe="/usr/libexec/podman/netavark" key=(null)
2026-08-18T23:49:02+02:00 nezha audit: PROCTITLE proctitle=2F7573722F6C6962657865632F706F646D616E2F6E6574617661726B002D2D636F6E666967002F72756E2F757365722F313030302F636F6E7461696E6572732F6E6574776F726B73002D2D726F6F746C6573733D74727565002D2D616172647661726B2D62696E6172793D2F7573722F6C6962657865632F706F646D616E2F61
2026-08-18T23:49:02+02:00 nezha audit[3117035]: NETFILTER_CFG table=netavark:3 family=1 entries=8 op=nft_unregister_chain pid=3117035 comm="nft"
2026-08-18T23:49:02+02:00 nezha audit[3117035]: SYSCALL arch=c000003e syscall=46 success=yes exit=428 a0=3 a1=7ffcfbde49e0 a2=0 a3=0 items=0 ppid=3116947 pid=3117035 auid=1000 uid=1000 gid=1000 euid=1000 suid=1000 fsuid=1000 egid=1000 sgid=1000 fsgid=1000 tty=(none) ses=26 comm="nft" exe="/usr/sbin/nft" key=(null)
2026-08-18T23:49:02+02:00 nezha audit: PROCTITLE proctitle=6E6674002D6A002D66002D
2026-08-18T23:49:03+02:00 nezha dbus-daemon[1294]: [system] Activating via systemd: service name='org.freedesktop.MalcontentTimer1' unit='malcontent-timerd.service' requested by ':1.23114' (uid=1000 pid=3115689 comm="/usr/bin/gnome-shell --mode=user")
2026-08-18T23:49:03+02:00 nezha audit: BPF prog-id=109 op=LOAD
2026-08-18T23:49:03+02:00 nezha audit: BPF prog-id=110 op=LOAD
2026-08-18T23:49:03+02:00 nezha audit: BPF prog-id=111 op=LOAD
2026-08-18T23:49:03+02:00 nezha systemd[1]: Starting malcontent-timerd.service - Parental Controls Timer Daemon...
2026-08-18T23:49:03+02:00 nezha polkitd[1363]: Registered Authentication Agent for unix-session:25 (system bus name :1.23114 [/usr/bin/gnome-shell --mode=user], object path /org/freedesktop/PolicyKit1/AuthenticationAgent, locale en_US.UTF-8)
2026-08-18T23:49:03+02:00 nezha dbus-daemon[1294]: [system] Successfully activated service 'org.freedesktop.MalcontentTimer1'
2026-08-18T23:49:03+02:00 nezha systemd[1]: Started malcontent-timerd.service - Parental Controls Timer Daemon.
2026-08-18T23:49:03+02:00 nezha audit[1]: SERVICE_START pid=1 uid=0 auid=4294967295 ses=4294967295 msg='unit=malcontent-timerd comm="systemd" exe="/usr/lib/systemd/systemd" hostname=? addr=? terminal=? res=success'
2026-08-18T23:49:03+02:00 nezha gnome-shell[3114692]: Gio.IOErrorEnum: GDBus.Error:org.freedesktop.MalcontentTimer1.Child.Error.IdentifyingUser: Error identifying user: Invalid or unknown user
                                                      
                                                      Stack trace:
                                                        asyncCallback@resource:///org/gnome/gjs/modules/core/overrides/Gio.js:115:23
                                                        @resource:///org/gnome/shell/ui/init.js:20:20
                                                        
2026-08-18T23:49:03+02:00 nezha NetworkManager[1385]: <info>  [1787089743.1840] agent-manager: agent[d7bf2eb5b218f257,:1.23114/org.gnome.Shell.NetworkAgent/1000]: agent registered
2026-08-18T23:49:03+02:00 nezha rtkit-daemon[1298]: Supervising 13 threads of 8 processes of 2 users.
2026-08-18T23:49:03+02:00 nezha rtkit-daemon[1298]: Supervising 13 threads of 8 processes of 2 users.
2026-08-18T23:49:03+02:00 nezha rtkit-daemon[1298]: Supervising 13 threads of 8 processes of 2 users.
2026-08-18T23:49:03+02:00 nezha dbus-daemon[1294]: [system] Activating via systemd: service name='org.freedesktop.GeoClue2' unit='geoclue.service' requested by ':1.23114' (uid=1000 pid=3115689 comm="/usr/bin/gnome-shell --mode=user")
2026-08-18T23:49:03+02:00 nezha systemd[1]: Starting geoclue.service - Location Lookup Service...
2026-08-18T23:49:03+02:00 nezha dbus-daemon[1294]: [system] Successfully activated service 'org.freedesktop.GeoClue2'
2026-08-18T23:49:03+02:00 nezha audit[1]: SERVICE_START pid=1 uid=0 auid=4294967295 ses=4294967295 msg='unit=geoclue comm="systemd" exe="/usr/lib/systemd/systemd" hostname=? addr=? terminal=? res=success'
2026-08-18T23:49:03+02:00 nezha systemd[1]: Started geoclue.service - Location Lookup Service.
2026-08-18T23:49:03+02:00 nezha kernel: overlayfs: fs on '/home/milosvasic/.local/share/containers/storage/overlay/l/EAGUFLXGAH7LQ5V5J7UK3X47OO' does not support file handles, falling back to xino=off.
2026-08-18T23:49:03+02:00 nezha kernel: overlayfs: fs on '/home/milosvasic/.local/share/containers/storage/overlay/l/FUHHNW5MHNKQ2KYZSPSJKJZPWM' does not support file handles, falling back to xino=off.
2026-08-18T23:49:03+02:00 nezha rtkit-daemon[1298]: Successfully made thread 3117386 of process 3116667 owned by '1000' RT at priority 20.
2026-08-18T23:49:03+02:00 nezha rtkit-daemon[1298]: Supervising 14 threads of 8 processes of 2 users.
2026-08-18T23:49:03+02:00 nezha rtkit-daemon[1298]: Supervising 14 threads of 8 processes of 2 users.
2026-08-18T23:49:03+02:00 nezha rtkit-daemon[1298]: Supervising 14 threads of 8 processes of 2 users.
2026-08-18T23:49:03+02:00 nezha rtkit-daemon[1298]: Supervising 14 threads of 8 processes of 2 users.
2026-08-18T23:49:03+02:00 nezha bluetoothd[1291]: Endpoint registered: sender=:1.23211 path=/MediaEndpoint/A2DPSource/ldac
2026-08-18T23:49:03+02:00 nezha bluetoothd[1291]: Endpoint registered: sender=:1.23211 path=/MediaEndpoint/A2DPSink/aptx_hd
2026-08-18T23:49:03+02:00 nezha bluetoothd[1291]: Endpoint registered: sender=:1.23211 path=/MediaEndpoint/A2DPSource/aptx_hd
2026-08-18T23:49:03+02:00 nezha bluetoothd[1291]: Endpoint registered: sender=:1.23211 path=/MediaEndpoint/A2DPSink/aptx
2026-08-18T23:49:03+02:00 nezha bluetoothd[1291]: Endpoint registered: sender=:1.23211 path=/MediaEndpoint/A2DPSource/aptx
2026-08-18T23:49:03+02:00 nezha bluetoothd[1291]: Endpoint registered: sender=:1.23211 path=/MediaEndpoint/A2DPSink/aac
2026-08-18T23:49:03+02:00 nezha bluetoothd[1291]: Endpoint registered: sender=:1.23211 path=/MediaEndpoint/A2DPSource/aac
2026-08-18T23:49:03+02:00 nezha bluetoothd[1291]: Endpoint registered: sender=:1.23211 path=/MediaEndpoint/A2DPSink/opus_g
2026-08-18T23:49:03+02:00 nezha bluetoothd[1291]: Endpoint registered: sender=:1.23211 path=/MediaEndpoint/A2DPSource/opus_g
2026-08-18T23:49:03+02:00 nezha bluetoothd[1291]: Endpoint registered: sender=:1.23211 path=/MediaEndpoint/A2DPSink/sbc
2026-08-18T23:49:03+02:00 nezha bluetoothd[1291]: Endpoint registered: sender=:1.23211 path=/MediaEndpoint/A2DPSource/sbc
2026-08-18T23:49:03+02:00 nezha bluetoothd[1291]: Endpoint registered: sender=:1.23211 path=/MediaEndpoint/A2DPSource/aptx_ll_1
2026-08-18T23:49:03+02:00 nezha bluetoothd[1291]: Endpoint registered: sender=:1.23211 path=/MediaEndpoint/A2DPSource/aptx_ll_0
2026-08-18T23:49:03+02:00 nezha bluetoothd[1291]: Endpoint registered: sender=:1.23211 path=/MediaEndpoint/A2DPSource/aptx_ll_duplex_1
2026-08-18T23:49:03+02:00 nezha bluetoothd[1291]: Endpoint registered: sender=:1.23211 path=/MediaEndpoint/A2DPSource/aptx_ll_duplex_0
2026-08-18T23:49:03+02:00 nezha bluetoothd[1291]: Endpoint registered: sender=:1.23211 path=/MediaEndpoint/A2DPSource/faststream
2026-08-18T23:49:03+02:00 nezha bluetoothd[1291]: Endpoint registered: sender=:1.23211 path=/MediaEndpoint/A2DPSource/faststream_duplex
2026-08-18T23:49:03+02:00 nezha bluetoothd[1291]: Endpoint registered: sender=:1.23211 path=/MediaEndpoint/A2DPSink/opus_05
2026-08-18T23:49:03+02:00 nezha bluetoothd[1291]: Endpoint registered: sender=:1.23211 path=/MediaEndpoint/A2DPSource/opus_05
2026-08-18T23:49:03+02:00 nezha bluetoothd[1291]: Endpoint registered: sender=:1.23211 path=/MediaEndpoint/A2DPSink/opus_05_duplex
2026-08-18T23:49:03+02:00 nezha bluetoothd[1291]: Endpoint registered: sender=:1.23211 path=/MediaEndpoint/A2DPSource/opus_05_duplex
2026-08-18T23:49:03+02:00 nezha rtkit-daemon[1298]: Supervising 14 threads of 8 processes of 2 users.
2026-08-18T23:49:03+02:00 nezha drweb-filecheck[3117485]: FileCheck 11.1.13.2404091429
2026-08-18T23:49:03+02:00 nezha rtkit-daemon[1298]: Supervising 14 threads of 8 processes of 2 users.
2026-08-18T23:49:03+02:00 nezha rtkit-daemon[1298]: Supervising 14 threads of 8 processes of 2 users.
2026-08-18T23:49:04+02:00 nezha rtkit-daemon[1298]: Supervising 14 threads of 8 processes of 2 users.
2026-08-18T23:49:04+02:00 nezha rtkit-daemon[1298]: Supervising 14 threads of 8 processes of 2 users.
2026-08-18T23:49:04+02:00 nezha rtkit-daemon[1298]: Supervising 14 threads of 8 processes of 2 users.
2026-08-18T23:49:04+02:00 nezha rtkit-daemon[1298]: Successfully made thread 3116664 of process 3116664 owned by '1000' high priority at nice level 15.
2026-08-18T23:49:04+02:00 nezha rtkit-daemon[1298]: Supervising 15 threads of 9 processes of 2 users.
2026-08-18T23:49:04+02:00 nezha dbus-daemon[1294]: [system] Rejected send message, 0 matched rules; type="method_return", sender=":1.3" (uid=0 pid=1298 comm="/usr/libexec/rtkit-daemon") interface="(unset)" member="(unset)" error name="(unset)" requested_reply="0" destination=":1.23223" (uid=1000 pid=3116664 comm="/usr/bin/gnome-software --gapplication-service")
2026-08-18T23:49:04+02:00 nezha rtkit-daemon[1298]: Successfully made thread 3117758 of process 3116664 owned by '1000' high priority at nice level 15.
2026-08-18T23:49:04+02:00 nezha rtkit-daemon[1298]: Supervising 15 threads of 9 processes of 2 users.
2026-08-18T23:49:04+02:00 nezha dbus-daemon[1294]: [system] Rejected send message, 0 matched rules; type="method_return", sender=":1.3" (uid=0 pid=1298 comm="/usr/libexec/rtkit-daemon") interface="(unset)" member="(unset)" error name="(unset)" requested_reply="0" destination=":1.23223" (uid=1000 pid=3116664 comm="/usr/bin/gnome-software --gapplication-service")
2026-08-18T23:49:04+02:00 nezha rtkit-daemon[1298]: Successfully made thread 3117759 of process 3116664 owned by '1000' high priority at nice level 15.
2026-08-18T23:49:04+02:00 nezha rtkit-daemon[1298]: Supervising 15 threads of 9 processes of 2 users.
2026-08-18T23:49:04+02:00 nezha dbus-daemon[1294]: [system] Rejected send message, 0 matched rules; type="method_return", sender=":1.3" (uid=0 pid=1298 comm="/usr/libexec/rtkit-daemon") interface="(unset)" member="(unset)" error name="(unset)" requested_reply="0" destination=":1.23223" (uid=1000 pid=3116664 comm="/usr/bin/gnome-software --gapplication-service")
2026-08-18T23:49:04+02:00 nezha systemd[3114653]: Stopped target gnome-session@gnome-login.target - GNOME Session (session: gnome-login).
2026-08-18T23:49:04+02:00 nezha systemd[3114653]: Stopping at-spi-dbus-bus.service - Accessibility services bus...
2026-08-18T23:49:04+02:00 nezha systemd[3114653]: Stopping xdg-desktop-portal-gnome.service - Portal service (GNOME implementation)...
2026-08-18T23:49:04+02:00 nezha systemd[3114653]: Stopping xdg-desktop-portal-gtk.service - Portal service (GTK/GNOME implementation)...
2026-08-18T23:49:04+02:00 nezha systemd[3114653]: Stopping xdg-desktop-portal.service - Portal service...
2026-08-18T23:49:04+02:00 nezha systemd[3114653]: Stopping xdg-document-portal.service - flatpak document portal service...
2026-08-18T23:49:04+02:00 nezha systemd[3114653]: Stopping xdg-permission-store.service - sandboxed app permission store...
2026-08-18T23:49:04+02:00 nezha systemd[3114653]: Stopped at-spi-dbus-bus.service - Accessibility services bus.
2026-08-18T23:49:04+02:00 nezha systemd[3114653]: Stopped xdg-permission-store.service - sandboxed app permission store.
2026-08-18T23:49:04+02:00 nezha systemd[3114653]: Stopped xdg-desktop-portal-gtk.service - Portal service (GTK/GNOME implementation).
2026-08-18T23:49:04+02:00 nezha systemd[1]: run-user-60580-doc.mount: Deactivated successfully.
2026-08-18T23:49:04+02:00 nezha systemd[3114653]: Stopped xdg-desktop-portal.service - Portal service.
2026-08-18T23:49:04+02:00 nezha systemd[3114653]: Stopped xdg-desktop-portal-gnome.service - Portal service (GNOME implementation).
2026-08-18T23:49:04+02:00 nezha systemd[3114653]: Stopped xdg-document-portal.service - flatpak document portal service.
2026-08-18T23:49:04+02:00 nezha systemd[3114653]: Stopped target graphical-session.target - Current graphical user session.
2026-08-18T23:49:04+02:00 nezha systemd[3114653]: Stopped target gnome-session.target - GNOME Session.
2026-08-18T23:49:04+02:00 nezha systemd[3114653]: Stopped target gnome-session-basic-services.target - GNOME basic session services.
2026-08-18T23:49:04+02:00 nezha systemd[3114653]: Stopped target gnome-session-x11-services-ready.target - GNOME session X11 services.
2026-08-18T23:49:04+02:00 nezha systemd[3114653]: Stopped target org.gnome.SettingsDaemon.A11ySettings.target - GNOME accessibility target.
2026-08-18T23:49:04+02:00 nezha systemd[3114653]: Stopped target org.gnome.SettingsDaemon.Keyboard.target - GNOME keyboard configuration target.
2026-08-18T23:49:04+02:00 nezha systemd[3114653]: Stopped target org.gnome.SettingsDaemon.MediaKeys.target - GNOME keyboard shortcuts target.
2026-08-18T23:49:04+02:00 nezha systemd[3114653]: Stopped target org.gnome.SettingsDaemon.Power.target - GNOME power management target.
2026-08-18T23:49:04+02:00 nezha systemd[3114653]: Stopped target org.gnome.SettingsDaemon.Rfkill.target - GNOME RFKill support target.
2026-08-18T23:49:04+02:00 nezha systemd[3114653]: Stopped target org.gnome.SettingsDaemon.Sharing.target - GNOME file sharing target.
2026-08-18T23:49:04+02:00 nezha systemd[3114653]: Stopped target org.gnome.SettingsDaemon.Smartcard.target - GNOME smartcard target.
2026-08-18T23:49:04+02:00 nezha systemd[3114653]: Stopped target org.gnome.SettingsDaemon.UsbProtection.target - GNOME USB protection target.
2026-08-18T23:49:04+02:00 nezha systemd[3114653]: Stopping org.freedesktop.IBus.session.GNOME.service - IBus Daemon for GNOME...
2026-08-18T23:49:04+02:00 nezha systemd[3114653]: Stopping org.gnome.SettingsDaemon.A11ySettings.service - GNOME accessibility service...
2026-08-18T23:49:04+02:00 nezha systemd[3114653]: Stopping org.gnome.SettingsDaemon.Keyboard.service - GNOME keyboard configuration service...
2026-08-18T23:49:04+02:00 nezha systemd[3114653]: Stopping org.gnome.SettingsDaemon.MediaKeys.service - GNOME keyboard shortcuts service...
2026-08-18T23:49:04+02:00 nezha systemd[3114653]: Stopping org.gnome.SettingsDaemon.Power.service - GNOME power management service...
2026-08-18T23:49:04+02:00 nezha systemd[3114653]: Stopping org.gnome.SettingsDaemon.Rfkill.service - GNOME RFKill support service...
2026-08-18T23:49:04+02:00 nezha systemd[3114653]: Stopping org.gnome.SettingsDaemon.Sharing.service - GNOME file sharing service...
2026-08-18T23:49:04+02:00 nezha systemd[3114653]: Stopping org.gnome.SettingsDaemon.Smartcard.service - GNOME smartcard service...
2026-08-18T23:49:04+02:00 nezha systemd[3114653]: Stopping org.gnome.SettingsDaemon.UsbProtection.service - GNOME USB protection service...
2026-08-18T23:49:04+02:00 nezha systemd[3114653]: Stopping org.gnome.SettingsDaemon.XSettings.service - GNOME XSettings service...
2026-08-18T23:49:04+02:00 nezha systemd[3114653]: Stopped gnome-session-monitor.service - Monitor Session leader for GNOME Session.
2026-08-18T23:49:04+02:00 nezha systemd[3114653]: Stopped org.freedesktop.IBus.session.GNOME.service - IBus Daemon for GNOME.
2026-08-18T23:49:04+02:00 nezha systemd[3114653]: Stopped org.gnome.SettingsDaemon.Sharing.service - GNOME file sharing service.
2026-08-18T23:49:04+02:00 nezha systemd[3114653]: Stopped org.gnome.SettingsDaemon.Rfkill.service - GNOME RFKill support service.
2026-08-18T23:49:04+02:00 nezha systemd[3114653]: Stopped org.gnome.SettingsDaemon.Smartcard.service - GNOME smartcard service.
2026-08-18T23:49:04+02:00 nezha systemd[3114653]: Stopped org.gnome.SettingsDaemon.A11ySettings.service - GNOME accessibility service.
2026-08-18T23:49:04+02:00 nezha systemd[3114653]: Stopped org.gnome.SettingsDaemon.Keyboard.service - GNOME keyboard configuration service.
2026-08-18T23:49:04+02:00 nezha systemd[3114653]: Stopped org.gnome.SettingsDaemon.UsbProtection.service - GNOME USB protection service.
2026-08-18T23:49:04+02:00 nezha systemd[3114653]: Stopped org.gnome.SettingsDaemon.Power.service - GNOME power management service.
2026-08-18T23:49:04+02:00 nezha systemd[3114653]: Stopped org.gnome.SettingsDaemon.MediaKeys.service - GNOME keyboard shortcuts service.
2026-08-18T23:49:04+02:00 nezha systemd[3114653]: Stopped org.gnome.SettingsDaemon.XSettings.service - GNOME XSettings service.
2026-08-18T23:49:04+02:00 nezha systemd[3114653]: Stopped target gnome-session-x11-services.target - GNOME session X11 services.
2026-08-18T23:49:04+02:00 nezha systemd[3114653]: Stopped target gnome-session-initialized.target - GNOME Session is initialized.
2026-08-18T23:49:04+02:00 nezha systemd[3114653]: Stopping org.gnome.Shell@gdm.service - GNOME Shell...
2026-08-18T23:49:04+02:00 nezha pipewire[3114857]: mod.x11-bell: X11 I/O error handler called on display :1024
2026-08-18T23:49:04+02:00 nezha pipewire[3114857]: mod.x11-bell: X11 display (:1024) has encountered a fatal I/O error
2026-08-18T23:49:04+02:00 nezha gnome-shell[3114692]: Connection to xwayland lost
2026-08-18T23:49:04+02:00 nezha gnome-shell[3114692]: Shutting down GNOME Shell
2026-08-18T23:49:04+02:00 nezha dbus-daemon[1294]: [system] Activating via systemd: service name='org.freedesktop.realmd' unit='realmd.service' requested by ':1.23059' (uid=60580 pid=3114692 comm="/usr/bin/gnome-shell --mode=gdm")
2026-08-18T23:49:04+02:00 nezha audit: BPF prog-id=112 op=LOAD
2026-08-18T23:49:04+02:00 nezha systemd[1]: Starting realmd.service - Realm and Domain Configuration...
2026-08-18T23:49:04+02:00 nezha gnome-shell[3114692]: Using public X11 display :1024, (using unix:/tmp/.X11-unix/X1025 for managed services)
2026-08-18T23:49:04+02:00 nezha realmd[3117895]: Loaded settings from: /usr/lib/realmd/realmd-defaults.conf /usr/lib/realmd/realmd-distro.conf /etc/realmd.conf
2026-08-18T23:49:04+02:00 nezha realmd[3117895]: holding daemon: startup
2026-08-18T23:49:04+02:00 nezha realmd[3117895]: starting service
2026-08-18T23:49:04+02:00 nezha realmd[3117895]: connected to bus
2026-08-18T23:49:04+02:00 nezha realmd[3117895]: GLib-GIO: _g_io_module_get_default: Found default implementation local (GLocalVfs) for ‘gio-vfs’
2026-08-18T23:49:04+02:00 nezha realmd[3117895]: released daemon: startup
2026-08-18T23:49:04+02:00 nezha dbus-daemon[1294]: [system] Successfully activated service 'org.freedesktop.realmd'
2026-08-18T23:49:04+02:00 nezha systemd[1]: Started realmd.service - Realm and Domain Configuration.
2026-08-18T23:49:04+02:00 nezha audit[1]: SERVICE_START pid=1 uid=0 auid=4294967295 ses=4294967295 msg='unit=realmd comm="systemd" exe="/usr/lib/systemd/systemd" hostname=? addr=? terminal=? res=success'
2026-08-18T23:49:04+02:00 nezha realmd[3117895]: claimed name on bus: org.freedesktop.realmd
2026-08-18T23:49:04+02:00 nezha polkitd[1363]: Error converting subject to JS object: Process 3114692 terminated
2026-08-18T23:49:04+02:00 nezha polkitd[1363]: Unregistered Authentication Agent for unix-session:23 (system bus name :1.23059, object path /org/freedesktop/PolicyKit1/AuthenticationAgent, locale en_US.UTF-8) (disconnected from bus)
2026-08-18T23:49:04+02:00 nezha systemd[3114653]: Stopped org.gnome.Shell@gdm.service - GNOME Shell.
2026-08-18T23:49:04+02:00 nezha systemd[3114653]: org.gnome.Shell@gdm.service: Consumed 2.326s CPU time, 307.5M memory peak.
2026-08-18T23:49:04+02:00 nezha systemd[3114653]: Stopped target gnome-session-manager.target - GNOME Session Manager is ready.
2026-08-18T23:49:04+02:00 nezha systemd[3114653]: Stopping gnome-session-manager@gnome-login.service - GNOME Session Manager (session: gnome-login)...
2026-08-18T23:49:05+02:00 nezha kernel: overlayfs: fs on '/home/milosvasic/.local/share/containers/storage/overlay/l/BRGC7S7DTNMZMVQY3AXCB7WXON' does not support file handles, falling back to xino=off.
2026-08-18T23:49:06+02:00 nezha kernel: overlayfs: fs on '/home/milosvasic/.local/share/containers/storage/overlay/l/AOKEU4QS2OXDXGQ37K5M52SE3H' does not support file handles, falling back to xino=off.
2026-08-18T23:49:06+02:00 nezha systemd[3114653]: Stopped gnome-session-manager@gnome-login.service - GNOME Session Manager (session: gnome-login).
2026-08-18T23:49:06+02:00 nezha systemd[3114653]: Stopped target gnome-session-pre.target - Tasks to be run before GNOME Session starts.
2026-08-18T23:49:06+02:00 nezha systemd[3114653]: Stopped target graphical-session-pre.target - Session services which should run early before the graphical session is brought up.
2026-08-18T23:49:06+02:00 nezha systemd[3114653]: Reached target gnome-session-shutdown.target - Shutdown running GNOME Session.
2026-08-18T23:49:06+02:00 nezha systemd[3114653]: Starting gnome-session-restart-dbus.service - Restart DBus after GNOME Session shutdown...
2026-08-18T23:49:06+02:00 nezha systemd[3114653]: Stopped target gnome-session-shutdown.target - Shutdown running GNOME Session.
2026-08-18T23:49:06+02:00 nezha systemd[3114653]: Started gnome-session-restart-dbus.service - Restart DBus after GNOME Session shutdown.
2026-08-18T23:49:06+02:00 nezha systemd[3114653]: Stopping pipewire-pulse.service - PipeWire PulseAudio...
2026-08-18T23:49:06+02:00 nezha systemd[3114653]: Stopped pipewire-pulse.service - PipeWire PulseAudio.
2026-08-18T23:49:06+02:00 nezha systemd[3114653]: Stopping wireplumber.service - Multimedia Service Session Manager...
2026-08-18T23:49:06+02:00 nezha systemd[3114653]: Stopped wireplumber.service - Multimedia Service Session Manager.
2026-08-18T23:49:06+02:00 nezha org.freedesktop.secrets[3115091]: discover_other_daemon: 0
2026-08-18T23:49:06+02:00 nezha systemd[3114653]: Stopping dbus.service - D-Bus User Message Bus...
2026-08-18T23:49:06+02:00 nezha systemd[3114653]: Stopping pipewire.service - PipeWire Multimedia Service...
2026-08-18T23:49:06+02:00 nezha systemd[3114653]: Stopped dbus.service - D-Bus User Message Bus.
2026-08-18T23:49:06+02:00 nezha systemd[3114653]: dbus.service: Consumed 988ms CPU time, 246.8M memory peak.
2026-08-18T23:49:06+02:00 nezha systemd[3114653]: Stopped pipewire.service - PipeWire Multimedia Service.
2026-08-18T23:49:06+02:00 nezha gdm-launch-environment][3114608]: pam_tcb(gdm-launch-environment:session): Session closed for gdm-greeter
2026-08-18T23:49:06+02:00 nezha audit[3114608]: AUDIT1106 pid=3114608 uid=0 auid=60580 ses=23 msg='op=PAM:session_close grantors=pam_succeed_if,pam_tcb,pam_mktemp,pam_limits,pam_loginuid,pam_systemd,pam_permit acct="gdm-greeter" exe="/usr/libexec/gdm-session-worker" hostname=nezha addr=? terminal=/dev/tty1 res=success'
2026-08-18T23:49:06+02:00 nezha audit[3114608]: AUDIT1104 pid=3114608 uid=0 auid=60580 ses=23 msg='op=PAM:setcred grantors=pam_permit acct="gdm-greeter" exe="/usr/libexec/gdm-session-worker" hostname=nezha addr=? terminal=/dev/tty1 res=success'
2026-08-18T23:49:06+02:00 nezha kernel: kauditd_printk_skb: 38 callbacks suppressed
2026-08-18T23:49:06+02:00 nezha kernel: audit: type=1106 audit(1787089746.167:11430): pid=3114608 uid=0 auid=60580 ses=23 msg='op=PAM:session_close grantors=pam_succeed_if,pam_tcb,pam_mktemp,pam_limits,pam_loginuid,pam_systemd,pam_permit acct="gdm-greeter" exe="/usr/libexec/gdm-session-worker" hostname=nezha addr=? terminal=/dev/tty1 res=success'
2026-08-18T23:49:06+02:00 nezha kernel: audit: type=1104 audit(1787089746.167:11431): pid=3114608 uid=0 auid=60580 ses=23 msg='op=PAM:setcred grantors=pam_permit acct="gdm-greeter" exe="/usr/libexec/gdm-session-worker" hostname=nezha addr=? terminal=/dev/tty1 res=success'
2026-08-18T23:49:06+02:00 nezha systemd[1]: session-23.scope: Deactivated successfully.
2026-08-18T23:49:06+02:00 nezha systemd-logind[1302]: Removed session 23.
2026-08-18T23:49:06+02:00 nezha gdm[1531]: Gdm: Child process -3114669 was already dead.
2026-08-18T23:49:07+02:00 nezha kernel: overlayfs: fs on '/home/milosvasic/.local/share/containers/storage/overlay/l/6VMWH7SDBIMTULBLFGGH4HASOX' does not support file handles, falling back to xino=off.
2026-08-18T23:49:07+02:00 nezha kernel: podman2: port 1(veth0) entered blocking state
2026-08-18T23:49:07+02:00 nezha audit: ANOM_PROMISCUOUS dev=veth0 prom=256 old_prom=0 auid=1000 uid=1000 gid=1000 ses=26
2026-08-18T23:49:07+02:00 nezha audit[3119149]: SYSCALL arch=c000003e syscall=44 success=yes exit=132 a0=5 a1=7ffd4138afb0 a2=84 a3=0 items=0 ppid=3119103 pid=3119149 auid=1000 uid=1000 gid=1000 euid=1000 suid=1000 fsuid=1000 egid=1000 sgid=1000 fsgid=1000 tty=(none) ses=26 comm="netavark" exe="/usr/libexec/podman/netavark" key=(null)
2026-08-18T23:49:07+02:00 nezha audit: PROCTITLE proctitle=2F7573722F6C6962657865632F706F646D616E2F6E6574617661726B002D2D636F6E666967002F72756E2F757365722F313030302F636F6E7461696E6572732F6E6574776F726B73002D2D726F6F746C6573733D74727565002D2D616172647661726B2D62696E6172793D2F7573722F6C6962657865632F706F646D616E2F61
2026-08-18T23:49:07+02:00 nezha kernel: podman2: port 1(veth0) entered disabled state
2026-08-18T23:49:07+02:00 nezha kernel: veth0: entered allmulticast mode
2026-08-18T23:49:07+02:00 nezha kernel: veth0: entered promiscuous mode
2026-08-18T23:49:07+02:00 nezha kernel: audit: type=1700 audit(1787089747.362:11432): dev=veth0 prom=256 old_prom=0 auid=1000 uid=1000 gid=1000 ses=26
2026-08-18T23:49:07+02:00 nezha kernel: audit: type=1300 audit(1787089747.362:11432): arch=c000003e syscall=44 success=yes exit=132 a0=5 a1=7ffd4138afb0 a2=84 a3=0 items=0 ppid=3119103 pid=3119149 auid=1000 uid=1000 gid=1000 euid=1000 suid=1000 fsuid=1000 egid=1000 sgid=1000 fsgid=1000 tty=(none) ses=26 comm="netavark" exe="/usr/libexec/podman/netavark" key=(null)
2026-08-18T23:49:07+02:00 nezha kernel: audit: type=1327 audit(1787089747.362:11432): proctitle=2F7573722F6C6962657865632F706F646D616E2F6E6574617661726B002D2D636F6E666967002F72756E2F757365722F313030302F636F6E7461696E6572732F6E6574776F726B73002D2D726F6F746C6573733D74727565002D2D616172647661726B2D62696E6172793D2F7573722F6C6962657865632F706F646D616E2F61
2026-08-18T23:49:07+02:00 nezha kernel: podman2: port 1(veth0) entered blocking state
2026-08-18T23:49:07+02:00 nezha kernel: podman2: port 1(veth0) entered forwarding state
2026-08-18T23:49:07+02:00 nezha audit[3119156]: NETFILTER_CFG table=netavark:2 family=1 entries=29 op=nft_register_chain pid=3119156 comm="nft"
2026-08-18T23:49:07+02:00 nezha audit[3119156]: SYSCALL arch=c000003e syscall=46 success=yes exit=4832 a0=3 a1=7ffd94d2b1f0 a2=0 a3=0 items=0 ppid=3119149 pid=3119156 auid=1000 uid=1000 gid=1000 euid=1000 suid=1000 fsuid=1000 egid=1000 sgid=1000 fsgid=1000 tty=(none) ses=26 comm="nft" exe="/usr/sbin/nft" key=(null)
2026-08-18T23:49:07+02:00 nezha audit: PROCTITLE proctitle=6E6674002D6A002D66002D
2026-08-18T23:49:07+02:00 nezha kernel: audit: type=1325 audit(1787089747.367:11433): table=netavark:2 family=1 entries=29 op=nft_register_chain pid=3119156 comm="nft"
2026-08-18T23:49:07+02:00 nezha kernel: audit: type=1300 audit(1787089747.367:11433): arch=c000003e syscall=46 success=yes exit=4832 a0=3 a1=7ffd94d2b1f0 a2=0 a3=0 items=0 ppid=3119149 pid=3119156 auid=1000 uid=1000 gid=1000 euid=1000 suid=1000 fsuid=1000 egid=1000 sgid=1000 fsgid=1000 tty=(none) ses=26 comm="nft" exe="/usr/sbin/nft" key=(null)
2026-08-18T23:49:07+02:00 nezha kernel: audit: type=1327 audit(1787089747.367:11433): proctitle=6E6674002D6A002D66002D
2026-08-18T23:49:07+02:00 nezha kernel: podman2: port 1(veth0) entered disabled state
2026-08-18T23:49:07+02:00 nezha audit: ANOM_PROMISCUOUS dev=veth0 prom=0 old_prom=256 auid=1000 uid=1000 gid=1000 ses=26
2026-08-18T23:49:07+02:00 nezha kernel: veth0 (unregistering): left allmulticast mode
2026-08-18T23:49:07+02:00 nezha kernel: veth0 (unregistering): left promiscuous mode
2026-08-18T23:49:07+02:00 nezha kernel: podman2: port 1(veth0) entered disabled state
2026-08-18T23:49:07+02:00 nezha kernel: audit: type=1700 audit(1787089747.401:11434): dev=veth0 prom=0 old_prom=256 auid=1000 uid=1000 gid=1000 ses=26
2026-08-18T23:49:07+02:00 nezha audit[3119149]: SYSCALL arch=c000003e syscall=44 success=yes exit=44 a0=6 a1=7ffd41386f94 a2=2c a3=0 items=0 ppid=3119103 pid=3119149 auid=1000 uid=1000 gid=1000 euid=1000 suid=1000 fsuid=1000 egid=1000 sgid=1000 fsgid=1000 tty=(none) ses=26 comm="netavark" exe="/usr/libexec/podman/netavark" key=(null)
2026-08-18T23:49:07+02:00 nezha audit: PROCTITLE proctitle=2F7573722F6C6962657865632F706F646D616E2F6E6574617661726B002D2D636F6E666967002F72756E2F757365722F313030302F636F6E7461696E6572732F6E6574776F726B73002D2D726F6F746C6573733D74727565002D2D616172647661726B2D62696E6172793D2F7573722F6C6962657865632F706F646D616E2F61
2026-08-18T23:49:07+02:00 nezha kernel: audit: type=1300 audit(1787089747.401:11434): arch=c000003e syscall=44 success=yes exit=44 a0=6 a1=7ffd41386f94 a2=2c a3=0 items=0 ppid=3119103 pid=3119149 auid=1000 uid=1000 gid=1000 euid=1000 suid=1000 fsuid=1000 egid=1000 sgid=1000 fsgid=1000 tty=(none) ses=26 comm="netavark" exe="/usr/libexec/podman/netavark" key=(null)
2026-08-18T23:49:07+02:00 nezha audit[3119188]: NETFILTER_CFG table=netavark:3 family=1 entries=8 op=nft_unregister_chain pid=3119188 comm="nft"
2026-08-18T23:49:07+02:00 nezha audit[3119188]: SYSCALL arch=c000003e syscall=46 success=yes exit=428 a0=3 a1=7fff0b218b90 a2=0 a3=0 items=0 ppid=3119149 pid=3119188 auid=1000 uid=1000 gid=1000 euid=1000 suid=1000 fsuid=1000 egid=1000 sgid=1000 fsgid=1000 tty=(none) ses=26 comm="nft" exe="/usr/sbin/nft" key=(null)
2026-08-18T23:49:07+02:00 nezha audit: PROCTITLE proctitle=6E6674002D6A002D66002D
2026-08-18T23:49:07+02:00 nezha kernel: overlayfs: fs on '/home/milosvasic/.local/share/containers/storage/overlay/l/J2RHJJYJKF7Z6MNMHPKAW4PQAC' does not support file handles, falling back to xino=off.
2026-08-18T23:49:07+02:00 nezha audit: ANOM_PROMISCUOUS dev=veth0 prom=256 old_prom=0 auid=1000 uid=1000 gid=1000 ses=26
2026-08-18T23:49:07+02:00 nezha audit[3119261]: SYSCALL arch=c000003e syscall=44 success=yes exit=132 a0=5 a1=7ffefff85990 a2=84 a3=0 items=0 ppid=3119214 pid=3119261 auid=1000 uid=1000 gid=1000 euid=1000 suid=1000 fsuid=1000 egid=1000 sgid=1000 fsgid=1000 tty=(none) ses=26 comm="netavark" exe="/usr/libexec/podman/netavark" key=(null)
2026-08-18T23:49:07+02:00 nezha kernel: podman2: port 1(veth0) entered blocking state
2026-08-18T23:49:07+02:00 nezha kernel: podman2: port 1(veth0) entered disabled state
2026-08-18T23:49:07+02:00 nezha kernel: veth0: entered allmulticast mode
2026-08-18T23:49:07+02:00 nezha kernel: veth0: entered promiscuous mode
2026-08-18T23:49:07+02:00 nezha audit: PROCTITLE proctitle=2F7573722F6C6962657865632F706F646D616E2F6E6574617661726B002D2D636F6E666967002F72756E2F757365722F313030302F636F6E7461696E6572732F6E6574776F726B73002D2D726F6F746C6573733D74727565002D2D616172647661726B2D62696E6172793D2F7573722F6C6962657865632F706F646D616E2F61
2026-08-18T23:49:07+02:00 nezha kernel: podman2: port 1(veth0) entered blocking state
2026-08-18T23:49:07+02:00 nezha kernel: podman2: port 1(veth0) entered forwarding state
2026-08-18T23:49:07+02:00 nezha audit[3119272]: NETFILTER_CFG table=netavark:2 family=1 entries=29 op=nft_register_chain pid=3119272 comm="nft"
2026-08-18T23:49:07+02:00 nezha audit[3119272]: SYSCALL arch=c000003e syscall=46 success=yes exit=4832 a0=3 a1=7ffd51f9bff0 a2=0 a3=0 items=0 ppid=3119261 pid=3119272 auid=1000 uid=1000 gid=1000 euid=1000 suid=1000 fsuid=1000 egid=1000 sgid=1000 fsgid=1000 tty=(none) ses=26 comm="nft" exe="/usr/sbin/nft" key=(null)
2026-08-18T23:49:07+02:00 nezha audit: PROCTITLE proctitle=6E6674002D6A002D66002D
2026-08-18T23:49:07+02:00 nezha audit: ANOM_PROMISCUOUS dev=veth0 prom=0 old_prom=256 auid=1000 uid=1000 gid=1000 ses=26
2026-08-18T23:49:07+02:00 nezha kernel: podman2: port 1(veth0) entered disabled state
2026-08-18T23:49:07+02:00 nezha kernel: veth0 (unregistering): left allmulticast mode
2026-08-18T23:49:07+02:00 nezha kernel: veth0 (unregistering): left promiscuous mode
2026-08-18T23:49:07+02:00 nezha kernel: podman2: port 1(veth0) entered disabled state
2026-08-18T23:49:07+02:00 nezha audit[3119261]: SYSCALL arch=c000003e syscall=44 success=yes exit=44 a0=6 a1=7ffefff81974 a2=2c a3=0 items=0 ppid=3119214 pid=3119261 auid=1000 uid=1000 gid=1000 euid=1000 suid=1000 fsuid=1000 egid=1000 sgid=1000 fsgid=1000 tty=(none) ses=26 comm="netavark" exe="/usr/libexec/podman/netavark" key=(null)
2026-08-18T23:49:07+02:00 nezha audit: PROCTITLE proctitle=2F7573722F6C6962657865632F706F646D616E2F6E6574617661726B002D2D636F6E666967002F72756E2F757365722F313030302F636F6E7461696E6572732F6E6574776F726B73002D2D726F6F746C6573733D74727565002D2D616172647661726B2D62696E6172793D2F7573722F6C6962657865632F706F646D616E2F61
2026-08-18T23:49:07+02:00 nezha audit[3119299]: NETFILTER_CFG table=netavark:3 family=1 entries=8 op=nft_unregister_chain pid=3119299 comm="nft"
2026-08-18T23:49:07+02:00 nezha audit[3119299]: SYSCALL arch=c000003e syscall=46 success=yes exit=428 a0=3 a1=7ffe8a221220 a2=0 a3=0 items=0 ppid=3119261 pid=3119299 auid=1000 uid=1000 gid=1000 euid=1000 suid=1000 fsuid=1000 egid=1000 sgid=1000 fsgid=1000 tty=(none) ses=26 comm="nft" exe="/usr/sbin/nft" key=(null)
2026-08-18T23:49:07+02:00 nezha audit: PROCTITLE proctitle=6E6674002D6A002D66002D
2026-08-18T23:49:07+02:00 nezha kernel: overlayfs: fs on '/home/milosvasic/.local/share/containers/storage/overlay/l/QPZ65PMNBLLPE5STA2ORAWBMGO' does not support file handles, falling back to xino=off.
2026-08-18T23:49:07+02:00 nezha kernel: podman2: port 1(veth0) entered blocking state
2026-08-18T23:49:07+02:00 nezha kernel: podman2: port 1(veth0) entered disabled state
2026-08-18T23:49:07+02:00 nezha kernel: veth0: entered allmulticast mode
2026-08-18T23:49:07+02:00 nezha kernel: veth0: entered promiscuous mode
2026-08-18T23:49:07+02:00 nezha kernel: podman2: port 1(veth0) entered blocking state
2026-08-18T23:49:07+02:00 nezha kernel: podman2: port 1(veth0) entered forwarding state
2026-08-18T23:49:07+02:00 nezha audit: ANOM_PROMISCUOUS dev=veth0 prom=256 old_prom=0 auid=1000 uid=1000 gid=1000 ses=26
2026-08-18T23:49:07+02:00 nezha audit[3119357]: SYSCALL arch=c000003e syscall=44 success=yes exit=132 a0=5 a1=7ffeee5f5880 a2=84 a3=0 items=0 ppid=3119310 pid=3119357 auid=1000 uid=1000 gid=1000 euid=1000 suid=1000 fsuid=1000 egid=1000 sgid=1000 fsgid=1000 tty=(none) ses=26 comm="netavark" exe="/usr/libexec/podman/netavark" key=(null)
2026-08-18T23:49:07+02:00 nezha audit: PROCTITLE proctitle=2F7573722F6C6962657865632F706F646D616E2F6E6574617661726B002D2D636F6E666967002F72756E2F757365722F313030302F636F6E7461696E6572732F6E6574776F726B73002D2D726F6F746C6573733D74727565002D2D616172647661726B2D62696E6172793D2F7573722F6C6962657865632F706F646D616E2F61
2026-08-18T23:49:07+02:00 nezha audit[3119361]: NETFILTER_CFG table=netavark:2 family=1 entries=29 op=nft_register_chain pid=3119361 comm="nft"
2026-08-18T23:49:07+02:00 nezha audit[3119361]: SYSCALL arch=c000003e syscall=46 success=yes exit=4832 a0=3 a1=7ffddcd8c300 a2=0 a3=0 items=0 ppid=3119357 pid=3119361 auid=1000 uid=1000 gid=1000 euid=1000 suid=1000 fsuid=1000 egid=1000 sgid=1000 fsgid=1000 tty=(none) ses=26 comm="nft" exe="/usr/sbin/nft" key=(null)
2026-08-18T23:49:07+02:00 nezha audit: PROCTITLE proctitle=6E6674002D6A002D66002D
2026-08-18T23:49:07+02:00 nezha audit: ANOM_PROMISCUOUS dev=veth0 prom=0 old_prom=256 auid=1000 uid=1000 gid=1000 ses=26
2026-08-18T23:49:07+02:00 nezha kernel: podman2: port 1(veth0) entered disabled state
2026-08-18T23:49:07+02:00 nezha kernel: veth0 (unregistering): left allmulticast mode
2026-08-18T23:49:07+02:00 nezha kernel: veth0 (unregistering): left promiscuous mode
2026-08-18T23:49:07+02:00 nezha kernel: podman2: port 1(veth0) entered disabled state
2026-08-18T23:49:07+02:00 nezha audit[3119357]: SYSCALL arch=c000003e syscall=44 success=yes exit=44 a0=6 a1=7ffeee5f1864 a2=2c a3=0 items=0 ppid=3119310 pid=3119357 auid=1000 uid=1000 gid=1000 euid=1000 suid=1000 fsuid=1000 egid=1000 sgid=1000 fsgid=1000 tty=(none) ses=26 comm="netavark" exe="/usr/libexec/podman/netavark" key=(null)
2026-08-18T23:49:07+02:00 nezha audit: PROCTITLE proctitle=2F7573722F6C6962657865632F706F646D616E2F6E6574617661726B002D2D636F6E666967002F72756E2F757365722F313030302F636F6E7461696E6572732F6E6574776F726B73002D2D726F6F746C6573733D74727565002D2D616172647661726B2D62696E6172793D2F7573722F6C6962657865632F706F646D616E2F61
2026-08-18T23:49:07+02:00 nezha audit[3119377]: NETFILTER_CFG table=netavark:3 family=1 entries=8 op=nft_unregister_chain pid=3119377 comm="nft"
2026-08-18T23:49:07+02:00 nezha audit[3119377]: SYSCALL arch=c000003e syscall=46 success=yes exit=428 a0=3 a1=7ffc3e345320 a2=0 a3=0 items=0 ppid=3119357 pid=3119377 auid=1000 uid=1000 gid=1000 euid=1000 suid=1000 fsuid=1000 egid=1000 sgid=1000 fsgid=1000 tty=(none) ses=26 comm="nft" exe="/usr/sbin/nft" key=(null)
2026-08-18T23:49:07+02:00 nezha audit: PROCTITLE proctitle=6E6674002D6A002D66002D
2026-08-18T23:49:08+02:00 nezha kernel: overlayfs: fs on '/home/milosvasic/.local/share/containers/storage/overlay/l/J2RHJJYJKF7Z6MNMHPKAW4PQAC' does not support file handles, falling back to xino=off.
2026-08-18T23:49:08+02:00 nezha audit: ANOM_PROMISCUOUS dev=veth0 prom=256 old_prom=0 auid=1000 uid=1000 gid=1000 ses=26
2026-08-18T23:49:08+02:00 nezha audit[3119444]: SYSCALL arch=c000003e syscall=44 success=yes exit=132 a0=5 a1=7ffda9f94b60 a2=84 a3=0 items=0 ppid=3119403 pid=3119444 auid=1000 uid=1000 gid=1000 euid=1000 suid=1000 fsuid=1000 egid=1000 sgid=1000 fsgid=1000 tty=(none) ses=26 comm="netavark" exe="/usr/libexec/podman/netavark" key=(null)
2026-08-18T23:49:08+02:00 nezha kernel: podman2: port 1(veth0) entered blocking state
2026-08-18T23:49:08+02:00 nezha kernel: podman2: port 1(veth0) entered disabled state
2026-08-18T23:49:08+02:00 nezha kernel: veth0: entered allmulticast mode
2026-08-18T23:49:08+02:00 nezha kernel: veth0: entered promiscuous mode
2026-08-18T23:49:08+02:00 nezha audit: PROCTITLE proctitle=2F7573722F6C6962657865632F706F646D616E2F6E6574617661726B002D2D636F6E666967002F72756E2F757365722F313030302F636F6E7461696E6572732F6E6574776F726B73002D2D726F6F746C6573733D74727565002D2D616172647661726B2D62696E6172793D2F7573722F6C6962657865632F706F646D616E2F61
2026-08-18T23:49:08+02:00 nezha kernel: podman2: port 1(veth0) entered blocking state
2026-08-18T23:49:08+02:00 nezha kernel: podman2: port 1(veth0) entered forwarding state
2026-08-18T23:49:08+02:00 nezha audit[3119448]: NETFILTER_CFG table=netavark:2 family=1 entries=29 op=nft_register_chain pid=3119448 comm="nft"
2026-08-18T23:49:08+02:00 nezha audit[3119448]: SYSCALL arch=c000003e syscall=46 success=yes exit=4832 a0=3 a1=7ffc79a67ce0 a2=0 a3=0 items=0 ppid=3119444 pid=3119448 auid=1000 uid=1000 gid=1000 euid=1000 suid=1000 fsuid=1000 egid=1000 sgid=1000 fsgid=1000 tty=(none) ses=26 comm="nft" exe="/usr/sbin/nft" key=(null)
2026-08-18T23:49:08+02:00 nezha audit: PROCTITLE proctitle=6E6674002D6A002D66002D
2026-08-18T23:49:08+02:00 nezha audit: ANOM_PROMISCUOUS dev=veth0 prom=0 old_prom=256 auid=1000 uid=1000 gid=1000 ses=26
2026-08-18T23:49:08+02:00 nezha kernel: podman2: port 1(veth0) entered disabled state
2026-08-18T23:49:08+02:00 nezha kernel: veth0 (unregistering): left allmulticast mode
2026-08-18T23:49:08+02:00 nezha kernel: veth0 (unregistering): left promiscuous mode
2026-08-18T23:49:08+02:00 nezha kernel: podman2: port 1(veth0) entered disabled state
2026-08-18T23:49:08+02:00 nezha audit[3119444]: SYSCALL arch=c000003e syscall=44 success=yes exit=44 a0=6 a1=7ffda9f90b44 a2=2c a3=0 items=0 ppid=3119403 pid=3119444 auid=1000 uid=1000 gid=1000 euid=1000 suid=1000 fsuid=1000 egid=1000 sgid=1000 fsgid=1000 tty=(none) ses=26 comm="netavark" exe="/usr/libexec/podman/netavark" key=(null)
2026-08-18T23:49:08+02:00 nezha audit: PROCTITLE proctitle=2F7573722F6C6962657865632F706F646D616E2F6E6574617661726B002D2D636F6E666967002F72756E2F757365722F313030302F636F6E7461696E6572732F6E6574776F726B73002D2D726F6F746C6573733D74727565002D2D616172647661726B2D62696E6172793D2F7573722F6C6962657865632F706F646D616E2F61
2026-08-18T23:49:08+02:00 nezha audit[3119493]: NETFILTER_CFG table=netavark:3 family=1 entries=8 op=nft_unregister_chain pid=3119493 comm="nft"
2026-08-18T23:49:08+02:00 nezha audit[3119493]: SYSCALL arch=c000003e syscall=46 success=yes exit=428 a0=3 a1=7ffe44582230 a2=0 a3=0 items=0 ppid=3119444 pid=3119493 auid=1000 uid=1000 gid=1000 euid=1000 suid=1000 fsuid=1000 egid=1000 sgid=1000 fsgid=1000 tty=(none) ses=26 comm="nft" exe="/usr/sbin/nft" key=(null)
2026-08-18T23:49:08+02:00 nezha audit: PROCTITLE proctitle=6E6674002D6A002D66002D
2026-08-18T23:49:08+02:00 nezha kernel: overlayfs: fs on '/home/milosvasic/.local/share/containers/storage/overlay/l/6VMWH7SDBIMTULBLFGGH4HASOX' does not support file handles, falling back to xino=off.
2026-08-18T23:49:08+02:00 nezha audit: ANOM_PROMISCUOUS dev=veth0 prom=256 old_prom=0 auid=1000 uid=1000 gid=1000 ses=26
2026-08-18T23:49:08+02:00 nezha audit[3119525]: SYSCALL arch=c000003e syscall=44 success=yes exit=132 a0=5 a1=7fff18eff180 a2=84 a3=0 items=0 ppid=3119403 pid=3119525 auid=1000 uid=1000 gid=1000 euid=1000 suid=1000 fsuid=1000 egid=1000 sgid=1000 fsgid=1000 tty=(none) ses=26 comm="netavark" exe="/usr/libexec/podman/netavark" key=(null)
2026-08-18T23:49:08+02:00 nezha audit: PROCTITLE proctitle=2F7573722F6C6962657865632F706F646D616E2F6E6574617661726B002D2D636F6E666967002F72756E2F757365722F313030302F636F6E7461696E6572732F6E6574776F726B73002D2D726F6F746C6573733D74727565002D2D616172647661726B2D62696E6172793D2F7573722F6C6962657865632F706F646D616E2F61
2026-08-18T23:49:08+02:00 nezha kernel: podman2: port 1(veth0) entered blocking state
2026-08-18T23:49:08+02:00 nezha kernel: podman2: port 1(veth0) entered disabled state
2026-08-18T23:49:08+02:00 nezha kernel: veth0: entered allmulticast mode
2026-08-18T23:49:08+02:00 nezha kernel: veth0: entered promiscuous mode
2026-08-18T23:49:08+02:00 nezha kernel: podman2: port 1(veth0) entered blocking state
2026-08-18T23:49:08+02:00 nezha kernel: podman2: port 1(veth0) entered forwarding state
2026-08-18T23:49:08+02:00 nezha audit[3119529]: NETFILTER_CFG table=netavark:2 family=1 entries=29 op=nft_register_chain pid=3119529 comm="nft"
2026-08-18T23:49:08+02:00 nezha audit[3119529]: SYSCALL arch=c000003e syscall=46 success=yes exit=4832 a0=3 a1=7fff5f5ba9d0 a2=0 a3=0 items=0 ppid=3119525 pid=3119529 auid=1000 uid=1000 gid=1000 euid=1000 suid=1000 fsuid=1000 egid=1000 sgid=1000 fsgid=1000 tty=(none) ses=26 comm="nft" exe="/usr/sbin/nft" key=(null)
2026-08-18T23:49:08+02:00 nezha audit: PROCTITLE proctitle=6E6674002D6A002D66002D
2026-08-18T23:49:08+02:00 nezha audit: ANOM_PROMISCUOUS dev=veth0 prom=0 old_prom=256 auid=1000 uid=1000 gid=1000 ses=26
2026-08-18T23:49:08+02:00 nezha kernel: podman2: port 1(veth0) entered disabled state
2026-08-18T23:49:08+02:00 nezha kernel: veth0 (unregistering): left allmulticast mode
2026-08-18T23:49:08+02:00 nezha kernel: veth0 (unregistering): left promiscuous mode
2026-08-18T23:49:08+02:00 nezha kernel: podman2: port 1(veth0) entered disabled state
2026-08-18T23:49:08+02:00 nezha audit[3119525]: SYSCALL arch=c000003e syscall=44 success=yes exit=44 a0=6 a1=7fff18efb164 a2=2c a3=0 items=0 ppid=3119403 pid=3119525 auid=1000 uid=1000 gid=1000 euid=1000 suid=1000 fsuid=1000 egid=1000 sgid=1000 fsgid=1000 tty=(none) ses=26 comm="netavark" exe="/usr/libexec/podman/netavark" key=(null)
2026-08-18T23:49:08+02:00 nezha audit: PROCTITLE proctitle=2F7573722F6C6962657865632F706F646D616E2F6E6574617661726B002D2D636F6E666967002F72756E2F757365722F313030302F636F6E7461696E6572732F6E6574776F726B73002D2D726F6F746C6573733D74727565002D2D616172647661726B2D62696E6172793D2F7573722F6C6962657865632F706F646D616E2F61
2026-08-18T23:49:08+02:00 nezha audit[3119559]: NETFILTER_CFG table=netavark:3 family=1 entries=8 op=nft_unregister_chain pid=3119559 comm="nft"
2026-08-18T23:49:08+02:00 nezha audit[3119559]: SYSCALL arch=c000003e syscall=46 success=yes exit=428 a0=3 a1=7ffdeef2fcf0 a2=0 a3=0 items=0 ppid=3119525 pid=3119559 auid=1000 uid=1000 gid=1000 euid=1000 suid=1000 fsuid=1000 egid=1000 sgid=1000 fsgid=1000 tty=(none) ses=26 comm="nft" exe="/usr/sbin/nft" key=(null)
2026-08-18T23:49:08+02:00 nezha audit: PROCTITLE proctitle=6E6674002D6A002D66002D
2026-08-18T23:49:14+02:00 nezha kernel: overlayfs: fs on '/home/milosvasic/.local/share/containers/storage/overlay/l/PWWF65R4QCG4X66FT62LIGOA27' does not support file handles, falling back to xino=off.
2026-08-18T23:49:14+02:00 nezha audit: ANOM_PROMISCUOUS dev=veth0 prom=256 old_prom=0 auid=1000 uid=1000 gid=1000 ses=26
2026-08-18T23:49:14+02:00 nezha audit[3122822]: SYSCALL arch=c000003e syscall=44 success=yes exit=132 a0=5 a1=7ffd6b355350 a2=84 a3=0 items=0 ppid=3122794 pid=3122822 auid=1000 uid=1000 gid=1000 euid=1000 suid=1000 fsuid=1000 egid=1000 sgid=1000 fsgid=1000 tty=(none) ses=26 comm="netavark" exe="/usr/libexec/podman/netavark" key=(null)
2026-08-18T23:49:14+02:00 nezha audit: PROCTITLE proctitle=2F7573722F6C6962657865632F706F646D616E2F6E6574617661726B002D2D636F6E666967002F72756E2F757365722F313030302F636F6E7461696E6572732F6E6574776F726B73002D2D726F6F746C6573733D74727565002D2D616172647661726B2D62696E6172793D2F7573722F6C6962657865632F706F646D616E2F61
2026-08-18T23:49:14+02:00 nezha kernel: podman1: port 1(veth0) entered blocking state
2026-08-18T23:49:14+02:00 nezha kernel: podman1: port 1(veth0) entered disabled state
2026-08-18T23:49:14+02:00 nezha kernel: veth0: entered allmulticast mode
2026-08-18T23:49:14+02:00 nezha kernel: veth0: entered promiscuous mode
2026-08-18T23:49:14+02:00 nezha kernel: kauditd_printk_skb: 52 callbacks suppressed
2026-08-18T23:49:14+02:00 nezha kernel: audit: type=1700 audit(1787089754.052:11452): dev=veth0 prom=256 old_prom=0 auid=1000 uid=1000 gid=1000 ses=26
2026-08-18T23:49:14+02:00 nezha kernel: audit: type=1300 audit(1787089754.052:11452): arch=c000003e syscall=44 success=yes exit=132 a0=5 a1=7ffd6b355350 a2=84 a3=0 items=0 ppid=3122794 pid=3122822 auid=1000 uid=1000 gid=1000 euid=1000 suid=1000 fsuid=1000 egid=1000 sgid=1000 fsgid=1000 tty=(none) ses=26 comm="netavark" exe="/usr/libexec/podman/netavark" key=(null)
2026-08-18T23:49:14+02:00 nezha kernel: audit: type=1327 audit(1787089754.052:11452): proctitle=2F7573722F6C6962657865632F706F646D616E2F6E6574617661726B002D2D636F6E666967002F72756E2F757365722F313030302F636F6E7461696E6572732F6E6574776F726B73002D2D726F6F746C6573733D74727565002D2D616172647661726B2D62696E6172793D2F7573722F6C6962657865632F706F646D616E2F61
2026-08-18T23:49:14+02:00 nezha kernel: podman1: port 1(veth0) entered blocking state
2026-08-18T23:49:14+02:00 nezha kernel: podman1: port 1(veth0) entered forwarding state
2026-08-18T23:49:14+02:00 nezha audit[3122826]: NETFILTER_CFG table=netavark:2 family=1 entries=29 op=nft_register_chain pid=3122826 comm="nft"
2026-08-18T23:49:14+02:00 nezha audit[3122826]: SYSCALL arch=c000003e syscall=46 success=yes exit=4832 a0=3 a1=7ffddf73b190 a2=0 a3=0 items=0 ppid=3122822 pid=3122826 auid=1000 uid=1000 gid=1000 euid=1000 suid=1000 fsuid=1000 egid=1000 sgid=1000 fsgid=1000 tty=(none) ses=26 comm="nft" exe="/usr/sbin/nft" key=(null)
2026-08-18T23:49:14+02:00 nezha audit: PROCTITLE proctitle=6E6674002D6A002D66002D
2026-08-18T23:49:14+02:00 nezha kernel: audit: type=1325 audit(1787089754.056:11453): table=netavark:2 family=1 entries=29 op=nft_register_chain pid=3122826 comm="nft"
2026-08-18T23:49:14+02:00 nezha kernel: audit: type=1300 audit(1787089754.056:11453): arch=c000003e syscall=46 success=yes exit=4832 a0=3 a1=7ffddf73b190 a2=0 a3=0 items=0 ppid=3122822 pid=3122826 auid=1000 uid=1000 gid=1000 euid=1000 suid=1000 fsuid=1000 egid=1000 sgid=1000 fsgid=1000 tty=(none) ses=26 comm="nft" exe="/usr/sbin/nft" key=(null)
2026-08-18T23:49:14+02:00 nezha kernel: audit: type=1327 audit(1787089754.056:11453): proctitle=6E6674002D6A002D66002D
2026-08-18T23:49:16+02:00 nezha systemd[1]: Stopping user@60580.service - User Manager for UID 60580...
2026-08-18T23:49:16+02:00 nezha systemd[3114653]: Activating special unit exit.target...
2026-08-18T23:49:16+02:00 nezha systemd[3114653]: Removed slice app-gnome\x2dsession\x2dmanager.slice - Slice /app/gnome-session-manager.
2026-08-18T23:49:16+02:00 nezha systemd[3114653]: Removed slice session.slice - User Core Session Slice.
2026-08-18T23:49:16+02:00 nezha systemd[3114653]: session.slice: Consumed 4.021s CPU time, 561.4M memory peak.
2026-08-18T23:49:16+02:00 nezha systemd[3114653]: Stopped target default.target - Main User Target.
2026-08-18T23:49:16+02:00 nezha systemd[3114653]: Stopped target basic.target - Basic System.
2026-08-18T23:49:16+02:00 nezha systemd[3114653]: Stopped target paths.target - Paths.
2026-08-18T23:49:16+02:00 nezha systemd[3114653]: Stopped target sockets.target - Sockets.
2026-08-18T23:49:16+02:00 nezha systemd[3114653]: Stopped target sound.target - Sound Card.
2026-08-18T23:49:16+02:00 nezha systemd[3114653]: Stopped target timers.target - Timers.
2026-08-18T23:49:16+02:00 nezha systemd[3114653]: Stopped systemd-tmpfiles-clean.timer - Daily Cleanup of User's Temporary Directories.
2026-08-18T23:49:16+02:00 nezha systemd[3114653]: Closed dbus.socket - D-Bus User Message Bus Socket.
2026-08-18T23:49:16+02:00 nezha systemd[3114653]: Closed pipewire-pulse.socket - PipeWire PulseAudio.
2026-08-18T23:49:16+02:00 nezha systemd[3114653]: Closed pipewire.socket - PipeWire Multimedia System Sockets.
2026-08-18T23:49:16+02:00 nezha systemd[3114653]: Closed systemd-ask-password.socket - Query the User Interactively for a Password.
2026-08-18T23:49:16+02:00 nezha systemd[3114653]: Stopped systemd-tmpfiles-setup.service - Create User Files and Directories.
2026-08-18T23:49:16+02:00 nezha systemd[3114653]: Removed slice app.slice - User Application Slice.
2026-08-18T23:49:16+02:00 nezha systemd[3114653]: Reached target shutdown.target - Shutdown.
2026-08-18T23:49:16+02:00 nezha systemd[3114653]: Finished systemd-exit.service - Exit the Session.
2026-08-18T23:49:16+02:00 nezha systemd[3114653]: Reached target exit.target - Exit the Session.
2026-08-18T23:49:16+02:00 nezha (sd-pam)[3114655]: pam_tcb(systemd-user:session): Session closed for gdm-greeter
2026-08-18T23:49:16+02:00 nezha systemd-logind[1302]: Removed session 24.
2026-08-18T23:49:16+02:00 nezha systemd[1]: user@60580.service: Deactivated successfully.
2026-08-18T23:49:16+02:00 nezha systemd[1]: Stopped user@60580.service - User Manager for UID 60580.
2026-08-18T23:49:16+02:00 nezha audit[1]: SERVICE_STOP pid=1 uid=0 auid=4294967295 ses=4294967295 msg='unit=user@60580 comm="systemd" exe="/usr/lib/systemd/systemd" hostname=? addr=? terminal=? res=success'
2026-08-18T23:49:16+02:00 nezha systemd[1]: user@60580.service: Consumed 4.452s CPU time, 570.6M memory peak.
2026-08-18T23:49:16+02:00 nezha kernel: audit: type=1131 audit(1787089756.452:11454): pid=1 uid=0 auid=4294967295 ses=4294967295 msg='unit=user@60580 comm="systemd" exe="/usr/lib/systemd/systemd" hostname=? addr=? terminal=? res=success'
2026-08-18T23:49:16+02:00 nezha systemd[1]: Stopping user-runtime-dir@60580.service - User Runtime Directory /run/user/60580...
2026-08-18T23:49:16+02:00 nezha systemd[1]: run-user-60580.mount: Deactivated successfully.
2026-08-18T23:49:16+02:00 nezha systemd[1]: user-runtime-dir@60580.service: Deactivated successfully.
2026-08-18T23:49:16+02:00 nezha systemd[1]: Stopped user-runtime-dir@60580.service - User Runtime Directory /run/user/60580.
2026-08-18T23:49:16+02:00 nezha audit[1]: SERVICE_STOP pid=1 uid=0 auid=4294967295 ses=4294967295 msg='unit=user-runtime-dir@60580 comm="systemd" exe="/usr/lib/systemd/systemd" hostname=? addr=? terminal=? res=success'
2026-08-18T23:49:16+02:00 nezha kernel: audit: type=1131 audit(1787089756.469:11455): pid=1 uid=0 auid=4294967295 ses=4294967295 msg='unit=user-runtime-dir@60580 comm="systemd" exe="/usr/lib/systemd/systemd" hostname=? addr=? terminal=? res=success'
2026-08-18T23:49:16+02:00 nezha systemd[1]: Removed slice user-60580.slice - User Slice of UID 60580.
2026-08-18T23:49:16+02:00 nezha systemd[1]: user-60580.slice: Consumed 4.480s CPU time, 572.7M memory peak.
2026-08-18T23:49:20+02:00 nezha audit: ANOM_PROMISCUOUS dev=veth0 prom=0 old_prom=256 auid=1000 uid=1000 gid=1000 ses=26
2026-08-18T23:49:20+02:00 nezha kernel: podman1: port 1(veth0) entered disabled state
2026-08-18T23:49:20+02:00 nezha kernel: veth0 (unregistering): left allmulticast mode
2026-08-18T23:49:20+02:00 nezha kernel: veth0 (unregistering): left promiscuous mode
2026-08-18T23:49:20+02:00 nezha kernel: podman1: port 1(veth0) entered disabled state
2026-08-18T23:49:20+02:00 nezha kernel: audit: type=1700 audit(1787089760.354:11456): dev=veth0 prom=0 old_prom=256 auid=1000 uid=1000 gid=1000 ses=26
2026-08-18T23:49:20+02:00 nezha audit[3123073]: SYSCALL arch=c000003e syscall=44 success=yes exit=44 a0=6 a1=7fffd5db7abc a2=2c a3=0 items=0 ppid=3123060 pid=3123073 auid=1000 uid=1000 gid=1000 euid=1000 suid=1000 fsuid=1000 egid=1000 sgid=1000 fsgid=1000 tty=(none) ses=26 comm="netavark" exe="/usr/libexec/podman/netavark" key=(null)
2026-08-18T23:49:20+02:00 nezha audit: PROCTITLE proctitle=2F7573722F6C6962657865632F706F646D616E2F6E6574617661726B002D2D636F6E666967002F72756E2F757365722F313030302F636F6E7461696E6572732F6E6574776F726B73002D2D726F6F746C6573733D74727565002D2D616172647661726B2D62696E6172793D2F7573722F6C6962657865632F706F646D616E2F61
2026-08-18T23:49:20+02:00 nezha kernel: audit: type=1300 audit(1787089760.354:11456): arch=c000003e syscall=44 success=yes exit=44 a0=6 a1=7fffd5db7abc a2=2c a3=0 items=0 ppid=3123060 pid=3123073 auid=1000 uid=1000 gid=1000 euid=1000 suid=1000 fsuid=1000 egid=1000 sgid=1000 fsgid=1000 tty=(none) ses=26 comm="netavark" exe="/usr/libexec/podman/netavark" key=(null)
2026-08-18T23:49:20+02:00 nezha kernel: audit: type=1327 audit(1787089760.354:11456): proctitle=2F7573722F6C6962657865632F706F646D616E2F6E6574617661726B002D2D636F6E666967002F72756E2F757365722F313030302F636F6E7461696E6572732F6E6574776F726B73002D2D726F6F746C6573733D74727565002D2D616172647661726B2D62696E6172793D2F7573722F6C6962657865632F706F646D616E2F61
2026-08-18T23:49:20+02:00 nezha audit[3123077]: NETFILTER_CFG table=netavark:3 family=1 entries=8 op=nft_unregister_chain pid=3123077 comm="nft"
2026-08-18T23:49:20+02:00 nezha audit[3123077]: SYSCALL arch=c000003e syscall=46 success=yes exit=428 a0=3 a1=7fffbba90dd0 a2=0 a3=0 items=0 ppid=3123073 pid=3123077 auid=1000 uid=1000 gid=1000 euid=1000 suid=1000 fsuid=1000 egid=1000 sgid=1000 fsgid=1000 tty=(none) ses=26 comm="nft" exe="/usr/sbin/nft" key=(null)
2026-08-18T23:49:20+02:00 nezha audit: PROCTITLE proctitle=6E6674002D6A002D66002D
2026-08-18T23:49:20+02:00 nezha kernel: audit: type=1325 audit(1787089760.390:11457): table=netavark:3 family=1 entries=8 op=nft_unregister_chain pid=3123077 comm="nft"
2026-08-18T23:49:20+02:00 nezha kernel: audit: type=1300 audit(1787089760.390:11457): arch=c000003e syscall=46 success=yes exit=428 a0=3 a1=7fffbba90dd0 a2=0 a3=0 items=0 ppid=3123073 pid=3123077 auid=1000 uid=1000 gid=1000 euid=1000 suid=1000 fsuid=1000 egid=1000 sgid=1000 fsgid=1000 tty=(none) ses=26 comm="nft" exe="/usr/sbin/nft" key=(null)
2026-08-18T23:49:20+02:00 nezha kernel: audit: type=1327 audit(1787089760.390:11457): proctitle=6E6674002D6A002D66002D
2026-08-18T23:49:23+02:00 nezha systemd[1]: fprintd.service: Deactivated successfully.
2026-08-18T23:49:23+02:00 nezha audit[1]: SERVICE_STOP pid=1 uid=0 auid=4294967295 ses=4294967295 msg='unit=fprintd comm="systemd" exe="/usr/lib/systemd/systemd" hostname=? addr=? terminal=? res=success'
2026-08-18T23:49:23+02:00 nezha kernel: audit: type=1131 audit(1787089763.745:11458): pid=1 uid=0 auid=4294967295 ses=4294967295 msg='unit=fprintd comm="systemd" exe="/usr/lib/systemd/systemd" hostname=? addr=? terminal=? res=success'
2026-08-18T23:49:23+02:00 nezha audit: BPF prog-id=99 op=UNLOAD
2026-08-18T23:49:23+02:00 nezha kernel: audit: type=1334 audit(1787089763.754:11459): prog-id=99 op=UNLOAD
2026-08-18T23:49:32+02:00 nezha systemd[1]: systemd-hostnamed.service: Deactivated successfully.
2026-08-18T23:49:32+02:00 nezha audit[1]: SERVICE_STOP pid=1 uid=0 auid=4294967295 ses=4294967295 msg='unit=systemd-hostnamed comm="systemd" exe="/usr/lib/systemd/systemd" hostname=? addr=? terminal=? res=success'
2026-08-18T23:49:32+02:00 nezha kernel: audit: type=1131 audit(1787089772.465:11460): pid=1 uid=0 auid=4294967295 ses=4294967295 msg='unit=systemd-hostnamed comm="systemd" exe="/usr/lib/systemd/systemd" hostname=? addr=? terminal=? res=success'
2026-08-18T23:49:32+02:00 nezha audit: BPF prog-id=103 op=UNLOAD
2026-08-18T23:49:32+02:00 nezha kernel: audit: type=1334 audit(1787089772.488:11461): prog-id=103 op=UNLOAD
2026-08-18T23:49:32+02:00 nezha systemd[1]: systemd-localed.service: Deactivated successfully.
2026-08-18T23:49:32+02:00 nezha audit[1]: SERVICE_STOP pid=1 uid=0 auid=4294967295 ses=4294967295 msg='unit=systemd-localed comm="systemd" exe="/usr/lib/systemd/systemd" hostname=? addr=? terminal=? res=success'
2026-08-18T23:49:32+02:00 nezha kernel: audit: type=1131 audit(1787089772.805:11462): pid=1 uid=0 auid=4294967295 ses=4294967295 msg='unit=systemd-localed comm="systemd" exe="/usr/lib/systemd/systemd" hostname=? addr=? terminal=? res=success'
2026-08-18T23:49:32+02:00 nezha audit: BPF prog-id=102 op=UNLOAD
2026-08-18T23:49:32+02:00 nezha audit: BPF prog-id=101 op=UNLOAD
2026-08-18T23:49:32+02:00 nezha audit: BPF prog-id=100 op=UNLOAD
2026-08-18T23:49:32+02:00 nezha kernel: audit: type=1334 audit(1787089772.834:11463): prog-id=102 op=UNLOAD
2026-08-18T23:49:32+02:00 nezha kernel: audit: type=1334 audit(1787089772.834:11464): prog-id=101 op=UNLOAD
2026-08-18T23:49:32+02:00 nezha kernel: audit: type=1334 audit(1787089772.834:11465): prog-id=100 op=UNLOAD
2026-08-18T23:49:32+02:00 nezha systemd[1]: systemd-timedated.service: Deactivated successfully.
2026-08-18T23:49:32+02:00 nezha audit[1]: SERVICE_STOP pid=1 uid=0 auid=4294967295 ses=4294967295 msg='unit=systemd-timedated comm="systemd" exe="/usr/lib/systemd/systemd" hostname=? addr=? terminal=? res=success'
2026-08-18T23:49:32+02:00 nezha kernel: audit: type=1131 audit(1787089772.893:11466): pid=1 uid=0 auid=4294967295 ses=4294967295 msg='unit=systemd-timedated comm="systemd" exe="/usr/lib/systemd/systemd" hostname=? addr=? terminal=? res=success'
2026-08-18T23:49:32+02:00 nezha audit: BPF prog-id=108 op=UNLOAD
2026-08-18T23:49:32+02:00 nezha audit: BPF prog-id=107 op=UNLOAD
2026-08-18T23:49:32+02:00 nezha audit: BPF prog-id=106 op=UNLOAD
2026-08-18T23:49:32+02:00 nezha kernel: audit: type=1334 audit(1787089772.904:11467): prog-id=108 op=UNLOAD
2026-08-18T23:49:32+02:00 nezha kernel: audit: type=1334 audit(1787089772.904:11468): prog-id=107 op=UNLOAD
2026-08-18T23:49:32+02:00 nezha kernel: audit: type=1334 audit(1787089772.904:11469): prog-id=106 op=UNLOAD
2026-08-18T23:49:33+02:00 nezha malcontent-timerd[3117068]: Exiting due to reaching inactivity timeout
2026-08-18T23:49:33+02:00 nezha systemd[1]: malcontent-timerd.service: Deactivated successfully.
2026-08-18T23:49:33+02:00 nezha audit[1]: SERVICE_STOP pid=1 uid=0 auid=4294967295 ses=4294967295 msg='unit=malcontent-timerd comm="systemd" exe="/usr/lib/systemd/systemd" hostname=? addr=? terminal=? res=success'
2026-08-18T23:49:33+02:00 nezha audit: BPF prog-id=111 op=UNLOAD
2026-08-18T23:49:33+02:00 nezha audit: BPF prog-id=110 op=UNLOAD
2026-08-18T23:49:33+02:00 nezha audit: BPF prog-id=109 op=UNLOAD
