Aug 18 20:40:03 nezha qbittorrent-proxy[11984]: 2026-08-18 18:40:03,338 - INFO - Saved 0 scheduled searches
Aug 18 20:40:03 nezha qbittorrent-proxy[11984]: ----------------------------------------
Aug 18 20:40:03 nezha qbittorrent-proxy[11984]: Exception occurred during processing of request from ('127.0.0.1', 52132)
Aug 18 20:40:03 nezha qbittorrent-proxy[11984]: Traceback (most recent call last):
Aug 18 20:40:03 nezha qbittorrent-proxy[11984]:   File "/usr/local/lib/python3.12/socketserver.py", line 697, in process_request_thread
Aug 18 20:40:03 nezha qbittorrent-proxy[11984]:     self.finish_request(request, client_address)
Aug 18 20:40:03 nezha qbittorrent-proxy[11984]:   File "/usr/local/lib/python3.12/socketserver.py", line 362, in finish_request
Aug 18 20:40:03 nezha qbittorrent-proxy[11984]:     self.RequestHandlerClass(request, client_address, self)
Aug 18 20:40:03 nezha qbittorrent-proxy[11984]:   File "/usr/local/lib/python3.12/socketserver.py", line 766, in __init__
Aug 18 20:40:03 nezha qbittorrent-proxy[11984]:     self.handle()
Aug 18 20:40:03 nezha qbittorrent-proxy[11984]:   File "/usr/local/lib/python3.12/http/server.py", line 442, in handle
Aug 18 20:40:03 nezha qbittorrent-proxy[11984]:     self.handle_one_request()
Aug 18 20:40:03 nezha qbittorrent-proxy[11984]:   File "/usr/local/lib/python3.12/http/server.py", line 408, in handle_one_request
Aug 18 20:40:03 nezha qbittorrent-proxy[11984]:     self.raw_requestline = self.rfile.readline(65537)
Aug 18 20:40:03 nezha qbittorrent-proxy[11984]:                            ^^^^^^^^^^^^^^^^^^^^^^^^^^
Aug 18 20:40:03 nezha qbittorrent-proxy[11984]:   File "/usr/local/lib/python3.12/socket.py", line 720, in readinto
Aug 18 20:40:03 nezha qbittorrent-proxy[11984]:     return self._sock.recv_into(b)
Aug 18 20:40:03 nezha qbittorrent-proxy[11984]:            ^^^^^^^^^^^^^^^^^^^^^^^
Aug 18 20:40:03 nezha qbittorrent-proxy[11984]: ConnectionResetError: [Errno 104] Connection reset by peer
Aug 18 20:40:03 nezha qbittorrent-proxy[11984]: ----------------------------------------
Aug 18 20:40:03 nezha conmon[1599888]: conmon 7feeb9e306da7df95335 <nwarn>: Failed to open cgroups file: /sys/fs/cgroup/memory.events
Aug 18 20:40:03 nezha podman[1599873]: 2026-08-18 20:40:03.530296255 +0200 CEST m=+0.088423508 container health_status 7feeb9e306da7df95335b81d8df8b080f56c635d9250cd126ede0a8eaf75af0b (image=docker.io/library/python:3.12-alpine, name=qbittorrent-proxy, pod_id=57d25ba0f291db4fa1ad4febf5d76ff5ca227ab35d1d465e9fecfbdbde7f00b1, health_status=healthy, health_failing_streak=0, health_log=, io.podman.compose.service=download-proxy, io.podman.compose.version=1.5.0, com.docker.compose.project.config_files=/run/media/milosvasic/DATA4TB/Projects/boba/docker-compose.yml, PODMAN_SYSTEMD_UNIT=podman-compose@boba.service, com.docker.compose.project=boba, io.podman.compose.config-hash=13a41adb68a6f22cfa10d2d48db31b868f0801de6f007a01f66b8f68b08c765d, com.docker.compose.container-number=1, com.docker.compose.project.working_dir=/run/media/milosvasic/DATA4TB/Projects/boba, com.docker.compose.service=download-proxy, io.podman.compose.project=boba)
Aug 18 20:40:04 nezha systemd[1533]: helix-server.service: Scheduled restart job, restart counter is at 6575.
Aug 18 20:40:04 nezha systemd[1533]: Started helix-server.service - Helix Seller Go Server.
Aug 18 20:40:04 nezha helix-server[1599904]: 2026/08/18 20:40:04 No .env file found
Aug 18 20:40:04 nezha helix-server[1599904]: [GIN-debug] [WARNING] Running in "debug" mode. Switch to "release" mode in production.
Aug 18 20:40:04 nezha helix-server[1599904]:  - using env:        export GIN_MODE=release
Aug 18 20:40:04 nezha helix-server[1599904]:  - using code:        gin.SetMode(gin.ReleaseMode)
Aug 18 20:40:04 nezha helix-server[1599904]: [GIN-debug] GET    /health                   --> github.com/helix-seller/helix-seller/internal/handler.(*HealthHandler).Health-fm (2 handlers)
Aug 18 20:40:04 nezha helix-server[1599904]: [GIN-debug] GET    /health/ready             --> github.com/helix-seller/helix-seller/internal/handler.(*HealthHandler).Readiness-fm (2 handlers)
Aug 18 20:40:04 nezha helix-server[1599904]: [GIN-debug] GET    /health/live              --> github.com/helix-seller/helix-seller/internal/handler.(*HealthHandler).Liveness-fm (2 handlers)
Aug 18 20:40:04 nezha helix-server[1599904]: [GIN-debug] GET    /metrics                  --> github.com/helix-seller/helix-seller/internal/handler.NewRouter.MetricsHandler.func1 (2 handlers)
Aug 18 20:40:04 nezha helix-server[1599904]: [GIN-debug] GET    /ws                       --> github.com/helix-seller/helix-seller/internal/websocket.(*WSHandler).HandleWebSocket-fm (2 handlers)
Aug 18 20:40:04 nezha helix-server[1599904]: [GIN-debug] POST   /api/v1/auth/register     --> github.com/helix-seller/helix-seller/internal/handler.(*AuthHandler).Register-fm (2 handlers)
Aug 18 20:40:04 nezha helix-server[1599904]: [GIN-debug] POST   /api/v1/auth/login        --> github.com/helix-seller/helix-seller/internal/handler.(*AuthHandler).Login-fm (2 handlers)
Aug 18 20:40:04 nezha helix-server[1599904]: [GIN-debug] POST   /api/v1/auth/refresh      --> github.com/helix-seller/helix-seller/internal/handler.(*AuthHandler).Refresh-fm (2 handlers)
Aug 18 20:40:04 nezha helix-server[1599904]: [GIN-debug] POST   /api/v1/auth/logout       --> github.com/helix-seller/helix-seller/internal/handler.(*AuthHandler).Logout-fm (2 handlers)
Aug 18 20:40:04 nezha helix-server[1599904]: [GIN-debug] POST   /api/v1/auth/mfa/setup    --> github.com/helix-seller/helix-seller/internal/handler.(*AuthHandler).SetupMFA-fm (2 handlers)
Aug 18 20:40:04 nezha helix-server[1599904]: [GIN-debug] POST   /api/v1/auth/mfa/verify   --> github.com/helix-seller/helix-seller/internal/handler.(*AuthHandler).VerifyMFA-fm (2 handlers)
Aug 18 20:40:04 nezha helix-server[1599904]: [GIN-debug] GET    /api/v1/users/me          --> github.com/helix-seller/helix-seller/internal/handler.(*UserHandler).GetUser-fm (6 handlers)
Aug 18 20:40:04 nezha helix-server[1599904]: [GIN-debug] PUT    /api/v1/users/me          --> github.com/helix-seller/helix-seller/internal/handler.(*UserHandler).UpdateUser-fm (6 handlers)
Aug 18 20:40:04 nezha helix-server[1599904]: [GIN-debug] POST   /api/v1/api-keys          --> github.com/helix-seller/helix-seller/internal/handler.(*ApiKeyHandler).CreateApiKey-fm (6 handlers)
Aug 18 20:40:04 nezha helix-server[1599904]: [GIN-debug] GET    /api/v1/api-keys          --> github.com/helix-seller/helix-seller/internal/handler.(*ApiKeyHandler).ListApiKeys-fm (6 handlers)
Aug 18 20:40:04 nezha helix-server[1599904]: [GIN-debug] DELETE /api/v1/api-keys/:keyId   --> github.com/helix-seller/helix-seller/internal/handler.(*ApiKeyHandler).RevokeApiKey-fm (6 handlers)
Aug 18 20:40:04 nezha helix-server[1599904]: [GIN-debug] GET    /api/v1/merchants         --> github.com/helix-seller/helix-seller/internal/handler.(*MerchantHandler).ListMerchants-fm (6 handlers)
Aug 18 20:40:04 nezha helix-server[1599904]: [GIN-debug] POST   /api/v1/merchants         --> github.com/helix-seller/helix-seller/internal/handler.(*MerchantHandler).CreateMerchant-fm (6 handlers)
Aug 18 20:40:04 nezha helix-server[1599904]: [GIN-debug] GET    /api/v1/merchants/:merchantId --> github.com/helix-seller/helix-seller/internal/handler.(*MerchantHandler).GetMerchant-fm (6 handlers)
Aug 18 20:40:04 nezha helix-server[1599904]: [GIN-debug] PUT    /api/v1/merchants/:merchantId --> github.com/helix-seller/helix-seller/internal/handler.(*MerchantHandler).UpdateMerchant-fm (6 handlers)
Aug 18 20:40:04 nezha helix-server[1599904]: [GIN-debug] GET    /api/v1/merchants/:merchantId/customers --> github.com/helix-seller/helix-seller/internal/handler.(*CustomerHandler).ListCustomers-fm (6 handlers)
Aug 18 20:40:04 nezha helix-server[1599904]: [GIN-debug] POST   /api/v1/merchants/:merchantId/customers --> github.com/helix-seller/helix-seller/internal/handler.(*CustomerHandler).CreateCustomer-fm (6 handlers)
Aug 18 20:40:04 nezha helix-server[1599904]: [GIN-debug] GET    /api/v1/merchants/:merchantId/customers/:customerId --> github.com/helix-seller/helix-seller/internal/handler.(*CustomerHandler).GetCustomer-fm (6 handlers)
Aug 18 20:40:04 nezha helix-server[1599904]: [GIN-debug] PUT    /api/v1/merchants/:merchantId/customers/:customerId --> github.com/helix-seller/helix-seller/internal/handler.(*CustomerHandler).UpdateCustomer-fm (6 handlers)
Aug 18 20:40:04 nezha helix-server[1599904]: [GIN-debug] GET    /api/v1/merchants/:merchantId/transactions --> github.com/helix-seller/helix-seller/internal/handler.(*PaymentHandler).ListTransactions-fm (6 handlers)
Aug 18 20:40:04 nezha helix-server[1599904]: [GIN-debug] POST   /api/v1/merchants/:merchantId/transactions --> github.com/helix-seller/helix-seller/internal/handler.(*PaymentHandler).ProcessPayment-fm (6 handlers)
Aug 18 20:40:04 nezha helix-server[1599904]: [GIN-debug] GET    /api/v1/merchants/:merchantId/transactions/:transactionId --> github.com/helix-seller/helix-seller/internal/handler.(*PaymentHandler).GetTransaction-fm (6 handlers)
Aug 18 20:40:04 nezha helix-server[1599904]: [GIN-debug] POST   /api/v1/merchants/:merchantId/refunds --> github.com/helix-seller/helix-seller/internal/handler.(*PaymentHandler).CreateRefund-fm (6 handlers)
Aug 18 20:40:04 nezha helix-server[1599904]: [GIN-debug] GET    /api/v1/merchants/:merchantId/subscriptions --> github.com/helix-seller/helix-seller/internal/handler.(*SubscriptionHandler).ListSubscriptions-fm (6 handlers)
Aug 18 20:40:04 nezha helix-server[1599904]: [GIN-debug] POST   /api/v1/merchants/:merchantId/subscriptions --> github.com/helix-seller/helix-seller/internal/handler.(*SubscriptionHandler).CreateSubscription-fm (6 handlers)
Aug 18 20:40:04 nezha helix-server[1599904]: [GIN-debug] GET    /api/v1/merchants/:merchantId/subscriptions/:subscriptionId --> github.com/helix-seller/helix-seller/internal/handler.(*SubscriptionHandler).GetSubscription-fm (6 handlers)
Aug 18 20:40:04 nezha helix-server[1599904]: [GIN-debug] PATCH  /api/v1/merchants/:merchantId/subscriptions/:subscriptionId --> github.com/helix-seller/helix-seller/internal/handler.(*SubscriptionHandler).UpdateSubscription-fm (6 handlers)
Aug 18 20:40:04 nezha helix-server[1599904]: [GIN-debug] DELETE /api/v1/merchants/:merchantId/subscriptions/:subscriptionId --> github.com/helix-seller/helix-seller/internal/handler.(*SubscriptionHandler).CancelSubscription-fm (6 handlers)
Aug 18 20:40:04 nezha helix-server[1599904]: [GIN-debug] GET    /api/v1/merchants/:merchantId/invoices --> github.com/helix-seller/helix-seller/internal/handler.(*InvoiceHandler).ListInvoices-fm (6 handlers)
Aug 18 20:40:04 nezha helix-server[1599904]: [GIN-debug] POST   /api/v1/merchants/:merchantId/invoices --> github.com/helix-seller/helix-seller/internal/handler.(*InvoiceHandler).CreateInvoice-fm (6 handlers)
Aug 18 20:40:04 nezha helix-server[1599904]: [GIN-debug] GET    /api/v1/merchants/:merchantId/invoices/:invoiceId --> github.com/helix-seller/helix-seller/internal/handler.(*InvoiceHandler).GetInvoice-fm (6 handlers)
Aug 18 20:40:04 nezha helix-server[1599904]: [GIN-debug] GET    /api/v1/merchants/:merchantId/payouts --> github.com/helix-seller/helix-seller/internal/handler.(*PayoutHandler).ListPayouts-fm (6 handlers)
Aug 18 20:40:04 nezha helix-server[1599904]: [GIN-debug] GET    /api/v1/merchants/:merchantId/payouts/:payoutId --> github.com/helix-seller/helix-seller/internal/handler.(*PayoutHandler).GetPayout-fm (6 handlers)
Aug 18 20:40:04 nezha helix-server[1599904]: [GIN-debug] POST   /api/v1/merchants/:merchantId/payouts --> github.com/helix-seller/helix-seller/internal/handler.(*PayoutHandler).CreatePayout-fm (6 handlers)
Aug 18 20:40:04 nezha helix-server[1599904]: [GIN-debug] GET    /api/v1/merchants/:merchantId/disputes --> github.com/helix-seller/helix-seller/internal/handler.(*DisputeHandler).ListDisputes-fm (6 handlers)
Aug 18 20:40:04 nezha helix-server[1599904]: [GIN-debug] GET    /api/v1/merchants/:merchantId/disputes/:disputeId --> github.com/helix-seller/helix-seller/internal/handler.(*DisputeHandler).GetDispute-fm (6 handlers)
Aug 18 20:40:04 nezha helix-server[1599904]: [GIN-debug] POST   /api/v1/merchants/:merchantId/disputes --> github.com/helix-seller/helix-seller/internal/handler.(*DisputeHandler).CreateDispute-fm (6 handlers)
Aug 18 20:40:04 nezha helix-server[1599904]: [GIN-debug] POST   /api/v1/merchants/:merchantId/disputes/:disputeId/evidence --> github.com/helix-seller/helix-seller/internal/handler.(*DisputeHandler).AddEvidence-fm (6 handlers)
Aug 18 20:40:04 nezha helix-server[1599904]: [GIN-debug] GET    /api/v1/merchants/:merchantId/payment-methods --> github.com/helix-seller/helix-seller/internal/handler.(*PaymentMethodHandler).ListPaymentMethods-fm (6 handlers)
Aug 18 20:40:04 nezha helix-server[1599904]: [GIN-debug] POST   /api/v1/merchants/:merchantId/payment-methods --> github.com/helix-seller/helix-seller/internal/handler.(*PaymentMethodHandler).CreatePaymentMethod-fm (6 handlers)
Aug 18 20:40:04 nezha helix-server[1599904]: [GIN-debug] GET    /api/v1/merchants/:merchantId/payment-methods/:paymentMethodId --> github.com/helix-seller/helix-seller/internal/handler.(*PaymentMethodHandler).GetPaymentMethod-fm (6 handlers)
Aug 18 20:40:04 nezha helix-server[1599904]: [GIN-debug] DELETE /api/v1/merchants/:merchantId/payment-methods/:paymentMethodId --> github.com/helix-seller/helix-seller/internal/handler.(*PaymentMethodHandler).DeletePaymentMethod-fm (6 handlers)
Aug 18 20:40:04 nezha helix-server[1599904]: [GIN-debug] GET    /api/v1/merchants/:merchantId/webhooks --> github.com/helix-seller/helix-seller/internal/handler.(*WebhookHandler).ListWebhooks-fm (6 handlers)
Aug 18 20:40:04 nezha helix-server[1599904]: [GIN-debug] POST   /api/v1/merchants/:merchantId/webhooks --> github.com/helix-seller/helix-seller/internal/handler.(*WebhookHandler).CreateWebhook-fm (6 handlers)
Aug 18 20:40:04 nezha helix-server[1599904]: [GIN-debug] GET    /api/v1/merchants/:merchantId/webhooks/:webhookId --> github.com/helix-seller/helix-seller/internal/handler.(*WebhookHandler).GetWebhook-fm (6 handlers)
Aug 18 20:40:04 nezha helix-server[1599904]: [GIN-debug] PUT    /api/v1/merchants/:merchantId/webhooks/:webhookId --> github.com/helix-seller/helix-seller/internal/handler.(*WebhookHandler).UpdateWebhook-fm (6 handlers)
Aug 18 20:40:04 nezha helix-server[1599904]: [GIN-debug] DELETE /api/v1/merchants/:merchantId/webhooks/:webhookId --> github.com/helix-seller/helix-seller/internal/handler.(*WebhookHandler).DeleteWebhook-fm (6 handlers)
Aug 18 20:40:04 nezha helix-server[1599904]: [GIN-debug] GET    /api/v1/merchants/:merchantId/webhooks/deliveries --> github.com/helix-seller/helix-seller/internal/handler.(*WebhookDeliveryHandler).ListDeliveries-fm (6 handlers)
Aug 18 20:40:04 nezha helix-server[1599904]: [GIN-debug] GET    /api/v1/merchants/:merchantId/webhooks/deliveries/:deliveryId --> github.com/helix-seller/helix-seller/internal/handler.(*WebhookDeliveryHandler).GetDelivery-fm (6 handlers)
Aug 18 20:40:04 nezha helix-server[1599904]: [GIN-debug] GET    /api/v1/merchants/:merchantId/providers --> github.com/helix-seller/helix-seller/internal/handler.(*ProviderHandler).ListProviders-fm (6 handlers)
Aug 18 20:40:04 nezha helix-server[1599904]: [GIN-debug] POST   /api/v1/merchants/:merchantId/providers --> github.com/helix-seller/helix-seller/internal/handler.(*ProviderHandler).CreateProvider-fm (6 handlers)
Aug 18 20:40:04 nezha helix-server[1599904]: [GIN-debug] GET    /api/v1/merchants/:merchantId/providers/:providerId --> github.com/helix-seller/helix-seller/internal/handler.(*ProviderHandler).GetProvider-fm (6 handlers)
Aug 18 20:40:04 nezha helix-server[1599904]: [GIN-debug] PUT    /api/v1/merchants/:merchantId/providers/:providerId --> github.com/helix-seller/helix-seller/internal/handler.(*ProviderHandler).UpdateProvider-fm (6 handlers)
Aug 18 20:40:04 nezha helix-server[1599904]: [GIN-debug] DELETE /api/v1/merchants/:merchantId/providers/:providerId --> github.com/helix-seller/helix-seller/internal/handler.(*ProviderHandler).DeleteProvider-fm (6 handlers)
Aug 18 20:40:04 nezha helix-server[1599904]: [GIN-debug] GET    /api/v1/merchants/:merchantId/exchange-rates --> github.com/helix-seller/helix-seller/internal/handler.(*ExchangeRateHandler).GetExchangeRate-fm (6 handlers)
Aug 18 20:40:04 nezha helix-server[1599904]: [GIN-debug] GET    /api/v1/merchants/:merchantId/analytics/summary --> github.com/helix-seller/helix-seller/internal/handler.(*AnalyticsHandler).GetSummary-fm (6 handlers)
Aug 18 20:40:04 nezha helix-server[1599904]: [GIN-debug] GET    /api/v1/merchants/:merchantId/analytics/transactions --> github.com/helix-seller/helix-seller/internal/handler.(*AnalyticsHandler).GetTransactionAnalytics-fm (6 handlers)
Aug 18 20:40:04 nezha helix-server[1599904]: [GIN-debug] GET    /api/v1/merchants/:merchantId/analytics/export --> github.com/helix-seller/helix-seller/internal/handler.(*AnalyticsHandler).ExportTransactions-fm (6 handlers)
Aug 18 20:40:04 nezha helix-server[1599904]: [GIN-debug] GET    /api/v1/merchants/:merchantId/audit-logs --> github.com/helix-seller/helix-seller/internal/handler.(*AuditHandler).ListAuditLogs-fm (6 handlers)
Aug 18 20:40:04 nezha helix-server[1599904]: [GIN-debug] GET    /api/v1/merchants/:merchantId/products --> github.com/helix-seller/helix-seller/internal/handler.(*ProductHandler).ListProducts-fm (6 handlers)
Aug 18 20:40:04 nezha helix-server[1599904]: [GIN-debug] POST   /api/v1/merchants/:merchantId/products --> github.com/helix-seller/helix-seller/internal/handler.(*ProductHandler).CreateProduct-fm (6 handlers)
Aug 18 20:40:04 nezha helix-server[1599904]: [GIN-debug] GET    /api/v1/merchants/:merchantId/products/:productId --> github.com/helix-seller/helix-seller/internal/handler.(*ProductHandler).GetProduct-fm (6 handlers)
Aug 18 20:40:04 nezha helix-server[1599904]: [GIN-debug] PUT    /api/v1/merchants/:merchantId/products/:productId --> github.com/helix-seller/helix-seller/internal/handler.(*ProductHandler).UpdateProduct-fm (6 handlers)
Aug 18 20:40:04 nezha helix-server[1599904]: [GIN-debug] DELETE /api/v1/merchants/:merchantId/products/:productId --> github.com/helix-seller/helix-seller/internal/handler.(*ProductHandler).DeleteProduct-fm (6 handlers)
Aug 18 20:40:04 nezha helix-server[1599904]: [GIN-debug] GET    /api/v1/merchants/:merchantId/billing/fees --> github.com/helix-seller/helix-seller/internal/handler.(*BillingHandler).GetFees-fm (6 handlers)
Aug 18 20:40:04 nezha helix-server[1599904]: [GIN-debug] GET    /api/v1/merchants/:merchantId/billing/invoices --> github.com/helix-seller/helix-seller/internal/handler.(*BillingHandler).GetBillingInvoices-fm (6 handlers)
Aug 18 20:40:04 nezha helix-server[1599904]: [GIN-debug] POST   /api/v1/webhooks/stripe   --> github.com/helix-seller/helix-seller/internal/handler.(*WebhookIngressHandler).HandleStripe-fm (2 handlers)
Aug 18 20:40:04 nezha helix-server[1599904]: [GIN-debug] POST   /api/v1/webhooks/paypal   --> github.com/helix-seller/helix-seller/internal/handler.(*WebhookIngressHandler).HandlePayPal-fm (2 handlers)
Aug 18 20:40:04 nezha helix-server[1599904]: [GIN-debug] POST   /api/v1/webhooks/square   --> github.com/helix-seller/helix-seller/internal/handler.(*WebhookIngressHandler).HandleSquare-fm (2 handlers)
Aug 18 20:40:04 nezha helix-server[1599904]: {"level":"info","time":"2026-08-18T20:40:04.439+0200","caller":"service/background.go:44","msg":"registered background task handler","type":"payout"}
Aug 18 20:40:04 nezha helix-server[1599904]: {"level":"info","time":"2026-08-18T20:40:04.439+0200","caller":"service/background.go:44","msg":"registered background task handler","type":"reconciliation"}
Aug 18 20:40:04 nezha helix-server[1599904]: {"level":"info","time":"2026-08-18T20:40:04.439+0200","caller":"service/background.go:44","msg":"registered background task handler","type":"invoice"}
Aug 18 20:40:04 nezha helix-server[1599904]: {"level":"info","time":"2026-08-18T20:40:04.439+0200","caller":"service/background.go:44","msg":"registered background task handler","type":"webhook_delivery"}
Aug 18 20:40:04 nezha helix-server[1599904]: {"level":"info","time":"2026-08-18T20:40:04.439+0200","caller":"service/background.go:68","msg":"starting background worker","worker_id":1}
Aug 18 20:40:04 nezha helix-server[1599904]: {"level":"info","time":"2026-08-18T20:40:04.439+0200","caller":"service/background.go:68","msg":"starting background worker","worker_id":0}
Aug 18 20:40:04 nezha helix-server[1599904]: {"level":"info","time":"2026-08-18T20:40:04.440+0200","caller":"service/background.go:68","msg":"starting background worker","worker_id":3}
Aug 18 20:40:04 nezha helix-server[1599904]: {"level":"info","time":"2026-08-18T20:40:04.440+0200","caller":"server/main.go:194","msg":"Starting server","addr":"0.0.0.0:8080"}
Aug 18 20:40:04 nezha helix-server[1599904]: {"level":"info","time":"2026-08-18T20:40:04.440+0200","caller":"service/background.go:68","msg":"starting background worker","worker_id":2}
Aug 18 20:40:04 nezha helix-postgres[3312]: 2026-08-18 18:40:04.441 UTC [50547] ERROR:  relation "background_tasks" does not exist at character 8
Aug 18 20:40:04 nezha helix-postgres[3312]: 2026-08-18 18:40:04.441 UTC [50547] STATEMENT:  UPDATE background_tasks SET status = 'running', locked_at = NOW(), attempts = attempts + 1
Aug 18 20:40:04 nezha helix-server[1599904]: {"level":"fatal","time":"2026-08-18T20:40:04.441+0200","caller":"server/main.go:196","msg":"Failed to start server","error":"listen tcp 0.0.0.0:8080: bind: address already in use","stacktrace":"main.main.func1\n\t/run/media/milosvasic/DATA4TB/Projects/helix_seller/cmd/server/main.go:196"}
Aug 18 20:40:04 nezha helix-postgres[3312]:                          WHERE id = (
Aug 18 20:40:04 nezha helix-postgres[3312]:                                  SELECT id FROM background_tasks
Aug 18 20:40:04 nezha helix-postgres[3312]:                                  WHERE status = 'pending' AND next_run_at <= NOW()
Aug 18 20:40:04 nezha helix-postgres[3312]:                                  ORDER BY priority DESC, next_run_at ASC
Aug 18 20:40:04 nezha helix-postgres[3312]:                                  LIMIT 1
Aug 18 20:40:04 nezha helix-postgres[3312]:                                  FOR UPDATE SKIP LOCKED
Aug 18 20:40:04 nezha helix-postgres[3312]:                          ) RETURNING id, type, payload, priority, attempts
Aug 18 20:40:04 nezha systemd[1533]: helix-server.service: Main process exited, code=exited, status=1/FAILURE
Aug 18 20:40:04 nezha systemd[1533]: helix-server.service: Failed with result 'exit-code'.
Aug 18 20:40:04 nezha conmon[1599940]: conmon fa90e7dd0a7c08e59390 <nwarn>: Failed to open cgroups file: /sys/fs/cgroup/memory.events
Aug 18 20:40:04 nezha podman[1599903]: 2026-08-18 20:40:04.471615933 +0200 CEST m=+0.039769038 container health_status fa90e7dd0a7c08e593909ded934c5b210be21a6a47b6d73a2b96a62bdf7cef1a (image=docker.io/library/postgres:16-alpine, name=lava-postgres, pod_id=b43d8850a2e9c36854e1b6678070583b571f88ec9db827a125cbf9ee0482309b, health_status=healthy, health_failing_streak=0, health_log=, com.docker.compose.service=lava-postgres, io.podman.compose.config-hash=fbdb9531a4f5740b7028f0665d15a8785683cd6691fe08ef724023cf278e58a4, PODMAN_SYSTEMD_UNIT=podman-compose@lava.service, com.docker.compose.project=lava, com.docker.compose.project.config_files=/run/media/milosvasic/DATA4TB/Projects/lava/docker-compose.yml, io.podman.compose.project=lava, com.docker.compose.container-number=1, com.docker.compose.project.working_dir=/run/media/milosvasic/DATA4TB/Projects/lava, io.podman.compose.service=lava-postgres, io.podman.compose.version=1.5.0)
Aug 18 20:40:09 nezha systemd[1533]: helix-server.service: Scheduled restart job, restart counter is at 6576.
Aug 18 20:40:09 nezha systemd[1533]: Started helix-server.service - Helix Seller Go Server.
Aug 18 20:40:09 nezha helix-server[1599987]: 2026/08/18 20:40:09 No .env file found
Aug 18 20:40:09 nezha helix-server[1599987]: [GIN-debug] [WARNING] Running in "debug" mode. Switch to "release" mode in production.
Aug 18 20:40:09 nezha helix-server[1599987]:  - using env:        export GIN_MODE=release
Aug 18 20:40:09 nezha helix-server[1599987]:  - using code:        gin.SetMode(gin.ReleaseMode)
Aug 18 20:40:09 nezha helix-server[1599987]: [GIN-debug] GET    /health                   --> github.com/helix-seller/helix-seller/internal/handler.(*HealthHandler).Health-fm (2 handlers)
Aug 18 20:40:09 nezha helix-server[1599987]: [GIN-debug] GET    /health/ready             --> github.com/helix-seller/helix-seller/internal/handler.(*HealthHandler).Readiness-fm (2 handlers)
Aug 18 20:40:09 nezha helix-server[1599987]: [GIN-debug] GET    /health/live              --> github.com/helix-seller/helix-seller/internal/handler.(*HealthHandler).Liveness-fm (2 handlers)
Aug 18 20:40:09 nezha helix-server[1599987]: [GIN-debug] GET    /metrics                  --> github.com/helix-seller/helix-seller/internal/handler.NewRouter.MetricsHandler.func1 (2 handlers)
Aug 18 20:40:09 nezha helix-server[1599987]: [GIN-debug] GET    /ws                       --> github.com/helix-seller/helix-seller/internal/websocket.(*WSHandler).HandleWebSocket-fm (2 handlers)
Aug 18 20:40:09 nezha helix-server[1599987]: [GIN-debug] POST   /api/v1/auth/register     --> github.com/helix-seller/helix-seller/internal/handler.(*AuthHandler).Register-fm (2 handlers)
Aug 18 20:40:09 nezha helix-server[1599987]: [GIN-debug] POST   /api/v1/auth/login        --> github.com/helix-seller/helix-seller/internal/handler.(*AuthHandler).Login-fm (2 handlers)
Aug 18 20:40:09 nezha helix-server[1599987]: [GIN-debug] POST   /api/v1/auth/refresh      --> github.com/helix-seller/helix-seller/internal/handler.(*AuthHandler).Refresh-fm (2 handlers)
Aug 18 20:40:09 nezha helix-server[1599987]: [GIN-debug] POST   /api/v1/auth/logout       --> github.com/helix-seller/helix-seller/internal/handler.(*AuthHandler).Logout-fm (2 handlers)
Aug 18 20:40:09 nezha helix-server[1599987]: [GIN-debug] POST   /api/v1/auth/mfa/setup    --> github.com/helix-seller/helix-seller/internal/handler.(*AuthHandler).SetupMFA-fm (2 handlers)
Aug 18 20:40:09 nezha helix-server[1599987]: [GIN-debug] POST   /api/v1/auth/mfa/verify   --> github.com/helix-seller/helix-seller/internal/handler.(*AuthHandler).VerifyMFA-fm (2 handlers)
Aug 18 20:40:09 nezha helix-server[1599987]: [GIN-debug] GET    /api/v1/users/me          --> github.com/helix-seller/helix-seller/internal/handler.(*UserHandler).GetUser-fm (6 handlers)
Aug 18 20:40:09 nezha helix-server[1599987]: [GIN-debug] PUT    /api/v1/users/me          --> github.com/helix-seller/helix-seller/internal/handler.(*UserHandler).UpdateUser-fm (6 handlers)
Aug 18 20:40:09 nezha helix-server[1599987]: [GIN-debug] POST   /api/v1/api-keys          --> github.com/helix-seller/helix-seller/internal/handler.(*ApiKeyHandler).CreateApiKey-fm (6 handlers)
Aug 18 20:40:09 nezha helix-server[1599987]: [GIN-debug] GET    /api/v1/api-keys          --> github.com/helix-seller/helix-seller/internal/handler.(*ApiKeyHandler).ListApiKeys-fm (6 handlers)
Aug 18 20:40:09 nezha helix-server[1599987]: [GIN-debug] DELETE /api/v1/api-keys/:keyId   --> github.com/helix-seller/helix-seller/internal/handler.(*ApiKeyHandler).RevokeApiKey-fm (6 handlers)
Aug 18 20:40:09 nezha helix-server[1599987]: [GIN-debug] GET    /api/v1/merchants         --> github.com/helix-seller/helix-seller/internal/handler.(*MerchantHandler).ListMerchants-fm (6 handlers)
Aug 18 20:40:09 nezha helix-server[1599987]: [GIN-debug] POST   /api/v1/merchants         --> github.com/helix-seller/helix-seller/internal/handler.(*MerchantHandler).CreateMerchant-fm (6 handlers)
Aug 18 20:40:09 nezha helix-server[1599987]: [GIN-debug] GET    /api/v1/merchants/:merchantId --> github.com/helix-seller/helix-seller/internal/handler.(*MerchantHandler).GetMerchant-fm (6 handlers)
Aug 18 20:40:09 nezha helix-server[1599987]: [GIN-debug] PUT    /api/v1/merchants/:merchantId --> github.com/helix-seller/helix-seller/internal/handler.(*MerchantHandler).UpdateMerchant-fm (6 handlers)
Aug 18 20:40:09 nezha helix-server[1599987]: [GIN-debug] GET    /api/v1/merchants/:merchantId/customers --> github.com/helix-seller/helix-seller/internal/handler.(*CustomerHandler).ListCustomers-fm (6 handlers)
Aug 18 20:40:09 nezha helix-server[1599987]: [GIN-debug] POST   /api/v1/merchants/:merchantId/customers --> github.com/helix-seller/helix-seller/internal/handler.(*CustomerHandler).CreateCustomer-fm (6 handlers)
Aug 18 20:40:09 nezha helix-server[1599987]: [GIN-debug] GET    /api/v1/merchants/:merchantId/customers/:customerId --> github.com/helix-seller/helix-seller/internal/handler.(*CustomerHandler).GetCustomer-fm (6 handlers)
Aug 18 20:40:09 nezha helix-server[1599987]: [GIN-debug] PUT    /api/v1/merchants/:merchantId/customers/:customerId --> github.com/helix-seller/helix-seller/internal/handler.(*CustomerHandler).UpdateCustomer-fm (6 handlers)
Aug 18 20:40:09 nezha helix-server[1599987]: [GIN-debug] GET    /api/v1/merchants/:merchantId/transactions --> github.com/helix-seller/helix-seller/internal/handler.(*PaymentHandler).ListTransactions-fm (6 handlers)
Aug 18 20:40:09 nezha helix-server[1599987]: [GIN-debug] POST   /api/v1/merchants/:merchantId/transactions --> github.com/helix-seller/helix-seller/internal/handler.(*PaymentHandler).ProcessPayment-fm (6 handlers)
Aug 18 20:40:09 nezha helix-server[1599987]: [GIN-debug] GET    /api/v1/merchants/:merchantId/transactions/:transactionId --> github.com/helix-seller/helix-seller/internal/handler.(*PaymentHandler).GetTransaction-fm (6 handlers)
Aug 18 20:40:09 nezha helix-server[1599987]: [GIN-debug] POST   /api/v1/merchants/:merchantId/refunds --> github.com/helix-seller/helix-seller/internal/handler.(*PaymentHandler).CreateRefund-fm (6 handlers)
Aug 18 20:40:09 nezha helix-server[1599987]: [GIN-debug] GET    /api/v1/merchants/:merchantId/subscriptions --> github.com/helix-seller/helix-seller/internal/handler.(*SubscriptionHandler).ListSubscriptions-fm (6 handlers)
Aug 18 20:40:09 nezha helix-server[1599987]: [GIN-debug] POST   /api/v1/merchants/:merchantId/subscriptions --> github.com/helix-seller/helix-seller/internal/handler.(*SubscriptionHandler).CreateSubscription-fm (6 handlers)
Aug 18 20:40:09 nezha helix-server[1599987]: [GIN-debug] GET    /api/v1/merchants/:merchantId/subscriptions/:subscriptionId --> github.com/helix-seller/helix-seller/internal/handler.(*SubscriptionHandler).GetSubscription-fm (6 handlers)
Aug 18 20:40:09 nezha helix-server[1599987]: [GIN-debug] PATCH  /api/v1/merchants/:merchantId/subscriptions/:subscriptionId --> github.com/helix-seller/helix-seller/internal/handler.(*SubscriptionHandler).UpdateSubscription-fm (6 handlers)
Aug 18 20:40:09 nezha helix-server[1599987]: [GIN-debug] DELETE /api/v1/merchants/:merchantId/subscriptions/:subscriptionId --> github.com/helix-seller/helix-seller/internal/handler.(*SubscriptionHandler).CancelSubscription-fm (6 handlers)
Aug 18 20:40:09 nezha helix-server[1599987]: [GIN-debug] GET    /api/v1/merchants/:merchantId/invoices --> github.com/helix-seller/helix-seller/internal/handler.(*InvoiceHandler).ListInvoices-fm (6 handlers)
Aug 18 20:40:09 nezha helix-server[1599987]: [GIN-debug] POST   /api/v1/merchants/:merchantId/invoices --> github.com/helix-seller/helix-seller/internal/handler.(*InvoiceHandler).CreateInvoice-fm (6 handlers)
Aug 18 20:40:09 nezha helix-server[1599987]: [GIN-debug] GET    /api/v1/merchants/:merchantId/invoices/:invoiceId --> github.com/helix-seller/helix-seller/internal/handler.(*InvoiceHandler).GetInvoice-fm (6 handlers)
Aug 18 20:40:09 nezha helix-server[1599987]: [GIN-debug] GET    /api/v1/merchants/:merchantId/payouts --> github.com/helix-seller/helix-seller/internal/handler.(*PayoutHandler).ListPayouts-fm (6 handlers)
Aug 18 20:40:09 nezha helix-server[1599987]: [GIN-debug] GET    /api/v1/merchants/:merchantId/payouts/:payoutId --> github.com/helix-seller/helix-seller/internal/handler.(*PayoutHandler).GetPayout-fm (6 handlers)
Aug 18 20:40:09 nezha helix-server[1599987]: [GIN-debug] POST   /api/v1/merchants/:merchantId/payouts --> github.com/helix-seller/helix-seller/internal/handler.(*PayoutHandler).CreatePayout-fm (6 handlers)
Aug 18 20:40:09 nezha helix-server[1599987]: [GIN-debug] GET    /api/v1/merchants/:merchantId/disputes --> github.com/helix-seller/helix-seller/internal/handler.(*DisputeHandler).ListDisputes-fm (6 handlers)
Aug 18 20:40:09 nezha helix-server[1599987]: [GIN-debug] GET    /api/v1/merchants/:merchantId/disputes/:disputeId --> github.com/helix-seller/helix-seller/internal/handler.(*DisputeHandler).GetDispute-fm (6 handlers)
Aug 18 20:40:09 nezha helix-server[1599987]: [GIN-debug] POST   /api/v1/merchants/:merchantId/disputes --> github.com/helix-seller/helix-seller/internal/handler.(*DisputeHandler).CreateDispute-fm (6 handlers)
Aug 18 20:40:09 nezha helix-server[1599987]: [GIN-debug] POST   /api/v1/merchants/:merchantId/disputes/:disputeId/evidence --> github.com/helix-seller/helix-seller/internal/handler.(*DisputeHandler).AddEvidence-fm (6 handlers)
Aug 18 20:40:09 nezha helix-server[1599987]: [GIN-debug] GET    /api/v1/merchants/:merchantId/payment-methods --> github.com/helix-seller/helix-seller/internal/handler.(*PaymentMethodHandler).ListPaymentMethods-fm (6 handlers)
Aug 18 20:40:09 nezha helix-server[1599987]: [GIN-debug] POST   /api/v1/merchants/:merchantId/payment-methods --> github.com/helix-seller/helix-seller/internal/handler.(*PaymentMethodHandler).CreatePaymentMethod-fm (6 handlers)
Aug 18 20:40:09 nezha helix-server[1599987]: [GIN-debug] GET    /api/v1/merchants/:merchantId/payment-methods/:paymentMethodId --> github.com/helix-seller/helix-seller/internal/handler.(*PaymentMethodHandler).GetPaymentMethod-fm (6 handlers)
Aug 18 20:40:09 nezha helix-server[1599987]: [GIN-debug] DELETE /api/v1/merchants/:merchantId/payment-methods/:paymentMethodId --> github.com/helix-seller/helix-seller/internal/handler.(*PaymentMethodHandler).DeletePaymentMethod-fm (6 handlers)
Aug 18 20:40:09 nezha helix-server[1599987]: [GIN-debug] GET    /api/v1/merchants/:merchantId/webhooks --> github.com/helix-seller/helix-seller/internal/handler.(*WebhookHandler).ListWebhooks-fm (6 handlers)
Aug 18 20:40:09 nezha helix-server[1599987]: [GIN-debug] POST   /api/v1/merchants/:merchantId/webhooks --> github.com/helix-seller/helix-seller/internal/handler.(*WebhookHandler).CreateWebhook-fm (6 handlers)
Aug 18 20:40:09 nezha helix-server[1599987]: [GIN-debug] GET    /api/v1/merchants/:merchantId/webhooks/:webhookId --> github.com/helix-seller/helix-seller/internal/handler.(*WebhookHandler).GetWebhook-fm (6 handlers)
Aug 18 20:40:09 nezha helix-server[1599987]: [GIN-debug] PUT    /api/v1/merchants/:merchantId/webhooks/:webhookId --> github.com/helix-seller/helix-seller/internal/handler.(*WebhookHandler).UpdateWebhook-fm (6 handlers)
Aug 18 20:40:09 nezha helix-server[1599987]: [GIN-debug] DELETE /api/v1/merchants/:merchantId/webhooks/:webhookId --> github.com/helix-seller/helix-seller/internal/handler.(*WebhookHandler).DeleteWebhook-fm (6 handlers)
Aug 18 20:40:09 nezha helix-server[1599987]: [GIN-debug] GET    /api/v1/merchants/:merchantId/webhooks/deliveries --> github.com/helix-seller/helix-seller/internal/handler.(*WebhookDeliveryHandler).ListDeliveries-fm (6 handlers)
Aug 18 20:40:09 nezha helix-server[1599987]: [GIN-debug] GET    /api/v1/merchants/:merchantId/webhooks/deliveries/:deliveryId --> github.com/helix-seller/helix-seller/internal/handler.(*WebhookDeliveryHandler).GetDelivery-fm (6 handlers)
Aug 18 20:40:09 nezha helix-server[1599987]: [GIN-debug] GET    /api/v1/merchants/:merchantId/providers --> github.com/helix-seller/helix-seller/internal/handler.(*ProviderHandler).ListProviders-fm (6 handlers)
Aug 18 20:40:09 nezha helix-server[1599987]: [GIN-debug] POST   /api/v1/merchants/:merchantId/providers --> github.com/helix-seller/helix-seller/internal/handler.(*ProviderHandler).CreateProvider-fm (6 handlers)
Aug 18 20:40:09 nezha helix-server[1599987]: [GIN-debug] GET    /api/v1/merchants/:merchantId/providers/:providerId --> github.com/helix-seller/helix-seller/internal/handler.(*ProviderHandler).GetProvider-fm (6 handlers)
Aug 18 20:40:09 nezha helix-server[1599987]: [GIN-debug] PUT    /api/v1/merchants/:merchantId/providers/:providerId --> github.com/helix-seller/helix-seller/internal/handler.(*ProviderHandler).UpdateProvider-fm (6 handlers)
Aug 18 20:40:09 nezha helix-server[1599987]: [GIN-debug] DELETE /api/v1/merchants/:merchantId/providers/:providerId --> github.com/helix-seller/helix-seller/internal/handler.(*ProviderHandler).DeleteProvider-fm (6 handlers)
Aug 18 20:40:09 nezha helix-server[1599987]: [GIN-debug] GET    /api/v1/merchants/:merchantId/exchange-rates --> github.com/helix-seller/helix-seller/internal/handler.(*ExchangeRateHandler).GetExchangeRate-fm (6 handlers)
Aug 18 20:40:09 nezha helix-server[1599987]: [GIN-debug] GET    /api/v1/merchants/:merchantId/analytics/summary --> github.com/helix-seller/helix-seller/internal/handler.(*AnalyticsHandler).GetSummary-fm (6 handlers)
Aug 18 20:40:09 nezha helix-server[1599987]: [GIN-debug] GET    /api/v1/merchants/:merchantId/analytics/transactions --> github.com/helix-seller/helix-seller/internal/handler.(*AnalyticsHandler).GetTransactionAnalytics-fm (6 handlers)
Aug 18 20:40:09 nezha helix-server[1599987]: [GIN-debug] GET    /api/v1/merchants/:merchantId/analytics/export --> github.com/helix-seller/helix-seller/internal/handler.(*AnalyticsHandler).ExportTransactions-fm (6 handlers)
Aug 18 20:40:09 nezha helix-server[1599987]: [GIN-debug] GET    /api/v1/merchants/:merchantId/audit-logs --> github.com/helix-seller/helix-seller/internal/handler.(*AuditHandler).ListAuditLogs-fm (6 handlers)
Aug 18 20:40:09 nezha helix-server[1599987]: [GIN-debug] GET    /api/v1/merchants/:merchantId/products --> github.com/helix-seller/helix-seller/internal/handler.(*ProductHandler).ListProducts-fm (6 handlers)
Aug 18 20:40:09 nezha helix-server[1599987]: [GIN-debug] POST   /api/v1/merchants/:merchantId/products --> github.com/helix-seller/helix-seller/internal/handler.(*ProductHandler).CreateProduct-fm (6 handlers)
Aug 18 20:40:09 nezha helix-server[1599987]: [GIN-debug] GET    /api/v1/merchants/:merchantId/products/:productId --> github.com/helix-seller/helix-seller/internal/handler.(*ProductHandler).GetProduct-fm (6 handlers)
Aug 18 20:40:09 nezha helix-server[1599987]: [GIN-debug] PUT    /api/v1/merchants/:merchantId/products/:productId --> github.com/helix-seller/helix-seller/internal/handler.(*ProductHandler).UpdateProduct-fm (6 handlers)
Aug 18 20:40:09 nezha helix-server[1599987]: [GIN-debug] DELETE /api/v1/merchants/:merchantId/products/:productId --> github.com/helix-seller/helix-seller/internal/handler.(*ProductHandler).DeleteProduct-fm (6 handlers)
Aug 18 20:40:09 nezha helix-server[1599987]: [GIN-debug] GET    /api/v1/merchants/:merchantId/billing/fees --> github.com/helix-seller/helix-seller/internal/handler.(*BillingHandler).GetFees-fm (6 handlers)
Aug 18 20:40:09 nezha helix-server[1599987]: [GIN-debug] GET    /api/v1/merchants/:merchantId/billing/invoices --> github.com/helix-seller/helix-seller/internal/handler.(*BillingHandler).GetBillingInvoices-fm (6 handlers)
Aug 18 20:40:09 nezha helix-server[1599987]: [GIN-debug] POST   /api/v1/webhooks/stripe   --> github.com/helix-seller/helix-seller/internal/handler.(*WebhookIngressHandler).HandleStripe-fm (2 handlers)
Aug 18 20:40:09 nezha helix-server[1599987]: [GIN-debug] POST   /api/v1/webhooks/paypal   --> github.com/helix-seller/helix-seller/internal/handler.(*WebhookIngressHandler).HandlePayPal-fm (2 handlers)
Aug 18 20:40:09 nezha helix-server[1599987]: [GIN-debug] POST   /api/v1/webhooks/square   --> github.com/helix-seller/helix-seller/internal/handler.(*WebhookIngressHandler).HandleSquare-fm (2 handlers)
Aug 18 20:40:09 nezha helix-server[1599987]: {"level":"info","time":"2026-08-18T20:40:09.692+0200","caller":"service/background.go:44","msg":"registered background task handler","type":"payout"}
Aug 18 20:40:09 nezha helix-server[1599987]: {"level":"info","time":"2026-08-18T20:40:09.692+0200","caller":"service/background.go:44","msg":"registered background task handler","type":"reconciliation"}
Aug 18 20:40:09 nezha helix-server[1599987]: {"level":"info","time":"2026-08-18T20:40:09.692+0200","caller":"service/background.go:44","msg":"registered background task handler","type":"invoice"}
Aug 18 20:40:09 nezha helix-server[1599987]: {"level":"info","time":"2026-08-18T20:40:09.692+0200","caller":"service/background.go:44","msg":"registered background task handler","type":"webhook_delivery"}
Aug 18 20:40:09 nezha helix-server[1599987]: {"level":"info","time":"2026-08-18T20:40:09.692+0200","caller":"service/background.go:68","msg":"starting background worker","worker_id":2}
Aug 18 20:40:09 nezha helix-server[1599987]: {"level":"info","time":"2026-08-18T20:40:09.692+0200","caller":"service/background.go:68","msg":"starting background worker","worker_id":0}
Aug 18 20:40:09 nezha helix-server[1599987]: {"level":"info","time":"2026-08-18T20:40:09.692+0200","caller":"server/main.go:194","msg":"Starting server","addr":"0.0.0.0:8080"}
Aug 18 20:40:09 nezha helix-server[1599987]: {"level":"info","time":"2026-08-18T20:40:09.692+0200","caller":"service/background.go:68","msg":"starting background worker","worker_id":3}
Aug 18 20:40:09 nezha helix-server[1599987]: {"level":"info","time":"2026-08-18T20:40:09.692+0200","caller":"service/background.go:68","msg":"starting background worker","worker_id":1}
Aug 18 20:40:09 nezha helix-server[1599987]: {"level":"fatal","time":"2026-08-18T20:40:09.692+0200","caller":"server/main.go:196","msg":"Failed to start server","error":"listen tcp 0.0.0.0:8080: bind: address already in use","stacktrace":"main.main.func1\n\t/run/media/milosvasic/DATA4TB/Projects/helix_seller/cmd/server/main.go:196"}
Aug 18 20:40:09 nezha helix-postgres[3312]: 2026-08-18 18:40:09.694 UTC [50559] LOG:  unexpected EOF on client connection with an open transaction
Aug 18 20:40:09 nezha helix-postgres[3312]: 2026-08-18 18:40:09.694 UTC [50555] LOG:  unexpected EOF on client connection with an open transaction
Aug 18 20:40:09 nezha helix-postgres[3312]: 2026-08-18 18:40:09.694 UTC [50556] LOG:  unexpected EOF on client connection with an open transaction
Aug 18 20:40:09 nezha helix-postgres[3312]: 2026-08-18 18:40:09.694 UTC [50557] LOG:  unexpected EOF on client connection with an open transaction
Aug 18 20:40:09 nezha systemd[1533]: helix-server.service: Main process exited, code=exited, status=1/FAILURE
Aug 18 20:40:09 nezha systemd[1533]: helix-server.service: Failed with result 'exit-code'.
Aug 18 20:40:09 nezha conmon[1600015]: conmon fa90e7dd0a7c08e59390 <nwarn>: Failed to open cgroups file: /sys/fs/cgroup/memory.events
Aug 18 20:40:09 nezha podman[1599986]: 2026-08-18 20:40:09.720792645 +0200 CEST m=+0.037838770 container health_status fa90e7dd0a7c08e593909ded934c5b210be21a6a47b6d73a2b96a62bdf7cef1a (image=docker.io/library/postgres:16-alpine, name=lava-postgres, pod_id=b43d8850a2e9c36854e1b6678070583b571f88ec9db827a125cbf9ee0482309b, health_status=healthy, health_failing_streak=0, health_log=, com.docker.compose.service=lava-postgres, io.podman.compose.service=lava-postgres, com.docker.compose.project=lava, com.docker.compose.project.working_dir=/run/media/milosvasic/DATA4TB/Projects/lava, io.podman.compose.project=lava, io.podman.compose.version=1.5.0, PODMAN_SYSTEMD_UNIT=podman-compose@lava.service, io.podman.compose.config-hash=fbdb9531a4f5740b7028f0665d15a8785683cd6691fe08ef724023cf278e58a4, com.docker.compose.container-number=1, com.docker.compose.project.config_files=/run/media/milosvasic/DATA4TB/Projects/lava/docker-compose.yml)
Aug 18 20:40:14 nezha systemd[1533]: helix-server.service: Scheduled restart job, restart counter is at 6577.
Aug 18 20:40:14 nezha systemd[1533]: Started helix-server.service - Helix Seller Go Server.
Aug 18 20:40:14 nezha helix-server[1600070]: 2026/08/18 20:40:14 No .env file found
Aug 18 20:40:14 nezha helix-server[1600070]: [GIN-debug] [WARNING] Running in "debug" mode. Switch to "release" mode in production.
Aug 18 20:40:14 nezha helix-server[1600070]:  - using env:        export GIN_MODE=release
Aug 18 20:40:14 nezha helix-server[1600070]:  - using code:        gin.SetMode(gin.ReleaseMode)
Aug 18 20:40:14 nezha helix-server[1600070]: [GIN-debug] GET    /health                   --> github.com/helix-seller/helix-seller/internal/handler.(*HealthHandler).Health-fm (2 handlers)
Aug 18 20:40:14 nezha helix-server[1600070]: [GIN-debug] GET    /health/ready             --> github.com/helix-seller/helix-seller/internal/handler.(*HealthHandler).Readiness-fm (2 handlers)
Aug 18 20:40:14 nezha helix-server[1600070]: [GIN-debug] GET    /health/live              --> github.com/helix-seller/helix-seller/internal/handler.(*HealthHandler).Liveness-fm (2 handlers)
Aug 18 20:40:14 nezha helix-server[1600070]: [GIN-debug] GET    /metrics                  --> github.com/helix-seller/helix-seller/internal/handler.NewRouter.MetricsHandler.func1 (2 handlers)
Aug 18 20:40:14 nezha helix-server[1600070]: [GIN-debug] GET    /ws                       --> github.com/helix-seller/helix-seller/internal/websocket.(*WSHandler).HandleWebSocket-fm (2 handlers)
Aug 18 20:40:14 nezha helix-server[1600070]: [GIN-debug] POST   /api/v1/auth/register     --> github.com/helix-seller/helix-seller/internal/handler.(*AuthHandler).Register-fm (2 handlers)
Aug 18 20:40:14 nezha helix-server[1600070]: [GIN-debug] POST   /api/v1/auth/login        --> github.com/helix-seller/helix-seller/internal/handler.(*AuthHandler).Login-fm (2 handlers)
Aug 18 20:40:14 nezha helix-server[1600070]: [GIN-debug] POST   /api/v1/auth/refresh      --> github.com/helix-seller/helix-seller/internal/handler.(*AuthHandler).Refresh-fm (2 handlers)
Aug 18 20:40:14 nezha helix-server[1600070]: [GIN-debug] POST   /api/v1/auth/logout       --> github.com/helix-seller/helix-seller/internal/handler.(*AuthHandler).Logout-fm (2 handlers)
Aug 18 20:40:14 nezha helix-server[1600070]: [GIN-debug] POST   /api/v1/auth/mfa/setup    --> github.com/helix-seller/helix-seller/internal/handler.(*AuthHandler).SetupMFA-fm (2 handlers)
Aug 18 20:40:14 nezha helix-server[1600070]: [GIN-debug] POST   /api/v1/auth/mfa/verify   --> github.com/helix-seller/helix-seller/internal/handler.(*AuthHandler).VerifyMFA-fm (2 handlers)
Aug 18 20:40:14 nezha helix-server[1600070]: [GIN-debug] GET    /api/v1/users/me          --> github.com/helix-seller/helix-seller/internal/handler.(*UserHandler).GetUser-fm (6 handlers)
Aug 18 20:40:14 nezha helix-server[1600070]: [GIN-debug] PUT    /api/v1/users/me          --> github.com/helix-seller/helix-seller/internal/handler.(*UserHandler).UpdateUser-fm (6 handlers)
Aug 18 20:40:14 nezha helix-server[1600070]: [GIN-debug] POST   /api/v1/api-keys          --> github.com/helix-seller/helix-seller/internal/handler.(*ApiKeyHandler).CreateApiKey-fm (6 handlers)
Aug 18 20:40:14 nezha helix-server[1600070]: [GIN-debug] GET    /api/v1/api-keys          --> github.com/helix-seller/helix-seller/internal/handler.(*ApiKeyHandler).ListApiKeys-fm (6 handlers)
Aug 18 20:40:14 nezha helix-server[1600070]: [GIN-debug] DELETE /api/v1/api-keys/:keyId   --> github.com/helix-seller/helix-seller/internal/handler.(*ApiKeyHandler).RevokeApiKey-fm (6 handlers)
Aug 18 20:40:14 nezha helix-server[1600070]: [GIN-debug] GET    /api/v1/merchants         --> github.com/helix-seller/helix-seller/internal/handler.(*MerchantHandler).ListMerchants-fm (6 handlers)
Aug 18 20:40:14 nezha helix-server[1600070]: [GIN-debug] POST   /api/v1/merchants         --> github.com/helix-seller/helix-seller/internal/handler.(*MerchantHandler).CreateMerchant-fm (6 handlers)
Aug 18 20:40:14 nezha helix-server[1600070]: [GIN-debug] GET    /api/v1/merchants/:merchantId --> github.com/helix-seller/helix-seller/internal/handler.(*MerchantHandler).GetMerchant-fm (6 handlers)
Aug 18 20:40:14 nezha helix-server[1600070]: [GIN-debug] PUT    /api/v1/merchants/:merchantId --> github.com/helix-seller/helix-seller/internal/handler.(*MerchantHandler).UpdateMerchant-fm (6 handlers)
Aug 18 20:40:14 nezha helix-server[1600070]: [GIN-debug] GET    /api/v1/merchants/:merchantId/customers --> github.com/helix-seller/helix-seller/internal/handler.(*CustomerHandler).ListCustomers-fm (6 handlers)
Aug 18 20:40:14 nezha helix-server[1600070]: [GIN-debug] POST   /api/v1/merchants/:merchantId/customers --> github.com/helix-seller/helix-seller/internal/handler.(*CustomerHandler).CreateCustomer-fm (6 handlers)
Aug 18 20:40:14 nezha helix-server[1600070]: [GIN-debug] GET    /api/v1/merchants/:merchantId/customers/:customerId --> github.com/helix-seller/helix-seller/internal/handler.(*CustomerHandler).GetCustomer-fm (6 handlers)
Aug 18 20:40:14 nezha helix-server[1600070]: [GIN-debug] PUT    /api/v1/merchants/:merchantId/customers/:customerId --> github.com/helix-seller/helix-seller/internal/handler.(*CustomerHandler).UpdateCustomer-fm (6 handlers)
Aug 18 20:40:14 nezha helix-server[1600070]: [GIN-debug] GET    /api/v1/merchants/:merchantId/transactions --> github.com/helix-seller/helix-seller/internal/handler.(*PaymentHandler).ListTransactions-fm (6 handlers)
Aug 18 20:40:14 nezha helix-server[1600070]: [GIN-debug] POST   /api/v1/merchants/:merchantId/transactions --> github.com/helix-seller/helix-seller/internal/handler.(*PaymentHandler).ProcessPayment-fm (6 handlers)
Aug 18 20:40:14 nezha helix-server[1600070]: [GIN-debug] GET    /api/v1/merchants/:merchantId/transactions/:transactionId --> github.com/helix-seller/helix-seller/internal/handler.(*PaymentHandler).GetTransaction-fm (6 handlers)
Aug 18 20:40:14 nezha helix-server[1600070]: [GIN-debug] POST   /api/v1/merchants/:merchantId/refunds --> github.com/helix-seller/helix-seller/internal/handler.(*PaymentHandler).CreateRefund-fm (6 handlers)
Aug 18 20:40:14 nezha helix-server[1600070]: [GIN-debug] GET    /api/v1/merchants/:merchantId/subscriptions --> github.com/helix-seller/helix-seller/internal/handler.(*SubscriptionHandler).ListSubscriptions-fm (6 handlers)
Aug 18 20:40:14 nezha helix-server[1600070]: [GIN-debug] POST   /api/v1/merchants/:merchantId/subscriptions --> github.com/helix-seller/helix-seller/internal/handler.(*SubscriptionHandler).CreateSubscription-fm (6 handlers)
Aug 18 20:40:14 nezha helix-server[1600070]: [GIN-debug] GET    /api/v1/merchants/:merchantId/subscriptions/:subscriptionId --> github.com/helix-seller/helix-seller/internal/handler.(*SubscriptionHandler).GetSubscription-fm (6 handlers)
Aug 18 20:40:14 nezha helix-server[1600070]: [GIN-debug] PATCH  /api/v1/merchants/:merchantId/subscriptions/:subscriptionId --> github.com/helix-seller/helix-seller/internal/handler.(*SubscriptionHandler).UpdateSubscription-fm (6 handlers)
Aug 18 20:40:14 nezha helix-server[1600070]: [GIN-debug] DELETE /api/v1/merchants/:merchantId/subscriptions/:subscriptionId --> github.com/helix-seller/helix-seller/internal/handler.(*SubscriptionHandler).CancelSubscription-fm (6 handlers)
Aug 18 20:40:14 nezha helix-server[1600070]: [GIN-debug] GET    /api/v1/merchants/:merchantId/invoices --> github.com/helix-seller/helix-seller/internal/handler.(*InvoiceHandler).ListInvoices-fm (6 handlers)
Aug 18 20:40:14 nezha helix-server[1600070]: [GIN-debug] POST   /api/v1/merchants/:merchantId/invoices --> github.com/helix-seller/helix-seller/internal/handler.(*InvoiceHandler).CreateInvoice-fm (6 handlers)
Aug 18 20:40:14 nezha helix-server[1600070]: [GIN-debug] GET    /api/v1/merchants/:merchantId/invoices/:invoiceId --> github.com/helix-seller/helix-seller/internal/handler.(*InvoiceHandler).GetInvoice-fm (6 handlers)
Aug 18 20:40:14 nezha helix-server[1600070]: [GIN-debug] GET    /api/v1/merchants/:merchantId/payouts --> github.com/helix-seller/helix-seller/internal/handler.(*PayoutHandler).ListPayouts-fm (6 handlers)
Aug 18 20:40:14 nezha helix-server[1600070]: [GIN-debug] GET    /api/v1/merchants/:merchantId/payouts/:payoutId --> github.com/helix-seller/helix-seller/internal/handler.(*PayoutHandler).GetPayout-fm (6 handlers)
Aug 18 20:40:14 nezha helix-server[1600070]: [GIN-debug] POST   /api/v1/merchants/:merchantId/payouts --> github.com/helix-seller/helix-seller/internal/handler.(*PayoutHandler).CreatePayout-fm (6 handlers)
Aug 18 20:40:14 nezha helix-server[1600070]: [GIN-debug] GET    /api/v1/merchants/:merchantId/disputes --> github.com/helix-seller/helix-seller/internal/handler.(*DisputeHandler).ListDisputes-fm (6 handlers)
Aug 18 20:40:14 nezha helix-server[1600070]: [GIN-debug] GET    /api/v1/merchants/:merchantId/disputes/:disputeId --> github.com/helix-seller/helix-seller/internal/handler.(*DisputeHandler).GetDispute-fm (6 handlers)
Aug 18 20:40:14 nezha helix-server[1600070]: [GIN-debug] POST   /api/v1/merchants/:merchantId/disputes --> github.com/helix-seller/helix-seller/internal/handler.(*DisputeHandler).CreateDispute-fm (6 handlers)
Aug 18 20:40:14 nezha helix-server[1600070]: [GIN-debug] POST   /api/v1/merchants/:merchantId/disputes/:disputeId/evidence --> github.com/helix-seller/helix-seller/internal/handler.(*DisputeHandler).AddEvidence-fm (6 handlers)
Aug 18 20:40:14 nezha helix-server[1600070]: [GIN-debug] GET    /api/v1/merchants/:merchantId/payment-methods --> github.com/helix-seller/helix-seller/internal/handler.(*PaymentMethodHandler).ListPaymentMethods-fm (6 handlers)
Aug 18 20:40:14 nezha helix-server[1600070]: [GIN-debug] POST   /api/v1/merchants/:merchantId/payment-methods --> github.com/helix-seller/helix-seller/internal/handler.(*PaymentMethodHandler).CreatePaymentMethod-fm (6 handlers)
Aug 18 20:40:14 nezha helix-server[1600070]: [GIN-debug] GET    /api/v1/merchants/:merchantId/payment-methods/:paymentMethodId --> github.com/helix-seller/helix-seller/internal/handler.(*PaymentMethodHandler).GetPaymentMethod-fm (6 handlers)
Aug 18 20:40:14 nezha helix-server[1600070]: [GIN-debug] DELETE /api/v1/merchants/:merchantId/payment-methods/:paymentMethodId --> github.com/helix-seller/helix-seller/internal/handler.(*PaymentMethodHandler).DeletePaymentMethod-fm (6 handlers)
Aug 18 20:40:14 nezha helix-server[1600070]: [GIN-debug] GET    /api/v1/merchants/:merchantId/webhooks --> github.com/helix-seller/helix-seller/internal/handler.(*WebhookHandler).ListWebhooks-fm (6 handlers)
Aug 18 20:40:14 nezha helix-server[1600070]: [GIN-debug] POST   /api/v1/merchants/:merchantId/webhooks --> github.com/helix-seller/helix-seller/internal/handler.(*WebhookHandler).CreateWebhook-fm (6 handlers)
Aug 18 20:40:14 nezha helix-server[1600070]: [GIN-debug] GET    /api/v1/merchants/:merchantId/webhooks/:webhookId --> github.com/helix-seller/helix-seller/internal/handler.(*WebhookHandler).GetWebhook-fm (6 handlers)
Aug 18 20:40:14 nezha helix-server[1600070]: [GIN-debug] PUT    /api/v1/merchants/:merchantId/webhooks/:webhookId --> github.com/helix-seller/helix-seller/internal/handler.(*WebhookHandler).UpdateWebhook-fm (6 handlers)
Aug 18 20:40:14 nezha helix-server[1600070]: [GIN-debug] DELETE /api/v1/merchants/:merchantId/webhooks/:webhookId --> github.com/helix-seller/helix-seller/internal/handler.(*WebhookHandler).DeleteWebhook-fm (6 handlers)
Aug 18 20:40:14 nezha helix-server[1600070]: [GIN-debug] GET    /api/v1/merchants/:merchantId/webhooks/deliveries --> github.com/helix-seller/helix-seller/internal/handler.(*WebhookDeliveryHandler).ListDeliveries-fm (6 handlers)
Aug 18 20:40:14 nezha helix-server[1600070]: [GIN-debug] GET    /api/v1/merchants/:merchantId/webhooks/deliveries/:deliveryId --> github.com/helix-seller/helix-seller/internal/handler.(*WebhookDeliveryHandler).GetDelivery-fm (6 handlers)
Aug 18 20:40:14 nezha helix-server[1600070]: [GIN-debug] GET    /api/v1/merchants/:merchantId/providers --> github.com/helix-seller/helix-seller/internal/handler.(*ProviderHandler).ListProviders-fm (6 handlers)
Aug 18 20:40:14 nezha helix-server[1600070]: [GIN-debug] POST   /api/v1/merchants/:merchantId/providers --> github.com/helix-seller/helix-seller/internal/handler.(*ProviderHandler).CreateProvider-fm (6 handlers)
Aug 18 20:40:14 nezha helix-server[1600070]: [GIN-debug] GET    /api/v1/merchants/:merchantId/providers/:providerId --> github.com/helix-seller/helix-seller/internal/handler.(*ProviderHandler).GetProvider-fm (6 handlers)
Aug 18 20:40:14 nezha helix-server[1600070]: [GIN-debug] PUT    /api/v1/merchants/:merchantId/providers/:providerId --> github.com/helix-seller/helix-seller/internal/handler.(*ProviderHandler).UpdateProvider-fm (6 handlers)
Aug 18 20:40:14 nezha helix-server[1600070]: [GIN-debug] DELETE /api/v1/merchants/:merchantId/providers/:providerId --> github.com/helix-seller/helix-seller/internal/handler.(*ProviderHandler).DeleteProvider-fm (6 handlers)
Aug 18 20:40:14 nezha helix-server[1600070]: [GIN-debug] GET    /api/v1/merchants/:merchantId/exchange-rates --> github.com/helix-seller/helix-seller/internal/handler.(*ExchangeRateHandler).GetExchangeRate-fm (6 handlers)
Aug 18 20:40:14 nezha helix-server[1600070]: [GIN-debug] GET    /api/v1/merchants/:merchantId/analytics/summary --> github.com/helix-seller/helix-seller/internal/handler.(*AnalyticsHandler).GetSummary-fm (6 handlers)
Aug 18 20:40:14 nezha helix-server[1600070]: [GIN-debug] GET    /api/v1/merchants/:merchantId/analytics/transactions --> github.com/helix-seller/helix-seller/internal/handler.(*AnalyticsHandler).GetTransactionAnalytics-fm (6 handlers)
Aug 18 20:40:14 nezha helix-postgres[3312]: 2026-08-18 18:40:14.947 UTC [50563] ERROR:  relation "background_tasks" does not exist at character 8
Aug 18 20:40:14 nezha helix-server[1600070]: [GIN-debug] GET    /api/v1/merchants/:merchantId/analytics/export --> github.com/helix-seller/helix-seller/internal/handler.(*AnalyticsHandler).ExportTransactions-fm (6 handlers)
Aug 18 20:40:14 nezha helix-server[1600070]: [GIN-debug] GET    /api/v1/merchants/:merchantId/audit-logs --> github.com/helix-seller/helix-seller/internal/handler.(*AuditHandler).ListAuditLogs-fm (6 handlers)
Aug 18 20:40:14 nezha helix-server[1600070]: [GIN-debug] GET    /api/v1/merchants/:merchantId/products --> github.com/helix-seller/helix-seller/internal/handler.(*ProductHandler).ListProducts-fm (6 handlers)
Aug 18 20:40:14 nezha helix-server[1600070]: [GIN-debug] POST   /api/v1/merchants/:merchantId/products --> github.com/helix-seller/helix-seller/internal/handler.(*ProductHandler).CreateProduct-fm (6 handlers)
Aug 18 20:40:14 nezha helix-server[1600070]: [GIN-debug] GET    /api/v1/merchants/:merchantId/products/:productId --> github.com/helix-seller/helix-seller/internal/handler.(*ProductHandler).GetProduct-fm (6 handlers)
Aug 18 20:40:14 nezha helix-server[1600070]: [GIN-debug] PUT    /api/v1/merchants/:merchantId/products/:productId --> github.com/helix-seller/helix-seller/internal/handler.(*ProductHandler).UpdateProduct-fm (6 handlers)
Aug 18 20:40:14 nezha helix-server[1600070]: [GIN-debug] DELETE /api/v1/merchants/:merchantId/products/:productId --> github.com/helix-seller/helix-seller/internal/handler.(*ProductHandler).DeleteProduct-fm (6 handlers)
Aug 18 20:40:14 nezha helix-server[1600070]: [GIN-debug] GET    /api/v1/merchants/:merchantId/billing/fees --> github.com/helix-seller/helix-seller/internal/handler.(*BillingHandler).GetFees-fm (6 handlers)
Aug 18 20:40:14 nezha helix-server[1600070]: [GIN-debug] GET    /api/v1/merchants/:merchantId/billing/invoices --> github.com/helix-seller/helix-seller/internal/handler.(*BillingHandler).GetBillingInvoices-fm (6 handlers)
Aug 18 20:40:14 nezha helix-server[1600070]: [GIN-debug] POST   /api/v1/webhooks/stripe   --> github.com/helix-seller/helix-seller/internal/handler.(*WebhookIngressHandler).HandleStripe-fm (2 handlers)
Aug 18 20:40:14 nezha helix-server[1600070]: [GIN-debug] POST   /api/v1/webhooks/paypal   --> github.com/helix-seller/helix-seller/internal/handler.(*WebhookIngressHandler).HandlePayPal-fm (2 handlers)
Aug 18 20:40:14 nezha helix-server[1600070]: [GIN-debug] POST   /api/v1/webhooks/square   --> github.com/helix-seller/helix-seller/internal/handler.(*WebhookIngressHandler).HandleSquare-fm (2 handlers)
Aug 18 20:40:14 nezha helix-postgres[3312]: 2026-08-18 18:40:14.947 UTC [50563] STATEMENT:  UPDATE background_tasks SET status = 'running', locked_at = NOW(), attempts = attempts + 1
Aug 18 20:40:14 nezha helix-server[1600070]: {"level":"info","time":"2026-08-18T20:40:14.946+0200","caller":"service/background.go:44","msg":"registered background task handler","type":"payout"}
Aug 18 20:40:14 nezha helix-server[1600070]: {"level":"info","time":"2026-08-18T20:40:14.946+0200","caller":"service/background.go:44","msg":"registered background task handler","type":"reconciliation"}
Aug 18 20:40:14 nezha helix-server[1600070]: {"level":"info","time":"2026-08-18T20:40:14.946+0200","caller":"service/background.go:44","msg":"registered background task handler","type":"invoice"}
Aug 18 20:40:14 nezha helix-server[1600070]: {"level":"info","time":"2026-08-18T20:40:14.946+0200","caller":"service/background.go:44","msg":"registered background task handler","type":"webhook_delivery"}
Aug 18 20:40:14 nezha helix-server[1600070]: {"level":"info","time":"2026-08-18T20:40:14.946+0200","caller":"service/background.go:68","msg":"starting background worker","worker_id":0}
Aug 18 20:40:14 nezha helix-server[1600070]: {"level":"info","time":"2026-08-18T20:40:14.946+0200","caller":"service/background.go:68","msg":"starting background worker","worker_id":1}
Aug 18 20:40:14 nezha helix-server[1600070]: {"level":"info","time":"2026-08-18T20:40:14.946+0200","caller":"service/background.go:68","msg":"starting background worker","worker_id":2}
Aug 18 20:40:14 nezha helix-server[1600070]: {"level":"info","time":"2026-08-18T20:40:14.946+0200","caller":"service/background.go:68","msg":"starting background worker","worker_id":3}
Aug 18 20:40:14 nezha helix-server[1600070]: {"level":"info","time":"2026-08-18T20:40:14.946+0200","caller":"server/main.go:194","msg":"Starting server","addr":"0.0.0.0:8080"}
Aug 18 20:40:14 nezha helix-server[1600070]: {"level":"fatal","time":"2026-08-18T20:40:14.946+0200","caller":"server/main.go:196","msg":"Failed to start server","error":"listen tcp 0.0.0.0:8080: bind: address already in use","stacktrace":"main.main.func1\n\t/run/media/milosvasic/DATA4TB/Projects/helix_seller/cmd/server/main.go:196"}
Aug 18 20:40:14 nezha helix-postgres[3312]:                          WHERE id = (
Aug 18 20:40:14 nezha helix-postgres[3312]:                                  SELECT id FROM background_tasks
Aug 18 20:40:14 nezha helix-postgres[3312]:                                  WHERE status = 'pending' AND next_run_at <= NOW()
Aug 18 20:40:14 nezha helix-postgres[3312]:                                  ORDER BY priority DESC, next_run_at ASC
Aug 18 20:40:14 nezha helix-postgres[3312]:                                  LIMIT 1
Aug 18 20:40:14 nezha helix-postgres[3312]:                                  FOR UPDATE SKIP LOCKED
Aug 18 20:40:14 nezha helix-postgres[3312]:                          ) RETURNING id, type, payload, priority, attempts
Aug 18 20:40:14 nezha helix-postgres[3312]: 2026-08-18 18:40:14.947 UTC [50562] ERROR:  relation "background_tasks" does not exist at character 8
Aug 18 20:40:14 nezha helix-postgres[3312]: 2026-08-18 18:40:14.947 UTC [50562] STATEMENT:  UPDATE background_tasks SET status = 'running', locked_at = NOW(), attempts = attempts + 1
Aug 18 20:40:14 nezha helix-postgres[3312]:                          WHERE id = (
Aug 18 20:40:14 nezha helix-postgres[3312]:                                  SELECT id FROM background_tasks
Aug 18 20:40:14 nezha helix-postgres[3312]:                                  WHERE status = 'pending' AND next_run_at <= NOW()
Aug 18 20:40:14 nezha helix-postgres[3312]:                                  ORDER BY priority DESC, next_run_at ASC
Aug 18 20:40:14 nezha helix-postgres[3312]:                                  LIMIT 1
Aug 18 20:40:14 nezha helix-postgres[3312]:                                  FOR UPDATE SKIP LOCKED
Aug 18 20:40:14 nezha helix-postgres[3312]:                          ) RETURNING id, type, payload, priority, attempts
Aug 18 20:40:14 nezha helix-postgres[3312]: 2026-08-18 18:40:14.947 UTC [50567] ERROR:  relation "background_tasks" does not exist at character 8
Aug 18 20:40:14 nezha helix-postgres[3312]: 2026-08-18 18:40:14.947 UTC [50567] STATEMENT:  UPDATE background_tasks SET status = 'running', locked_at = NOW(), attempts = attempts + 1
Aug 18 20:40:14 nezha helix-postgres[3312]:                          WHERE id = (
Aug 18 20:40:14 nezha helix-postgres[3312]:                                  SELECT id FROM background_tasks
Aug 18 20:40:14 nezha helix-postgres[3312]:                                  WHERE status = 'pending' AND next_run_at <= NOW()
Aug 18 20:40:14 nezha helix-postgres[3312]:                                  ORDER BY priority DESC, next_run_at ASC
Aug 18 20:40:14 nezha helix-postgres[3312]:                                  LIMIT 1
Aug 18 20:40:14 nezha helix-postgres[3312]:                                  FOR UPDATE SKIP LOCKED
Aug 18 20:40:14 nezha helix-postgres[3312]:                          ) RETURNING id, type, payload, priority, attempts
Aug 18 20:40:14 nezha systemd[1533]: helix-server.service: Main process exited, code=exited, status=1/FAILURE
Aug 18 20:40:14 nezha systemd[1533]: helix-server.service: Failed with result 'exit-code'.
Aug 18 20:40:14 nezha helix-postgres[3312]: 2026-08-18 18:40:14.949 UTC [50566] LOG:  unexpected EOF on client connection with an open transaction
Aug 18 20:40:14 nezha conmon[1600112]: conmon 1b53cc5f923e88f53e81 <nwarn>: Failed to open cgroups file: /sys/fs/cgroup/memory.events
Aug 18 20:40:14 nezha conmon[1600121]: conmon fa90e7dd0a7c08e59390 <nwarn>: Failed to open cgroups file: /sys/fs/cgroup/memory.events
Aug 18 20:40:14 nezha podman[1600068]: 2026-08-18 20:40:14.980771854 +0200 CEST m=+0.044854440 container health_status 1b53cc5f923e88f53e818f0a3fd836347002f65b89e6bb808ccf3d4b61a7f678 (image=lscr.io/linuxserver/qbittorrent:latest, name=qbittorrent, pod_id=57d25ba0f291db4fa1ad4febf5d76ff5ca227ab35d1d465e9fecfbdbde7f00b1, health_status=healthy, health_failing_streak=0, health_log=, org.opencontainers.image.url=https://github.com/linuxserver/docker-qbittorrent/packages, org.opencontainers.image.description=The [Qbittorrent](https://www.qbittorrent.org/) is a bittorrent client programmed in C++ / Qt that uses libtorrent (sometimes called libtorrent-rasterbar) by Arvid Norberg., io.podman.compose.config-hash=13a41adb68a6f22cfa10d2d48db31b868f0801de6f007a01f66b8f68b08c765d, io.podman.compose.service=qbittorrent, com.docker.compose.project.config_files=/run/media/milosvasic/DATA4TB/Projects/boba/docker-compose.yml, org.opencontainers.image.licenses=GPL-3.0-only, org.opencontainers.image.title=Qbittorrent, com.docker.compose.container-number=1, org.opencontainers.image.version=5.2.3_v2.0.13-ls469, org.opencontainers.image.revision=a8dcabe47f9c8d598d92576caa13692613bd5a5a, build_version=Linuxserver.io version:- 5.2.3_v2.0.13-ls469 Build-date:- 2026-07-19T09:01:18+00:00, maintainer=thespad, org.opencontainers.image.created=2026-07-19T09:01:18+00:00, org.opencontainers.image.documentation=https://docs.linuxserver.io/images/docker-qbittorrent, org.opencontainers.image.ref.name=a8dcabe47f9c8d598d92576caa13692613bd5a5a, com.docker.compose.project=boba, com.docker.compose.project.working_dir=/run/media/milosvasic/DATA4TB/Projects/boba, org.opencontainers.image.authors=linuxserver.io, org.opencontainers.image.source=https://github.com/linuxserver/docker-qbittorrent, PODMAN_SYSTEMD_UNIT=podman-compose@boba.service, io.podman.compose.version=1.5.0, io.podman.compose.project=boba, com.docker.compose.service=qbittorrent, org.opencontainers.image.vendor=linuxserver.io)
Aug 18 20:40:14 nezha podman[1600069]: 2026-08-18 20:40:14.980962385 +0200 CEST m=+0.045044937 container health_status fa90e7dd0a7c08e593909ded934c5b210be21a6a47b6d73a2b96a62bdf7cef1a (image=docker.io/library/postgres:16-alpine, name=lava-postgres, pod_id=b43d8850a2e9c36854e1b6678070583b571f88ec9db827a125cbf9ee0482309b, health_status=healthy, health_failing_streak=0, health_log=, io.podman.compose.project=lava, com.docker.compose.service=lava-postgres, io.podman.compose.config-hash=fbdb9531a4f5740b7028f0665d15a8785683cd6691fe08ef724023cf278e58a4, io.podman.compose.service=lava-postgres, com.docker.compose.project=lava, com.docker.compose.project.config_files=/run/media/milosvasic/DATA4TB/Projects/lava/docker-compose.yml, com.docker.compose.project.working_dir=/run/media/milosvasic/DATA4TB/Projects/lava, io.podman.compose.version=1.5.0, PODMAN_SYSTEMD_UNIT=podman-compose@lava.service, com.docker.compose.container-number=1)
Aug 18 20:40:19 nezha conmon[1600196]: conmon c3966988c65c56f0797c <nwarn>: Failed to open cgroups file: /sys/fs/cgroup/memory.events
Aug 18 20:40:19 nezha podman[1600161]: 2026-08-18 20:40:19.479642388 +0200 CEST m=+0.042220899 container health_status c3966988c65c56f0797c6da8ac4190500e7a6322b87e26e24b6e4d78f64c69fe (image=lscr.io/linuxserver/jackett:latest, name=jackett, pod_id=57d25ba0f291db4fa1ad4febf5d76ff5ca227ab35d1d465e9fecfbdbde7f00b1, health_status=healthy, health_failing_streak=0, health_log=, org.opencontainers.image.created=2026-08-14T06:58:32+00:00, io.podman.compose.project=boba, org.opencontainers.image.source=https://github.com/linuxserver/docker-jackett, build_version=Linuxserver.io version:- v0.24.2406-ls2 Build-date:- 2026-08-14T06:58:32+00:00, com.docker.compose.container-number=1, com.docker.compose.project.working_dir=/run/media/milosvasic/DATA4TB/Projects/boba, org.opencontainers.image.description=[Jackett](https://github.com/Jackett/Jackett) works as a proxy server: it translates queries from apps (Sonarr, SickRage, CouchPotato, Mylar, etc) into tracker-site-specific http queries, parses the html response, then sends results back to the requesting software. This allows for getting recent uploads (like RSS) and performing searches. Jackett is a single repository of maintained indexer scraping & translation logic - removing the burden from other apps., com.docker.compose.service=jackett, org.opencontainers.image.url=https://github.com/linuxserver/docker-jackett/packages, org.opencontainers.image.revision=128c3085576dfbec9c4678f9ffbce2cbc280cf5b, org.opencontainers.image.authors=linuxserver.io, org.opencontainers.image.licenses=GPL-3.0-only, PODMAN_SYSTEMD_UNIT=podman-compose@boba.service, org.opencontainers.image.vendor=linuxserver.io, io.podman.compose.version=1.5.0, maintainer=thelamer, org.opencontainers.image.ref.name=128c3085576dfbec9c4678f9ffbce2cbc280cf5b, org.opencontainers.image.title=Jackett, io.podman.compose.service=jackett, com.docker.compose.project.config_files=/run/media/milosvasic/DATA4TB/Projects/boba/docker-compose.yml, org.opencontainers.image.version=v0.24.2406-ls2, com.docker.compose.project=boba, io.podman.compose.config-hash=13a41adb68a6f22cfa10d2d48db31b868f0801de6f007a01f66b8f68b08c765d, org.opencontainers.image.documentation=https://docs.linuxserver.io/images/docker-jackett)
Aug 18 20:40:19 nezha conmon[1600189]: conmon e7851b07234a658d9e91 <nwarn>: Failed to open cgroups file: /sys/fs/cgroup/memory.events
Aug 18 20:40:19 nezha podman[1600162]: 2026-08-18 20:40:19.533570982 +0200 CEST m=+0.096149672 container health_status e7851b07234a658d9e91744a33f7b789394887315c7bf732fd56903f0a3012d8 (image=localhost/boba_boba-jackett:latest, name=boba-jackett, pod_id=57d25ba0f291db4fa1ad4febf5d76ff5ca227ab35d1d465e9fecfbdbde7f00b1, health_status=healthy, health_failing_streak=0, health_log=, com.docker.compose.project.config_files=/run/media/milosvasic/DATA4TB/Projects/boba/docker-compose.yml, io.buildah.version=1.42.2, io.podman.compose.config-hash=13a41adb68a6f22cfa10d2d48db31b868f0801de6f007a01f66b8f68b08c765d, io.podman.compose.project=boba, com.docker.compose.container-number=1, com.docker.compose.project.working_dir=/run/media/milosvasic/DATA4TB/Projects/boba, io.podman.compose.service=boba-jackett, PODMAN_SYSTEMD_UNIT=podman-compose@boba.service, com.docker.compose.project=boba, io.podman.compose.version=1.5.0, com.docker.compose.service=boba-jackett)
Aug 18 20:40:20 nezha systemd[1533]: helix-server.service: Scheduled restart job, restart counter is at 6578.
Aug 18 20:40:20 nezha systemd[1533]: Started helix-server.service - Helix Seller Go Server.
Aug 18 20:40:20 nezha helix-server[1600217]: 2026/08/18 20:40:20 No .env file found
Aug 18 20:40:20 nezha helix-server[1600217]: [GIN-debug] [WARNING] Running in "debug" mode. Switch to "release" mode in production.
Aug 18 20:40:20 nezha helix-server[1600217]:  - using env:        export GIN_MODE=release
Aug 18 20:40:20 nezha helix-server[1600217]:  - using code:        gin.SetMode(gin.ReleaseMode)
Aug 18 20:40:20 nezha helix-server[1600217]: [GIN-debug] GET    /health                   --> github.com/helix-seller/helix-seller/internal/handler.(*HealthHandler).Health-fm (2 handlers)
Aug 18 20:40:20 nezha helix-server[1600217]: [GIN-debug] GET    /health/ready             --> github.com/helix-seller/helix-seller/internal/handler.(*HealthHandler).Readiness-fm (2 handlers)
Aug 18 20:40:20 nezha helix-server[1600217]: [GIN-debug] GET    /health/live              --> github.com/helix-seller/helix-seller/internal/handler.(*HealthHandler).Liveness-fm (2 handlers)
Aug 18 20:40:20 nezha helix-server[1600217]: [GIN-debug] GET    /metrics                  --> github.com/helix-seller/helix-seller/internal/handler.NewRouter.MetricsHandler.func1 (2 handlers)
Aug 18 20:40:20 nezha helix-server[1600217]: [GIN-debug] GET    /ws                       --> github.com/helix-seller/helix-seller/internal/websocket.(*WSHandler).HandleWebSocket-fm (2 handlers)
Aug 18 20:40:20 nezha helix-server[1600217]: [GIN-debug] POST   /api/v1/auth/register     --> github.com/helix-seller/helix-seller/internal/handler.(*AuthHandler).Register-fm (2 handlers)
Aug 18 20:40:20 nezha helix-server[1600217]: [GIN-debug] POST   /api/v1/auth/login        --> github.com/helix-seller/helix-seller/internal/handler.(*AuthHandler).Login-fm (2 handlers)
Aug 18 20:40:20 nezha helix-server[1600217]: [GIN-debug] POST   /api/v1/auth/refresh      --> github.com/helix-seller/helix-seller/internal/handler.(*AuthHandler).Refresh-fm (2 handlers)
Aug 18 20:40:20 nezha helix-server[1600217]: [GIN-debug] POST   /api/v1/auth/logout       --> github.com/helix-seller/helix-seller/internal/handler.(*AuthHandler).Logout-fm (2 handlers)
Aug 18 20:40:20 nezha helix-server[1600217]: [GIN-debug] POST   /api/v1/auth/mfa/setup    --> github.com/helix-seller/helix-seller/internal/handler.(*AuthHandler).SetupMFA-fm (2 handlers)
Aug 18 20:40:20 nezha helix-server[1600217]: [GIN-debug] POST   /api/v1/auth/mfa/verify   --> github.com/helix-seller/helix-seller/internal/handler.(*AuthHandler).VerifyMFA-fm (2 handlers)
Aug 18 20:40:20 nezha helix-server[1600217]: [GIN-debug] GET    /api/v1/users/me          --> github.com/helix-seller/helix-seller/internal/handler.(*UserHandler).GetUser-fm (6 handlers)
Aug 18 20:40:20 nezha helix-server[1600217]: [GIN-debug] PUT    /api/v1/users/me          --> github.com/helix-seller/helix-seller/internal/handler.(*UserHandler).UpdateUser-fm (6 handlers)
Aug 18 20:40:20 nezha helix-server[1600217]: [GIN-debug] POST   /api/v1/api-keys          --> github.com/helix-seller/helix-seller/internal/handler.(*ApiKeyHandler).CreateApiKey-fm (6 handlers)
Aug 18 20:40:20 nezha helix-server[1600217]: [GIN-debug] GET    /api/v1/api-keys          --> github.com/helix-seller/helix-seller/internal/handler.(*ApiKeyHandler).ListApiKeys-fm (6 handlers)
Aug 18 20:40:20 nezha helix-server[1600217]: [GIN-debug] DELETE /api/v1/api-keys/:keyId   --> github.com/helix-seller/helix-seller/internal/handler.(*ApiKeyHandler).RevokeApiKey-fm (6 handlers)
Aug 18 20:40:20 nezha helix-server[1600217]: [GIN-debug] GET    /api/v1/merchants         --> github.com/helix-seller/helix-seller/internal/handler.(*MerchantHandler).ListMerchants-fm (6 handlers)
Aug 18 20:40:20 nezha helix-server[1600217]: [GIN-debug] POST   /api/v1/merchants         --> github.com/helix-seller/helix-seller/internal/handler.(*MerchantHandler).CreateMerchant-fm (6 handlers)
Aug 18 20:40:20 nezha helix-server[1600217]: [GIN-debug] GET    /api/v1/merchants/:merchantId --> github.com/helix-seller/helix-seller/internal/handler.(*MerchantHandler).GetMerchant-fm (6 handlers)
Aug 18 20:40:20 nezha helix-server[1600217]: [GIN-debug] PUT    /api/v1/merchants/:merchantId --> github.com/helix-seller/helix-seller/internal/handler.(*MerchantHandler).UpdateMerchant-fm (6 handlers)
Aug 18 20:40:20 nezha helix-server[1600217]: [GIN-debug] GET    /api/v1/merchants/:merchantId/customers --> github.com/helix-seller/helix-seller/internal/handler.(*CustomerHandler).ListCustomers-fm (6 handlers)
Aug 18 20:40:20 nezha helix-server[1600217]: [GIN-debug] POST   /api/v1/merchants/:merchantId/customers --> github.com/helix-seller/helix-seller/internal/handler.(*CustomerHandler).CreateCustomer-fm (6 handlers)
Aug 18 20:40:20 nezha helix-server[1600217]: [GIN-debug] GET    /api/v1/merchants/:merchantId/customers/:customerId --> github.com/helix-seller/helix-seller/internal/handler.(*CustomerHandler).GetCustomer-fm (6 handlers)
Aug 18 20:40:20 nezha helix-server[1600217]: [GIN-debug] PUT    /api/v1/merchants/:merchantId/customers/:customerId --> github.com/helix-seller/helix-seller/internal/handler.(*CustomerHandler).UpdateCustomer-fm (6 handlers)
Aug 18 20:40:20 nezha helix-server[1600217]: [GIN-debug] GET    /api/v1/merchants/:merchantId/transactions --> github.com/helix-seller/helix-seller/internal/handler.(*PaymentHandler).ListTransactions-fm (6 handlers)
Aug 18 20:40:20 nezha helix-server[1600217]: [GIN-debug] POST   /api/v1/merchants/:merchantId/transactions --> github.com/helix-seller/helix-seller/internal/handler.(*PaymentHandler).ProcessPayment-fm (6 handlers)
Aug 18 20:40:20 nezha helix-server[1600217]: [GIN-debug] GET    /api/v1/merchants/:merchantId/transactions/:transactionId --> github.com/helix-seller/helix-seller/internal/handler.(*PaymentHandler).GetTransaction-fm (6 handlers)
Aug 18 20:40:20 nezha helix-server[1600217]: [GIN-debug] POST   /api/v1/merchants/:merchantId/refunds --> github.com/helix-seller/helix-seller/internal/handler.(*PaymentHandler).CreateRefund-fm (6 handlers)
Aug 18 20:40:20 nezha helix-server[1600217]: [GIN-debug] GET    /api/v1/merchants/:merchantId/subscriptions --> github.com/helix-seller/helix-seller/internal/handler.(*SubscriptionHandler).ListSubscriptions-fm (6 handlers)
Aug 18 20:40:20 nezha helix-server[1600217]: [GIN-debug] POST   /api/v1/merchants/:merchantId/subscriptions --> github.com/helix-seller/helix-seller/internal/handler.(*SubscriptionHandler).CreateSubscription-fm (6 handlers)
Aug 18 20:40:20 nezha helix-server[1600217]: [GIN-debug] GET    /api/v1/merchants/:merchantId/subscriptions/:subscriptionId --> github.com/helix-seller/helix-seller/internal/handler.(*SubscriptionHandler).GetSubscription-fm (6 handlers)
Aug 18 20:40:20 nezha helix-server[1600217]: [GIN-debug] PATCH  /api/v1/merchants/:merchantId/subscriptions/:subscriptionId --> github.com/helix-seller/helix-seller/internal/handler.(*SubscriptionHandler).UpdateSubscription-fm (6 handlers)
Aug 18 20:40:20 nezha helix-server[1600217]: [GIN-debug] DELETE /api/v1/merchants/:merchantId/subscriptions/:subscriptionId --> github.com/helix-seller/helix-seller/internal/handler.(*SubscriptionHandler).CancelSubscription-fm (6 handlers)
Aug 18 20:40:20 nezha helix-server[1600217]: [GIN-debug] GET    /api/v1/merchants/:merchantId/invoices --> github.com/helix-seller/helix-seller/internal/handler.(*InvoiceHandler).ListInvoices-fm (6 handlers)
Aug 18 20:40:20 nezha helix-server[1600217]: [GIN-debug] POST   /api/v1/merchants/:merchantId/invoices --> github.com/helix-seller/helix-seller/internal/handler.(*InvoiceHandler).CreateInvoice-fm (6 handlers)
Aug 18 20:40:20 nezha helix-server[1600217]: [GIN-debug] GET    /api/v1/merchants/:merchantId/invoices/:invoiceId --> github.com/helix-seller/helix-seller/internal/handler.(*InvoiceHandler).GetInvoice-fm (6 handlers)
Aug 18 20:40:20 nezha helix-server[1600217]: [GIN-debug] GET    /api/v1/merchants/:merchantId/payouts --> github.com/helix-seller/helix-seller/internal/handler.(*PayoutHandler).ListPayouts-fm (6 handlers)
Aug 18 20:40:20 nezha helix-server[1600217]: [GIN-debug] GET    /api/v1/merchants/:merchantId/payouts/:payoutId --> github.com/helix-seller/helix-seller/internal/handler.(*PayoutHandler).GetPayout-fm (6 handlers)
Aug 18 20:40:20 nezha helix-server[1600217]: [GIN-debug] POST   /api/v1/merchants/:merchantId/payouts --> github.com/helix-seller/helix-seller/internal/handler.(*PayoutHandler).CreatePayout-fm (6 handlers)
Aug 18 20:40:20 nezha helix-server[1600217]: [GIN-debug] GET    /api/v1/merchants/:merchantId/disputes --> github.com/helix-seller/helix-seller/internal/handler.(*DisputeHandler).ListDisputes-fm (6 handlers)
Aug 18 20:40:20 nezha helix-server[1600217]: [GIN-debug] GET    /api/v1/merchants/:merchantId/disputes/:disputeId --> github.com/helix-seller/helix-seller/internal/handler.(*DisputeHandler).GetDispute-fm (6 handlers)
Aug 18 20:40:20 nezha helix-server[1600217]: [GIN-debug] POST   /api/v1/merchants/:merchantId/disputes --> github.com/helix-seller/helix-seller/internal/handler.(*DisputeHandler).CreateDispute-fm (6 handlers)
Aug 18 20:40:20 nezha helix-server[1600217]: [GIN-debug] POST   /api/v1/merchants/:merchantId/disputes/:disputeId/evidence --> github.com/helix-seller/helix-seller/internal/handler.(*DisputeHandler).AddEvidence-fm (6 handlers)
Aug 18 20:40:20 nezha helix-server[1600217]: [GIN-debug] GET    /api/v1/merchants/:merchantId/payment-methods --> github.com/helix-seller/helix-seller/internal/handler.(*PaymentMethodHandler).ListPaymentMethods-fm (6 handlers)
Aug 18 20:40:20 nezha helix-server[1600217]: [GIN-debug] POST   /api/v1/merchants/:merchantId/payment-methods --> github.com/helix-seller/helix-seller/internal/handler.(*PaymentMethodHandler).CreatePaymentMethod-fm (6 handlers)
Aug 18 20:40:20 nezha helix-server[1600217]: [GIN-debug] GET    /api/v1/merchants/:merchantId/payment-methods/:paymentMethodId --> github.com/helix-seller/helix-seller/internal/handler.(*PaymentMethodHandler).GetPaymentMethod-fm (6 handlers)
Aug 18 20:40:20 nezha helix-server[1600217]: [GIN-debug] DELETE /api/v1/merchants/:merchantId/payment-methods/:paymentMethodId --> github.com/helix-seller/helix-seller/internal/handler.(*PaymentMethodHandler).DeletePaymentMethod-fm (6 handlers)
Aug 18 20:40:20 nezha helix-server[1600217]: [GIN-debug] GET    /api/v1/merchants/:merchantId/webhooks --> github.com/helix-seller/helix-seller/internal/handler.(*WebhookHandler).ListWebhooks-fm (6 handlers)
Aug 18 20:40:20 nezha helix-server[1600217]: [GIN-debug] POST   /api/v1/merchants/:merchantId/webhooks --> github.com/helix-seller/helix-seller/internal/handler.(*WebhookHandler).CreateWebhook-fm (6 handlers)
Aug 18 20:40:20 nezha helix-server[1600217]: [GIN-debug] GET    /api/v1/merchants/:merchantId/webhooks/:webhookId --> github.com/helix-seller/helix-seller/internal/handler.(*WebhookHandler).GetWebhook-fm (6 handlers)
Aug 18 20:40:20 nezha helix-server[1600217]: [GIN-debug] PUT    /api/v1/merchants/:merchantId/webhooks/:webhookId --> github.com/helix-seller/helix-seller/internal/handler.(*WebhookHandler).UpdateWebhook-fm (6 handlers)
Aug 18 20:40:20 nezha helix-server[1600217]: [GIN-debug] DELETE /api/v1/merchants/:merchantId/webhooks/:webhookId --> github.com/helix-seller/helix-seller/internal/handler.(*WebhookHandler).DeleteWebhook-fm (6 handlers)
Aug 18 20:40:20 nezha helix-server[1600217]: [GIN-debug] GET    /api/v1/merchants/:merchantId/webhooks/deliveries --> github.com/helix-seller/helix-seller/internal/handler.(*WebhookDeliveryHandler).ListDeliveries-fm (6 handlers)
Aug 18 20:40:20 nezha helix-server[1600217]: [GIN-debug] GET    /api/v1/merchants/:merchantId/webhooks/deliveries/:deliveryId --> github.com/helix-seller/helix-seller/internal/handler.(*WebhookDeliveryHandler).GetDelivery-fm (6 handlers)
Aug 18 20:40:20 nezha helix-server[1600217]: [GIN-debug] GET    /api/v1/merchants/:merchantId/providers --> github.com/helix-seller/helix-seller/internal/handler.(*ProviderHandler).ListProviders-fm (6 handlers)
Aug 18 20:40:20 nezha helix-server[1600217]: [GIN-debug] POST   /api/v1/merchants/:merchantId/providers --> github.com/helix-seller/helix-seller/internal/handler.(*ProviderHandler).CreateProvider-fm (6 handlers)
Aug 18 20:40:20 nezha helix-server[1600217]: [GIN-debug] GET    /api/v1/merchants/:merchantId/providers/:providerId --> github.com/helix-seller/helix-seller/internal/handler.(*ProviderHandler).GetProvider-fm (6 handlers)
Aug 18 20:40:20 nezha helix-server[1600217]: [GIN-debug] PUT    /api/v1/merchants/:merchantId/providers/:providerId --> github.com/helix-seller/helix-seller/internal/handler.(*ProviderHandler).UpdateProvider-fm (6 handlers)
Aug 18 20:40:20 nezha helix-server[1600217]: [GIN-debug] DELETE /api/v1/merchants/:merchantId/providers/:providerId --> github.com/helix-seller/helix-seller/internal/handler.(*ProviderHandler).DeleteProvider-fm (6 handlers)
Aug 18 20:40:20 nezha helix-server[1600217]: [GIN-debug] GET    /api/v1/merchants/:merchantId/exchange-rates --> github.com/helix-seller/helix-seller/internal/handler.(*ExchangeRateHandler).GetExchangeRate-fm (6 handlers)
Aug 18 20:40:20 nezha helix-server[1600217]: [GIN-debug] GET    /api/v1/merchants/:merchantId/analytics/summary --> github.com/helix-seller/helix-seller/internal/handler.(*AnalyticsHandler).GetSummary-fm (6 handlers)
Aug 18 20:40:20 nezha helix-server[1600217]: [GIN-debug] GET    /api/v1/merchants/:merchantId/analytics/transactions --> github.com/helix-seller/helix-seller/internal/handler.(*AnalyticsHandler).GetTransactionAnalytics-fm (6 handlers)
Aug 18 20:40:20 nezha helix-server[1600217]: [GIN-debug] GET    /api/v1/merchants/:merchantId/analytics/export --> github.com/helix-seller/helix-seller/internal/handler.(*AnalyticsHandler).ExportTransactions-fm (6 handlers)
Aug 18 20:40:20 nezha helix-server[1600217]: [GIN-debug] GET    /api/v1/merchants/:merchantId/audit-logs --> github.com/helix-seller/helix-seller/internal/handler.(*AuditHandler).ListAuditLogs-fm (6 handlers)
Aug 18 20:40:20 nezha helix-server[1600217]: [GIN-debug] GET    /api/v1/merchants/:merchantId/products --> github.com/helix-seller/helix-seller/internal/handler.(*ProductHandler).ListProducts-fm (6 handlers)
Aug 18 20:40:20 nezha helix-server[1600217]: [GIN-debug] POST   /api/v1/merchants/:merchantId/products --> github.com/helix-seller/helix-seller/internal/handler.(*ProductHandler).CreateProduct-fm (6 handlers)
Aug 18 20:40:20 nezha helix-server[1600217]: [GIN-debug] GET    /api/v1/merchants/:merchantId/products/:productId --> github.com/helix-seller/helix-seller/internal/handler.(*ProductHandler).GetProduct-fm (6 handlers)
Aug 18 20:40:20 nezha helix-server[1600217]: [GIN-debug] PUT    /api/v1/merchants/:merchantId/products/:productId --> github.com/helix-seller/helix-seller/internal/handler.(*ProductHandler).UpdateProduct-fm (6 handlers)
Aug 18 20:40:20 nezha helix-server[1600217]: [GIN-debug] DELETE /api/v1/merchants/:merchantId/products/:productId --> github.com/helix-seller/helix-seller/internal/handler.(*ProductHandler).DeleteProduct-fm (6 handlers)
Aug 18 20:40:20 nezha helix-server[1600217]: [GIN-debug] GET    /api/v1/merchants/:merchantId/billing/fees --> github.com/helix-seller/helix-seller/internal/handler.(*BillingHandler).GetFees-fm (6 handlers)
Aug 18 20:40:20 nezha helix-server[1600217]: [GIN-debug] GET    /api/v1/merchants/:merchantId/billing/invoices --> github.com/helix-seller/helix-seller/internal/handler.(*BillingHandler).GetBillingInvoices-fm (6 handlers)
Aug 18 20:40:20 nezha helix-server[1600217]: [GIN-debug] POST   /api/v1/webhooks/stripe   --> github.com/helix-seller/helix-seller/internal/handler.(*WebhookIngressHandler).HandleStripe-fm (2 handlers)
Aug 18 20:40:20 nezha helix-server[1600217]: [GIN-debug] POST   /api/v1/webhooks/paypal   --> github.com/helix-seller/helix-seller/internal/handler.(*WebhookIngressHandler).HandlePayPal-fm (2 handlers)
Aug 18 20:40:20 nezha helix-server[1600217]: [GIN-debug] POST   /api/v1/webhooks/square   --> github.com/helix-seller/helix-seller/internal/handler.(*WebhookIngressHandler).HandleSquare-fm (2 handlers)
Aug 18 20:40:20 nezha helix-server[1600217]: {"level":"info","time":"2026-08-18T20:40:20.193+0200","caller":"service/background.go:44","msg":"registered background task handler","type":"payout"}
Aug 18 20:40:20 nezha helix-server[1600217]: {"level":"info","time":"2026-08-18T20:40:20.193+0200","caller":"service/background.go:44","msg":"registered background task handler","type":"reconciliation"}
Aug 18 20:40:20 nezha helix-server[1600217]: {"level":"info","time":"2026-08-18T20:40:20.193+0200","caller":"service/background.go:44","msg":"registered background task handler","type":"invoice"}
Aug 18 20:40:20 nezha helix-server[1600217]: {"level":"info","time":"2026-08-18T20:40:20.193+0200","caller":"service/background.go:44","msg":"registered background task handler","type":"webhook_delivery"}
Aug 18 20:40:20 nezha helix-server[1600217]: {"level":"info","time":"2026-08-18T20:40:20.193+0200","caller":"service/background.go:68","msg":"starting background worker","worker_id":0}
Aug 18 20:40:20 nezha helix-server[1600217]: {"level":"info","time":"2026-08-18T20:40:20.193+0200","caller":"service/background.go:68","msg":"starting background worker","worker_id":2}
Aug 18 20:40:20 nezha helix-server[1600217]: {"level":"info","time":"2026-08-18T20:40:20.193+0200","caller":"service/background.go:68","msg":"starting background worker","worker_id":3}
Aug 18 20:40:20 nezha helix-server[1600217]: {"level":"info","time":"2026-08-18T20:40:20.193+0200","caller":"server/main.go:194","msg":"Starting server","addr":"0.0.0.0:8080"}
Aug 18 20:40:20 nezha helix-server[1600217]: {"level":"info","time":"2026-08-18T20:40:20.193+0200","caller":"service/background.go:68","msg":"starting background worker","worker_id":1}
Aug 18 20:40:20 nezha helix-server[1600217]: {"level":"fatal","time":"2026-08-18T20:40:20.193+0200","caller":"server/main.go:196","msg":"Failed to start server","error":"listen tcp 0.0.0.0:8080: bind: address already in use","stacktrace":"main.main.func1\n\t/run/media/milosvasic/DATA4TB/Projects/helix_seller/cmd/server/main.go:196"}
Aug 18 20:40:20 nezha systemd[1533]: helix-server.service: Main process exited, code=exited, status=1/FAILURE
Aug 18 20:40:20 nezha systemd[1533]: helix-server.service: Failed with result 'exit-code'.
Aug 18 20:40:20 nezha helix-postgres[3312]: 2026-08-18 18:40:20.195 UTC [50572] LOG:  unexpected EOF on client connection with an open transaction
Aug 18 20:40:20 nezha helix-postgres[3312]: 2026-08-18 18:40:20.195 UTC [50573] LOG:  unexpected EOF on client connection with an open transaction
Aug 18 20:40:20 nezha helix-postgres[3312]: 2026-08-18 18:40:20.195 UTC [50569] LOG:  unexpected EOF on client connection with an open transaction
Aug 18 20:40:20 nezha helix-postgres[3312]: 2026-08-18 18:40:20.195 UTC [50568] LOG:  unexpected EOF on client connection with an open transaction
Aug 18 20:40:20 nezha conmon[1600249]: conmon fa90e7dd0a7c08e59390 <nwarn>: Failed to open cgroups file: /sys/fs/cgroup/memory.events
Aug 18 20:40:20 nezha podman[1600216]: 2026-08-18 20:40:20.219453312 +0200 CEST m=+0.035477119 container health_status fa90e7dd0a7c08e593909ded934c5b210be21a6a47b6d73a2b96a62bdf7cef1a (image=docker.io/library/postgres:16-alpine, name=lava-postgres, pod_id=b43d8850a2e9c36854e1b6678070583b571f88ec9db827a125cbf9ee0482309b, health_status=healthy, health_failing_streak=0, health_log=, com.docker.compose.project=lava, PODMAN_SYSTEMD_UNIT=podman-compose@lava.service, com.docker.compose.container-number=1, com.docker.compose.project.working_dir=/run/media/milosvasic/DATA4TB/Projects/lava, com.docker.compose.project.config_files=/run/media/milosvasic/DATA4TB/Projects/lava/docker-compose.yml, io.podman.compose.config-hash=fbdb9531a4f5740b7028f0665d15a8785683cd6691fe08ef724023cf278e58a4, io.podman.compose.service=lava-postgres, com.docker.compose.service=lava-postgres, io.podman.compose.project=lava, io.podman.compose.version=1.5.0)
Aug 18 20:40:25 nezha systemd[1533]: helix-server.service: Scheduled restart job, restart counter is at 6579.
Aug 18 20:40:25 nezha systemd[1533]: Started helix-server.service - Helix Seller Go Server.
Aug 18 20:40:25 nezha helix-server[1600293]: 2026/08/18 20:40:25 No .env file found
Aug 18 20:40:25 nezha helix-server[1600293]: [GIN-debug] [WARNING] Running in "debug" mode. Switch to "release" mode in production.
Aug 18 20:40:25 nezha helix-server[1600293]:  - using env:        export GIN_MODE=release
Aug 18 20:40:25 nezha helix-server[1600293]:  - using code:        gin.SetMode(gin.ReleaseMode)
Aug 18 20:40:25 nezha helix-server[1600293]: [GIN-debug] GET    /health                   --> github.com/helix-seller/helix-seller/internal/handler.(*HealthHandler).Health-fm (2 handlers)
Aug 18 20:40:25 nezha helix-server[1600293]: [GIN-debug] GET    /health/ready             --> github.com/helix-seller/helix-seller/internal/handler.(*HealthHandler).Readiness-fm (2 handlers)
Aug 18 20:40:25 nezha helix-server[1600293]: [GIN-debug] GET    /health/live              --> github.com/helix-seller/helix-seller/internal/handler.(*HealthHandler).Liveness-fm (2 handlers)
Aug 18 20:40:25 nezha helix-server[1600293]: [GIN-debug] GET    /metrics                  --> github.com/helix-seller/helix-seller/internal/handler.NewRouter.MetricsHandler.func1 (2 handlers)
Aug 18 20:40:25 nezha helix-server[1600293]: [GIN-debug] GET    /ws                       --> github.com/helix-seller/helix-seller/internal/websocket.(*WSHandler).HandleWebSocket-fm (2 handlers)
Aug 18 20:40:25 nezha helix-server[1600293]: [GIN-debug] POST   /api/v1/auth/register     --> github.com/helix-seller/helix-seller/internal/handler.(*AuthHandler).Register-fm (2 handlers)
Aug 18 20:40:25 nezha helix-server[1600293]: [GIN-debug] POST   /api/v1/auth/login        --> github.com/helix-seller/helix-seller/internal/handler.(*AuthHandler).Login-fm (2 handlers)
Aug 18 20:40:25 nezha helix-server[1600293]: [GIN-debug] POST   /api/v1/auth/refresh      --> github.com/helix-seller/helix-seller/internal/handler.(*AuthHandler).Refresh-fm (2 handlers)
Aug 18 20:40:25 nezha helix-server[1600293]: [GIN-debug] POST   /api/v1/auth/logout       --> github.com/helix-seller/helix-seller/internal/handler.(*AuthHandler).Logout-fm (2 handlers)
Aug 18 20:40:25 nezha helix-server[1600293]: [GIN-debug] POST   /api/v1/auth/mfa/setup    --> github.com/helix-seller/helix-seller/internal/handler.(*AuthHandler).SetupMFA-fm (2 handlers)
Aug 18 20:40:25 nezha helix-server[1600293]: [GIN-debug] POST   /api/v1/auth/mfa/verify   --> github.com/helix-seller/helix-seller/internal/handler.(*AuthHandler).VerifyMFA-fm (2 handlers)
Aug 18 20:40:25 nezha helix-server[1600293]: [GIN-debug] GET    /api/v1/users/me          --> github.com/helix-seller/helix-seller/internal/handler.(*UserHandler).GetUser-fm (6 handlers)
Aug 18 20:40:25 nezha helix-server[1600293]: [GIN-debug] PUT    /api/v1/users/me          --> github.com/helix-seller/helix-seller/internal/handler.(*UserHandler).UpdateUser-fm (6 handlers)
Aug 18 20:40:25 nezha helix-server[1600293]: [GIN-debug] POST   /api/v1/api-keys          --> github.com/helix-seller/helix-seller/internal/handler.(*ApiKeyHandler).CreateApiKey-fm (6 handlers)
Aug 18 20:40:25 nezha helix-server[1600293]: [GIN-debug] GET    /api/v1/api-keys          --> github.com/helix-seller/helix-seller/internal/handler.(*ApiKeyHandler).ListApiKeys-fm (6 handlers)
Aug 18 20:40:25 nezha helix-server[1600293]: [GIN-debug] DELETE /api/v1/api-keys/:keyId   --> github.com/helix-seller/helix-seller/internal/handler.(*ApiKeyHandler).RevokeApiKey-fm (6 handlers)
Aug 18 20:40:25 nezha helix-server[1600293]: [GIN-debug] GET    /api/v1/merchants         --> github.com/helix-seller/helix-seller/internal/handler.(*MerchantHandler).ListMerchants-fm (6 handlers)
Aug 18 20:40:25 nezha helix-server[1600293]: [GIN-debug] POST   /api/v1/merchants         --> github.com/helix-seller/helix-seller/internal/handler.(*MerchantHandler).CreateMerchant-fm (6 handlers)
Aug 18 20:40:25 nezha helix-server[1600293]: [GIN-debug] GET    /api/v1/merchants/:merchantId --> github.com/helix-seller/helix-seller/internal/handler.(*MerchantHandler).GetMerchant-fm (6 handlers)
Aug 18 20:40:25 nezha helix-server[1600293]: [GIN-debug] PUT    /api/v1/merchants/:merchantId --> github.com/helix-seller/helix-seller/internal/handler.(*MerchantHandler).UpdateMerchant-fm (6 handlers)
Aug 18 20:40:25 nezha helix-server[1600293]: [GIN-debug] GET    /api/v1/merchants/:merchantId/customers --> github.com/helix-seller/helix-seller/internal/handler.(*CustomerHandler).ListCustomers-fm (6 handlers)
Aug 18 20:40:25 nezha helix-server[1600293]: [GIN-debug] POST   /api/v1/merchants/:merchantId/customers --> github.com/helix-seller/helix-seller/internal/handler.(*CustomerHandler).CreateCustomer-fm (6 handlers)
Aug 18 20:40:25 nezha helix-server[1600293]: [GIN-debug] GET    /api/v1/merchants/:merchantId/customers/:customerId --> github.com/helix-seller/helix-seller/internal/handler.(*CustomerHandler).GetCustomer-fm (6 handlers)
Aug 18 20:40:25 nezha helix-server[1600293]: [GIN-debug] PUT    /api/v1/merchants/:merchantId/customers/:customerId --> github.com/helix-seller/helix-seller/internal/handler.(*CustomerHandler).UpdateCustomer-fm (6 handlers)
Aug 18 20:40:25 nezha helix-server[1600293]: [GIN-debug] GET    /api/v1/merchants/:merchantId/transactions --> github.com/helix-seller/helix-seller/internal/handler.(*PaymentHandler).ListTransactions-fm (6 handlers)
Aug 18 20:40:25 nezha helix-server[1600293]: [GIN-debug] POST   /api/v1/merchants/:merchantId/transactions --> github.com/helix-seller/helix-seller/internal/handler.(*PaymentHandler).ProcessPayment-fm (6 handlers)
Aug 18 20:40:25 nezha helix-server[1600293]: [GIN-debug] GET    /api/v1/merchants/:merchantId/transactions/:transactionId --> github.com/helix-seller/helix-seller/internal/handler.(*PaymentHandler).GetTransaction-fm (6 handlers)
Aug 18 20:40:25 nezha helix-server[1600293]: [GIN-debug] POST   /api/v1/merchants/:merchantId/refunds --> github.com/helix-seller/helix-seller/internal/handler.(*PaymentHandler).CreateRefund-fm (6 handlers)
Aug 18 20:40:25 nezha helix-server[1600293]: [GIN-debug] GET    /api/v1/merchants/:merchantId/subscriptions --> github.com/helix-seller/helix-seller/internal/handler.(*SubscriptionHandler).ListSubscriptions-fm (6 handlers)
Aug 18 20:40:25 nezha helix-server[1600293]: [GIN-debug] POST   /api/v1/merchants/:merchantId/subscriptions --> github.com/helix-seller/helix-seller/internal/handler.(*SubscriptionHandler).CreateSubscription-fm (6 handlers)
Aug 18 20:40:25 nezha helix-server[1600293]: [GIN-debug] GET    /api/v1/merchants/:merchantId/subscriptions/:subscriptionId --> github.com/helix-seller/helix-seller/internal/handler.(*SubscriptionHandler).GetSubscription-fm (6 handlers)
Aug 18 20:40:25 nezha helix-server[1600293]: [GIN-debug] PATCH  /api/v1/merchants/:merchantId/subscriptions/:subscriptionId --> github.com/helix-seller/helix-seller/internal/handler.(*SubscriptionHandler).UpdateSubscription-fm (6 handlers)
Aug 18 20:40:25 nezha helix-server[1600293]: [GIN-debug] DELETE /api/v1/merchants/:merchantId/subscriptions/:subscriptionId --> github.com/helix-seller/helix-seller/internal/handler.(*SubscriptionHandler).CancelSubscription-fm (6 handlers)
Aug 18 20:40:25 nezha helix-server[1600293]: [GIN-debug] GET    /api/v1/merchants/:merchantId/invoices --> github.com/helix-seller/helix-seller/internal/handler.(*InvoiceHandler).ListInvoices-fm (6 handlers)
Aug 18 20:40:25 nezha helix-server[1600293]: [GIN-debug] POST   /api/v1/merchants/:merchantId/invoices --> github.com/helix-seller/helix-seller/internal/handler.(*InvoiceHandler).CreateInvoice-fm (6 handlers)
Aug 18 20:40:25 nezha helix-server[1600293]: [GIN-debug] GET    /api/v1/merchants/:merchantId/invoices/:invoiceId --> github.com/helix-seller/helix-seller/internal/handler.(*InvoiceHandler).GetInvoice-fm (6 handlers)
Aug 18 20:40:25 nezha helix-server[1600293]: [GIN-debug] GET    /api/v1/merchants/:merchantId/payouts --> github.com/helix-seller/helix-seller/internal/handler.(*PayoutHandler).ListPayouts-fm (6 handlers)
Aug 18 20:40:25 nezha helix-server[1600293]: [GIN-debug] GET    /api/v1/merchants/:merchantId/payouts/:payoutId --> github.com/helix-seller/helix-seller/internal/handler.(*PayoutHandler).GetPayout-fm (6 handlers)
Aug 18 20:40:25 nezha helix-server[1600293]: [GIN-debug] POST   /api/v1/merchants/:merchantId/payouts --> github.com/helix-seller/helix-seller/internal/handler.(*PayoutHandler).CreatePayout-fm (6 handlers)
Aug 18 20:40:25 nezha helix-server[1600293]: [GIN-debug] GET    /api/v1/merchants/:merchantId/disputes --> github.com/helix-seller/helix-seller/internal/handler.(*DisputeHandler).ListDisputes-fm (6 handlers)
Aug 18 20:40:25 nezha helix-server[1600293]: [GIN-debug] GET    /api/v1/merchants/:merchantId/disputes/:disputeId --> github.com/helix-seller/helix-seller/internal/handler.(*DisputeHandler).GetDispute-fm (6 handlers)
Aug 18 20:40:25 nezha helix-server[1600293]: [GIN-debug] POST   /api/v1/merchants/:merchantId/disputes --> github.com/helix-seller/helix-seller/internal/handler.(*DisputeHandler).CreateDispute-fm (6 handlers)
Aug 18 20:40:25 nezha helix-server[1600293]: [GIN-debug] POST   /api/v1/merchants/:merchantId/disputes/:disputeId/evidence --> github.com/helix-seller/helix-seller/internal/handler.(*DisputeHandler).AddEvidence-fm (6 handlers)
Aug 18 20:40:25 nezha helix-server[1600293]: [GIN-debug] GET    /api/v1/merchants/:merchantId/payment-methods --> github.com/helix-seller/helix-seller/internal/handler.(*PaymentMethodHandler).ListPaymentMethods-fm (6 handlers)
Aug 18 20:40:25 nezha helix-server[1600293]: [GIN-debug] POST   /api/v1/merchants/:merchantId/payment-methods --> github.com/helix-seller/helix-seller/internal/handler.(*PaymentMethodHandler).CreatePaymentMethod-fm (6 handlers)
